{
  "version": "1.0",
  "schema_ref": "https://darwin-public.s3.eu-west-1.amazonaws.com/darwin_json/metadata/1.0/schema.json",
  "classes": [
    {
      "name": "sitting",
      "type": "bounding_box",
      "description": null,
      "color": "rgba(82,255,0,1.0)",
      "sub_types": [
        "inference"
      ],
      "properties": [],
      "sub_types_settings": {
        "inference": {}
      }
    },
    {
      "name": "standing",
      "type": "bounding_box",
      "description": null,
      "color": "rgba(255,199,0,1.0)",
      "sub_types": [
        "inference"
      ],
      "properties": [],
      "sub_types_settings": {
        "inference": {}
      }
    },
    {
      "name": "walking_running",
      "type": "bounding_box",
      "description": null,
      "color": "rgba(0,102,255,1.0)",
      "sub_types": [
        "inference"
      ],
      "properties": [],
      "sub_types_settings": {
        "inference": {}
      }
    }
  ],
  "properties": []
}