{
  "version": "2.0",
  "schema_ref": "https://darwin-public.s3.eu-west-1.amazonaws.com/darwin_json/2.0/schema.json",
  "item": {
    "name": "000000050811_sitting.jpg",
    "path": "/",
    "source_info": {
      "item_id": "0195ee46-09ad-5095-96e8-2cc295ad428c",
      "dataset": {
        "name": "DMDL-ASS1",
        "slug": "dmdl-ass1",
        "dataset_management_url": "https://darwin.v7labs.com/datasets/1669395/dataset-management"
      },
      "team": {
        "name": "Smart Agriculture ",
        "slug": "smart-agriculture"
      },
      "workview_url": "https://darwin.v7labs.com/workview?dataset=1669395&item=0195ee46-09ad-5095-96e8-2cc295ad428c"
    },
    "slots": [
      {
        "type": "image",
        "slot_name": "0",
        "width": 640,
        "height": 605,
        "thumbnail_url": "https://darwin.v7labs.com/api/v2/teams/smart-agriculture/files/8c4d09ef-94af-4ecf-87ea-350e076f6e11/thumbnail",
        "source_files": [
          {
            "file_name": "000000050811_sitting.jpg",
            "url": "https://darwin.v7labs.com/api/v2/teams/smart-agriculture/uploads/331c6db1-415f-4768-949c-6d806ac0df63"
          }
        ]
      }
    ]
  },
  "annotations": [
    {
      "bounding_box": {
        "h": 441.0754,
        "w": 422.486,
        "x": 69.0433,
        "y": 64.2179
      },
      "id": "e9dfcc32-aea6-4610-9c19-2c553f3a9b1a",
      "name": "sitting",
      "properties": [],
      "slot_names": [
        "0"
      ]
    }
  ],
  "properties": []
}