{
  "version": "2.0",
  "schema_ref": "https://darwin-public.s3.eu-west-1.amazonaws.com/darwin_json/2.0/schema.json",
  "item": {
    "name": "000000297353_standing.jpg",
    "path": "/",
    "source_info": {
      "item_id": "0195ee46-09ba-f9d6-9109-5baf2071c372",
      "dataset": {
        "name": "DMDL-ASS1",
        "slug": "dmdl-ass1",
        "dataset_management_url": "https://darwin.v7labs.com/datasets/1669395/dataset-management"
      },
      "team": {
        "name": "Smart Agriculture ",
        "slug": "smart-agriculture"
      },
      "workview_url": "https://darwin.v7labs.com/workview?dataset=1669395&item=0195ee46-09ba-f9d6-9109-5baf2071c372"
    },
    "slots": [
      {
        "type": "image",
        "slot_name": "0",
        "width": 640,
        "height": 640,
        "thumbnail_url": "https://darwin.v7labs.com/api/v2/teams/smart-agriculture/files/c2cc207e-8cc4-400b-a383-5341c55eaa33/thumbnail",
        "source_files": [
          {
            "file_name": "000000297353_standing.jpg",
            "url": "https://darwin.v7labs.com/api/v2/teams/smart-agriculture/uploads/8459f6c7-47a2-4a76-8fe0-e7b0a6a161ba"
          }
        ]
      }
    ]
  },
  "annotations": [
    {
      "bounding_box": {
        "h": 440.6704,
        "w": 262.7933,
        "x": 198.4358,
        "y": 58.1006
      },
      "id": "d0172960-7275-4318-ac4d-d8633641e2fb",
      "name": "standing",
      "properties": [],
      "slot_names": [
        "0"
      ]
    }
  ],
  "properties": []
}