{
  "version": "2.0",
  "schema_ref": "https://darwin-public.s3.eu-west-1.amazonaws.com/darwin_json/2.0/schema.json",
  "item": {
    "name": "000000476415_standing.jpg",
    "path": "/",
    "source_info": {
      "item_id": "0195ee46-09c3-2585-5c9e-e6f9d0920bb0",
      "dataset": {
        "name": "DMDL-ASS1",
        "slug": "dmdl-ass1",
        "dataset_management_url": "https://darwin.v7labs.com/datasets/1669395/dataset-management"
      },
      "team": {
        "name": "Smart Agriculture ",
        "slug": "smart-agriculture"
      },
      "workview_url": "https://darwin.v7labs.com/workview?dataset=1669395&item=0195ee46-09c3-2585-5c9e-e6f9d0920bb0"
    },
    "slots": [
      {
        "type": "image",
        "slot_name": "0",
        "width": 426,
        "height": 640,
        "thumbnail_url": "https://darwin.v7labs.com/api/v2/teams/smart-agriculture/files/9ea87607-9a4d-4aa3-afd8-9eee7f4fd976/thumbnail",
        "source_files": [
          {
            "file_name": "000000476415_standing.jpg",
            "url": "https://darwin.v7labs.com/api/v2/teams/smart-agriculture/uploads/e2aa15c7-cd32-4986-834f-e187906466f4"
          }
        ]
      }
    ]
  },
  "annotations": [
    {
      "bounding_box": {
        "h": 622.1229,
        "w": 361.1173,
        "x": 64.6201,
        "y": 4.4693
      },
      "id": "849af633-f70e-43c3-b5cd-0cac3e32783a",
      "name": "standing",
      "properties": [],
      "slot_names": [
        "0"
      ]
    }
  ],
  "properties": []
}