{
  "version": "2.0",
  "schema_ref": "https://darwin-public.s3.eu-west-1.amazonaws.com/darwin_json/2.0/schema.json",
  "item": {
    "name": "000000464476_walking_running.jpg",
    "path": "/",
    "source_info": {
      "item_id": "0195ee46-09c2-6531-8ed6-cd4b5f128cea",
      "dataset": {
        "name": "DMDL-ASS1",
        "slug": "dmdl-ass1",
        "dataset_management_url": "https://darwin.v7labs.com/datasets/1669395/dataset-management"
      },
      "team": {
        "name": "Smart Agriculture ",
        "slug": "smart-agriculture"
      },
      "workview_url": "https://darwin.v7labs.com/workview?dataset=1669395&item=0195ee46-09c2-6531-8ed6-cd4b5f128cea"
    },
    "slots": [
      {
        "type": "image",
        "slot_name": "0",
        "width": 500,
        "height": 375,
        "thumbnail_url": "https://darwin.v7labs.com/api/v2/teams/smart-agriculture/files/39547bc4-e8cb-4311-8b18-66396cabb6fd/thumbnail",
        "source_files": [
          {
            "file_name": "000000464476_walking_running.jpg",
            "url": "https://darwin.v7labs.com/api/v2/teams/smart-agriculture/uploads/3063e4e3-8569-417c-8fda-8f21da56718d"
          }
        ]
      }
    ]
  },
  "annotations": [
    {
      "bounding_box": {
        "h": 191.6899,
        "w": 67.0391,
        "x": 54.1201,
        "y": 59.7067
      },
      "id": "a8aed579-5a29-4fcc-91f6-c7ae3fa1451d",
      "name": "walking_running",
      "properties": [],
      "slot_names": [
        "0"
      ]
    }
  ],
  "properties": []
}