{
  "version": "2.0",
  "schema_ref": "https://darwin-public.s3.eu-west-1.amazonaws.com/darwin_json/2.0/schema.json",
  "item": {
    "name": "000000389532_standing.jpg",
    "path": "/",
    "source_info": {
      "item_id": "0195ee46-09bd-bb2b-24cc-757e405a7c00",
      "dataset": {
        "name": "DMDL-ASS1",
        "slug": "dmdl-ass1",
        "dataset_management_url": "https://darwin.v7labs.com/datasets/1669395/dataset-management"
      },
      "team": {
        "name": "Smart Agriculture ",
        "slug": "smart-agriculture"
      },
      "workview_url": "https://darwin.v7labs.com/workview?dataset=1669395&item=0195ee46-09bd-bb2b-24cc-757e405a7c00"
    },
    "slots": [
      {
        "type": "image",
        "slot_name": "0",
        "width": 640,
        "height": 421,
        "thumbnail_url": "https://darwin.v7labs.com/api/v2/teams/smart-agriculture/files/eeb23187-0738-4abe-a5a6-0f206cbff94f/thumbnail",
        "source_files": [
          {
            "file_name": "000000389532_standing.jpg",
            "url": "https://darwin.v7labs.com/api/v2/teams/smart-agriculture/uploads/d1a88994-bf62-4e8b-817c-23e3eff3870e"
          }
        ]
      }
    ]
  },
  "annotations": [
    {
      "bounding_box": {
        "h": 178.1606,
        "w": 68.7947,
        "x": 459.9413,
        "y": 137.0014
      },
      "id": "ecf8d05e-067f-472d-9e9f-71eb44e8103f",
      "name": "standing",
      "properties": [],
      "slot_names": [
        "0"
      ]
    }
  ],
  "properties": []
}