{
  "version": "2.0",
  "schema_ref": "https://darwin-public.s3.eu-west-1.amazonaws.com/darwin_json/2.0/schema.json",
  "item": {
    "name": "000000399764_walking_running.jpg",
    "path": "/",
    "source_info": {
      "item_id": "0195ee46-09be-436b-c834-7772a3b936cf",
      "dataset": {
        "name": "DMDL-ASS1",
        "slug": "dmdl-ass1",
        "dataset_management_url": "https://darwin.v7labs.com/datasets/1669395/dataset-management"
      },
      "team": {
        "name": "Smart Agriculture ",
        "slug": "smart-agriculture"
      },
      "workview_url": "https://darwin.v7labs.com/workview?dataset=1669395&item=0195ee46-09be-436b-c834-7772a3b936cf"
    },
    "slots": [
      {
        "type": "image",
        "slot_name": "0",
        "width": 427,
        "height": 640,
        "thumbnail_url": "https://darwin.v7labs.com/api/v2/teams/smart-agriculture/files/b4edcb79-732e-4051-a6b3-ec4e08561ed3/thumbnail",
        "source_files": [
          {
            "file_name": "000000399764_walking_running.jpg",
            "url": "https://darwin.v7labs.com/api/v2/teams/smart-agriculture/uploads/a4ee9d3b-a191-4379-a454-0aa3c73342e5"
          }
        ]
      }
    ]
  },
  "annotations": [
    {
      "bounding_box": {
        "h": 633.743,
        "w": 264.581,
        "x": 140.2039,
        "y": 4.4693
      },
      "id": "18fffca6-5198-438e-b66c-122ebd04e05c",
      "name": "walking_running",
      "properties": [],
      "slot_names": [
        "0"
      ]
    }
  ],
  "properties": []
}