{
  "version": "2.0",
  "schema_ref": "https://darwin-public.s3.eu-west-1.amazonaws.com/darwin_json/2.0/schema.json",
  "item": {
    "name": "000000032901_standing.jpg",
    "path": "/",
    "source_info": {
      "item_id": "0195ee46-09ad-33fe-cfcd-5ccbb4cb9ce7",
      "dataset": {
        "name": "DMDL-ASS1",
        "slug": "dmdl-ass1",
        "dataset_management_url": "https://darwin.v7labs.com/datasets/1669395/dataset-management"
      },
      "team": {
        "name": "Smart Agriculture ",
        "slug": "smart-agriculture"
      },
      "workview_url": "https://darwin.v7labs.com/workview?dataset=1669395&item=0195ee46-09ad-33fe-cfcd-5ccbb4cb9ce7"
    },
    "slots": [
      {
        "type": "image",
        "slot_name": "0",
        "width": 640,
        "height": 546,
        "thumbnail_url": "https://darwin.v7labs.com/api/v2/teams/smart-agriculture/files/0380d616-728a-47db-90ce-5b043a2ac84d/thumbnail",
        "source_files": [
          {
            "file_name": "000000032901_standing.jpg",
            "url": "https://darwin.v7labs.com/api/v2/teams/smart-agriculture/uploads/9baa232f-9e83-4a9b-9503-45e2a70f8e97"
          }
        ]
      }
    ]
  },
  "annotations": [
    {
      "bounding_box": {
        "h": 450.6788,
        "w": 184.5419,
        "x": 20.3101,
        "y": 89.9832
      },
      "id": "f621e057-4ec8-467a-bc61-0e49b31dc206",
      "name": "standing",
      "properties": [],
      "slot_names": [
        "0"
      ]
    },
    {
      "bounding_box": {
        "h": 411.7877,
        "w": 131.9246,
        "x": 192.6508,
        "y": 113.6229
      },
      "id": "643e0661-578f-4ef6-b1fc-b1c134166ac0",
      "name": "standing",
      "properties": [],
      "slot_names": [
        "0"
      ]
    },
    {
      "bounding_box": {
        "h": 443.0531,
        "w": 115.9106,
        "x": 315.4246,
        "y": 95.3212
      },
      "id": "3d19a585-671c-4461-8dae-4da70c89d3bd",
      "name": "standing",
      "properties": [],
      "slot_names": [
        "0"
      ]
    },
    {
      "bounding_box": {
        "h": 417.8883,
        "w": 171.5782,
        "x": 422.1844,
        "y": 89.2207
      },
      "id": "2559328a-f8a8-48b9-8a85-228d01059947",
      "name": "standing",
      "properties": [],
      "slot_names": [
        "0"
      ]
    }
  ],
  "properties": []
}