{
  "version": "2.0",
  "schema_ref": "https://darwin-public.s3.eu-west-1.amazonaws.com/darwin_json/2.0/schema.json",
  "item": {
    "name": "000000449909_sitting.jpg",
    "path": "/",
    "source_info": {
      "item_id": "0195ee46-09c1-7a86-1574-baf6131765b0",
      "dataset": {
        "name": "DMDL-ASS1",
        "slug": "dmdl-ass1",
        "dataset_management_url": "https://darwin.v7labs.com/datasets/1669395/dataset-management"
      },
      "team": {
        "name": "Smart Agriculture ",
        "slug": "smart-agriculture"
      },
      "workview_url": "https://darwin.v7labs.com/workview?dataset=1669395&item=0195ee46-09c1-7a86-1574-baf6131765b0"
    },
    "slots": [
      {
        "type": "image",
        "slot_name": "0",
        "width": 640,
        "height": 427,
        "thumbnail_url": "https://darwin.v7labs.com/api/v2/teams/smart-agriculture/files/9f3ab005-a08e-46f6-94b3-307077e8564c/thumbnail",
        "source_files": [
          {
            "file_name": "000000449909_sitting.jpg",
            "url": "https://darwin.v7labs.com/api/v2/teams/smart-agriculture/uploads/2b6c6d88-472e-4fef-889a-9839afde1c04"
          }
        ]
      }
    ]
  },
  "annotations": [
    {
      "bounding_box": {
        "h": 233.1802,
        "w": 276.7151,
        "x": 57.0014,
        "y": 174.736
      },
      "id": "2db6b1ad-9fa9-4db4-9b32-91d896b703e0",
      "name": "sitting",
      "properties": [],
      "slot_names": [
        "0"
      ]
    }
  ],
  "properties": []
}