{
  "version": "2.0",
  "schema_ref": "https://darwin-public.s3.eu-west-1.amazonaws.com/darwin_json/2.0/schema.json",
  "item": {
    "name": "000000119088_walking_running.jpg",
    "path": "/",
    "source_info": {
      "item_id": "0195ee46-09b0-592b-583f-9e0bddb83bfd",
      "dataset": {
        "name": "DMDL-ASS1",
        "slug": "dmdl-ass1",
        "dataset_management_url": "https://darwin.v7labs.com/datasets/1669395/dataset-management"
      },
      "team": {
        "name": "Smart Agriculture ",
        "slug": "smart-agriculture"
      },
      "workview_url": "https://darwin.v7labs.com/workview?dataset=1669395&item=0195ee46-09b0-592b-583f-9e0bddb83bfd"
    },
    "slots": [
      {
        "type": "image",
        "slot_name": "0",
        "width": 500,
        "height": 375,
        "thumbnail_url": "https://darwin.v7labs.com/api/v2/teams/smart-agriculture/files/f515c229-30f5-4c37-b103-262045b47f97/thumbnail",
        "source_files": [
          {
            "file_name": "000000119088_walking_running.jpg",
            "url": "https://darwin.v7labs.com/api/v2/teams/smart-agriculture/uploads/4ef6c405-b6d0-43d0-bf53-f749adc5c3e2"
          }
        ]
      }
    ]
  },
  "annotations": [
    {
      "bounding_box": {
        "h": 113.1285,
        "w": 102.1299,
        "x": 228.5265,
        "y": 174.9302
      },
      "id": "516fdb65-d600-4ac3-aae1-a2b6868ce37a",
      "name": "walking_running",
      "properties": [],
      "slot_names": [
        "0"
      ]
    }
  ],
  "properties": []
}