{
  "version": "2.0",
  "schema_ref": "https://darwin-public.s3.eu-west-1.amazonaws.com/darwin_json/2.0/schema.json",
  "item": {
    "name": "000000571718_standing.jpg",
    "path": "/",
    "source_info": {
      "item_id": "0195ee46-09c7-a368-4dda-7abad8923833",
      "dataset": {
        "name": "DMDL-ASS1",
        "slug": "dmdl-ass1",
        "dataset_management_url": "https://darwin.v7labs.com/datasets/1669395/dataset-management"
      },
      "team": {
        "name": "Smart Agriculture ",
        "slug": "smart-agriculture"
      },
      "workview_url": "https://darwin.v7labs.com/workview?dataset=1669395&item=0195ee46-09c7-a368-4dda-7abad8923833"
    },
    "slots": [
      {
        "type": "image",
        "slot_name": "0",
        "width": 640,
        "height": 427,
        "thumbnail_url": "https://darwin.v7labs.com/api/v2/teams/smart-agriculture/files/ad11f565-4703-4648-9358-fe6828122e25/thumbnail",
        "source_files": [
          {
            "file_name": "000000571718_standing.jpg",
            "url": "https://darwin.v7labs.com/api/v2/teams/smart-agriculture/uploads/f2629125-a1f8-4dd4-a68b-7809cc1bcc7e"
          }
        ]
      }
    ]
  },
  "annotations": [
    {
      "bounding_box": {
        "h": 418.6508,
        "w": 186.6634,
        "x": 423.7682,
        "y": 5.3673
      },
      "id": "1914c886-08c0-44f7-a7d9-449672c6b6f9",
      "name": "standing",
      "properties": [],
      "slot_names": [
        "0"
      ]
    }
  ],
  "properties": []
}