{
  "version": "2.0",
  "schema_ref": "https://darwin-public.s3.eu-west-1.amazonaws.com/darwin_json/2.0/schema.json",
  "item": {
    "name": "000000371529_standing.jpg",
    "path": "/",
    "source_info": {
      "item_id": "0195ee46-09bd-42ed-574f-2b0e1c93f0f3",
      "dataset": {
        "name": "DMDL-ASS1",
        "slug": "dmdl-ass1",
        "dataset_management_url": "https://darwin.v7labs.com/datasets/1669395/dataset-management"
      },
      "team": {
        "name": "Smart Agriculture ",
        "slug": "smart-agriculture"
      },
      "workview_url": "https://darwin.v7labs.com/workview?dataset=1669395&item=0195ee46-09bd-42ed-574f-2b0e1c93f0f3"
    },
    "slots": [
      {
        "type": "image",
        "slot_name": "0",
        "width": 512,
        "height": 640,
        "thumbnail_url": "https://darwin.v7labs.com/api/v2/teams/smart-agriculture/files/e96fafe0-7d6b-48c3-b67d-e2cfc7a90d03/thumbnail",
        "source_files": [
          {
            "file_name": "000000371529_standing.jpg",
            "url": "https://darwin.v7labs.com/api/v2/teams/smart-agriculture/uploads/fbb9b686-e028-403a-af9a-1d7ce987e105"
          }
        ]
      }
    ]
  },
  "annotations": [
    {
      "bounding_box": {
        "h": 541.676,
        "w": 219.8883,
        "x": 37.0056,
        "y": 50.0559
      },
      "id": "878f8135-9c7f-4055-850c-1f0ac4325b7c",
      "name": "standing",
      "properties": [],
      "slot_names": [
        "0"
      ]
    }
  ],
  "properties": []
}