{
  "version": "2.0",
  "schema_ref": "https://darwin-public.s3.eu-west-1.amazonaws.com/darwin_json/2.0/schema.json",
  "item": {
    "name": "000000281929_standing.jpg",
    "path": "/",
    "source_info": {
      "item_id": "0195ee46-09b9-1439-fd85-a55ffe94fa2c",
      "dataset": {
        "name": "DMDL-ASS1",
        "slug": "dmdl-ass1",
        "dataset_management_url": "https://darwin.v7labs.com/datasets/1669395/dataset-management"
      },
      "team": {
        "name": "Smart Agriculture ",
        "slug": "smart-agriculture"
      },
      "workview_url": "https://darwin.v7labs.com/workview?dataset=1669395&item=0195ee46-09b9-1439-fd85-a55ffe94fa2c"
    },
    "slots": [
      {
        "type": "image",
        "slot_name": "0",
        "width": 640,
        "height": 504,
        "thumbnail_url": "https://darwin.v7labs.com/api/v2/teams/smart-agriculture/files/e0cf021a-a3fa-42da-a12b-59a48b9780d5/thumbnail",
        "source_files": [
          {
            "file_name": "000000281929_standing.jpg",
            "url": "https://darwin.v7labs.com/api/v2/teams/smart-agriculture/uploads/43ba584e-1f95-4b20-b961-4688704d5ba3"
          }
        ]
      }
    ]
  },
  "annotations": [
    {
      "bounding_box": {
        "h": 416.0112,
        "w": 161.1955,
        "x": 277.0615,
        "y": 58.4246
      },
      "id": "c37c4985-1a46-40b5-8d40-6947d5e601ef",
      "name": "standing",
      "properties": [],
      "slot_names": [
        "0"
      ]
    }
  ],
  "properties": []
}