{
  "version": "2.0",
  "schema_ref": "https://darwin-public.s3.eu-west-1.amazonaws.com/darwin_json/2.0/schema.json",
  "item": {
    "name": "000000060347_sitting.jpg",
    "path": "/",
    "source_info": {
      "item_id": "0195ee46-09ae-c125-c475-adbf5c976e32",
      "dataset": {
        "name": "DMDL-ASS1",
        "slug": "dmdl-ass1",
        "dataset_management_url": "https://darwin.v7labs.com/datasets/1669395/dataset-management"
      },
      "team": {
        "name": "Smart Agriculture ",
        "slug": "smart-agriculture"
      },
      "workview_url": "https://darwin.v7labs.com/workview?dataset=1669395&item=0195ee46-09ae-c125-c475-adbf5c976e32"
    },
    "slots": [
      {
        "type": "image",
        "slot_name": "0",
        "width": 480,
        "height": 640,
        "thumbnail_url": "https://darwin.v7labs.com/api/v2/teams/smart-agriculture/files/dce5fd8b-d503-4572-bec0-a742270d8ce9/thumbnail",
        "source_files": [
          {
            "file_name": "000000060347_sitting.jpg",
            "url": "https://darwin.v7labs.com/api/v2/teams/smart-agriculture/uploads/b0a5afd3-b69a-4adf-a98c-0ea2a527a301"
          }
        ]
      }
    ]
  },
  "annotations": [
    {
      "bounding_box": {
        "h": 381.676,
        "w": 235.0838,
        "x": 139.8883,
        "y": 226.1453
      },
      "id": "61da10d5-dcee-45da-9cfc-7e86ff1a2d56",
      "name": "sitting",
      "properties": [],
      "slot_names": [
        "0"
      ]
    }
  ],
  "properties": []
}