{
  "version": "2.0",
  "schema_ref": "https://darwin-public.s3.eu-west-1.amazonaws.com/darwin_json/2.0/schema.json",
  "item": {
    "name": "000000216296_walking_running.jpg",
    "path": "/",
    "source_info": {
      "item_id": "0195ee46-09b5-a690-49c5-2103b349c258",
      "dataset": {
        "name": "DMDL-ASS1",
        "slug": "dmdl-ass1",
        "dataset_management_url": "https://darwin.v7labs.com/datasets/1669395/dataset-management"
      },
      "team": {
        "name": "Smart Agriculture ",
        "slug": "smart-agriculture"
      },
      "workview_url": "https://darwin.v7labs.com/workview?dataset=1669395&item=0195ee46-09b5-a690-49c5-2103b349c258"
    },
    "slots": [
      {
        "type": "image",
        "slot_name": "0",
        "width": 640,
        "height": 427,
        "thumbnail_url": "https://darwin.v7labs.com/api/v2/teams/smart-agriculture/files/4aca7015-4f8b-4fde-8430-ad520cefef1f/thumbnail",
        "source_files": [
          {
            "file_name": "000000216296_walking_running.jpg",
            "url": "https://darwin.v7labs.com/api/v2/teams/smart-agriculture/uploads/775ca609-1b1b-4d17-bb44-e20d5d4d8f47"
          }
        ]
      }
    ]
  },
  "annotations": [
    {
      "bounding_box": {
        "h": 288.0461,
        "w": 177.7179,
        "x": 207.8827,
        "y": 115.6955
      },
      "id": "03fc18e2-af45-4cf2-9340-6445d4f0031d",
      "name": "walking_running",
      "properties": [],
      "slot_names": [
        "0"
      ]
    }
  ],
  "properties": []
}