{
  "version": "2.0",
  "schema_ref": "https://darwin-public.s3.eu-west-1.amazonaws.com/darwin_json/2.0/schema.json",
  "item": {
    "name": "000000164602_standing.jpg",
    "path": "/",
    "source_info": {
      "item_id": "0195ee46-09b2-533c-9f81-3b043fe4208d",
      "dataset": {
        "name": "DMDL-ASS1",
        "slug": "dmdl-ass1",
        "dataset_management_url": "https://darwin.v7labs.com/datasets/1669395/dataset-management"
      },
      "team": {
        "name": "Smart Agriculture ",
        "slug": "smart-agriculture"
      },
      "workview_url": "https://darwin.v7labs.com/workview?dataset=1669395&item=0195ee46-09b2-533c-9f81-3b043fe4208d"
    },
    "slots": [
      {
        "type": "image",
        "slot_name": "0",
        "width": 640,
        "height": 480,
        "thumbnail_url": "https://darwin.v7labs.com/api/v2/teams/smart-agriculture/files/4b2d51f0-f2ec-440e-b3d2-cbe4062ec78a/thumbnail",
        "source_files": [
          {
            "file_name": "000000164602_standing.jpg",
            "url": "https://darwin.v7labs.com/api/v2/teams/smart-agriculture/uploads/e54f9841-eabd-43e4-8182-e46bae519951"
          }
        ]
      }
    ]
  },
  "annotations": [
    {
      "bounding_box": {
        "h": 412.2905,
        "w": 441.7877,
        "x": 50.5028,
        "y": 62.3464
      },
      "id": "ae0f55df-a6c8-45c4-8a17-feb75dcd0265",
      "name": "standing",
      "properties": [],
      "slot_names": [
        "0"
      ]
    }
  ],
  "properties": []
}