{
  "version": "2.0",
  "schema_ref": "https://darwin-public.s3.eu-west-1.amazonaws.com/darwin_json/2.0/schema.json",
  "item": {
    "name": "000000461751_sitting.jpg",
    "path": "/",
    "source_info": {
      "item_id": "0195ee46-09c2-762f-1b1a-02e9d14c2e73",
      "dataset": {
        "name": "DMDL-ASS1",
        "slug": "dmdl-ass1",
        "dataset_management_url": "https://darwin.v7labs.com/datasets/1669395/dataset-management"
      },
      "team": {
        "name": "Smart Agriculture ",
        "slug": "smart-agriculture"
      },
      "workview_url": "https://darwin.v7labs.com/workview?dataset=1669395&item=0195ee46-09c2-762f-1b1a-02e9d14c2e73"
    },
    "slots": [
      {
        "type": "image",
        "slot_name": "0",
        "width": 640,
        "height": 569,
        "thumbnail_url": "https://darwin.v7labs.com/api/v2/teams/smart-agriculture/files/034ff821-9e7d-4eab-b1d6-f578a579f85a/thumbnail",
        "source_files": [
          {
            "file_name": "000000461751_sitting.jpg",
            "url": "https://darwin.v7labs.com/api/v2/teams/smart-agriculture/uploads/d905c2a4-a153-4dce-894b-e6440db651e1"
          }
        ]
      }
    ]
  },
  "annotations": [
    {
      "bounding_box": {
        "h": 308.3408,
        "w": 330.5922,
        "x": 14.838,
        "y": 127.9455
      },
      "id": "693633e3-2c2d-43bc-9b46-16f4f18a6dcc",
      "name": "sitting",
      "properties": [],
      "slot_names": [
        "0"
      ]
    }
  ],
  "properties": []
}