{
  "version": "2.0",
  "schema_ref": "https://darwin-public.s3.eu-west-1.amazonaws.com/darwin_json/2.0/schema.json",
  "item": {
    "name": "000000341469_standing.jpg",
    "path": "/",
    "source_info": {
      "item_id": "0195ee46-09bb-abe4-3b1f-62abc8c3961f",
      "dataset": {
        "name": "DMDL-ASS1",
        "slug": "dmdl-ass1",
        "dataset_management_url": "https://darwin.v7labs.com/datasets/1669395/dataset-management"
      },
      "team": {
        "name": "Smart Agriculture ",
        "slug": "smart-agriculture"
      },
      "workview_url": "https://darwin.v7labs.com/workview?dataset=1669395&item=0195ee46-09bb-abe4-3b1f-62abc8c3961f"
    },
    "slots": [
      {
        "type": "image",
        "slot_name": "0",
        "width": 457,
        "height": 640,
        "thumbnail_url": "https://darwin.v7labs.com/api/v2/teams/smart-agriculture/files/ae183b2b-897c-4ab4-9c90-4bb8dc2e9ad4/thumbnail",
        "source_files": [
          {
            "file_name": "000000341469_standing.jpg",
            "url": "https://darwin.v7labs.com/api/v2/teams/smart-agriculture/uploads/ebb053bb-5177-4d9e-8cc4-6c071980438f"
          }
        ]
      }
    ]
  },
  "annotations": [
    {
      "bounding_box": {
        "h": 631.0615,
        "w": 181.4525,
        "x": 216.8799,
        "y": 4.4693
      },
      "id": "8c1cfbf5-338a-4b3a-845f-9d2bab2a6668",
      "name": "standing",
      "properties": [],
      "slot_names": [
        "0"
      ]
    }
  ],
  "properties": []
}