{
  "version": "2.0",
  "schema_ref": "https://darwin-public.s3.eu-west-1.amazonaws.com/darwin_json/2.0/schema.json",
  "item": {
    "name": "000000386912_sitting.jpg",
    "path": "/",
    "source_info": {
      "item_id": "0195ee46-09bd-13f3-7cf9-6d069f755be6",
      "dataset": {
        "name": "DMDL-ASS1",
        "slug": "dmdl-ass1",
        "dataset_management_url": "https://darwin.v7labs.com/datasets/1669395/dataset-management"
      },
      "team": {
        "name": "Smart Agriculture ",
        "slug": "smart-agriculture"
      },
      "workview_url": "https://darwin.v7labs.com/workview?dataset=1669395&item=0195ee46-09bd-13f3-7cf9-6d069f755be6"
    },
    "slots": [
      {
        "type": "image",
        "slot_name": "0",
        "width": 640,
        "height": 480,
        "thumbnail_url": "https://darwin.v7labs.com/api/v2/teams/smart-agriculture/files/e5f0f094-00f5-4926-ac0c-cab37763bcf0/thumbnail",
        "source_files": [
          {
            "file_name": "000000386912_sitting.jpg",
            "url": "https://darwin.v7labs.com/api/v2/teams/smart-agriculture/uploads/ab8c5125-1cc0-43e0-b016-8c24e7899e78"
          }
        ]
      }
    ]
  },
  "annotations": [
    {
      "bounding_box": {
        "h": 274.8603,
        "w": 195.7542,
        "x": 232.8492,
        "y": 142.1229
      },
      "id": "be082e3a-5ef2-48d4-80a4-980e4490001f",
      "name": "sitting",
      "properties": [],
      "slot_names": [
        "0"
      ]
    }
  ],
  "properties": []
}