{
  "version": "2.0",
  "schema_ref": "https://darwin-public.s3.eu-west-1.amazonaws.com/darwin_json/2.0/schema.json",
  "item": {
    "name": "000000047819_standing.jpg",
    "path": "/",
    "source_info": {
      "item_id": "0195ee46-09ad-7d7c-e832-09116d2e05ec",
      "dataset": {
        "name": "DMDL-ASS1",
        "slug": "dmdl-ass1",
        "dataset_management_url": "https://darwin.v7labs.com/datasets/1669395/dataset-management"
      },
      "team": {
        "name": "Smart Agriculture ",
        "slug": "smart-agriculture"
      },
      "workview_url": "https://darwin.v7labs.com/workview?dataset=1669395&item=0195ee46-09ad-7d7c-e832-09116d2e05ec"
    },
    "slots": [
      {
        "type": "image",
        "slot_name": "0",
        "width": 500,
        "height": 375,
        "thumbnail_url": "https://darwin.v7labs.com/api/v2/teams/smart-agriculture/files/b520edad-0a62-42ae-bc3d-b17ef4afb34f/thumbnail",
        "source_files": [
          {
            "file_name": "000000047819_standing.jpg",
            "url": "https://darwin.v7labs.com/api/v2/teams/smart-agriculture/uploads/67fa6be0-91d9-4aca-8b68-680c7589d6c7"
          }
        ]
      }
    ]
  },
  "annotations": [
    {
      "bounding_box": {
        "h": 221.5433,
        "w": 79.0852,
        "x": 34.2179,
        "y": 82.2277
      },
      "id": "37cc2dca-2472-43fc-9e63-37a9dc848569",
      "name": "standing",
      "properties": [],
      "slot_names": [
        "0"
      ]
    }
  ],
  "properties": []
}