{
  "version": "2.0",
  "schema_ref": "https://darwin-public.s3.eu-west-1.amazonaws.com/darwin_json/2.0/schema.json",
  "item": {
    "name": "000000018491_walking_running.jpg",
    "path": "/",
    "source_info": {
      "item_id": "0195ee46-09ac-9197-643c-57d32bea19e8",
      "dataset": {
        "name": "DMDL-ASS1",
        "slug": "dmdl-ass1",
        "dataset_management_url": "https://darwin.v7labs.com/datasets/1669395/dataset-management"
      },
      "team": {
        "name": "Smart Agriculture ",
        "slug": "smart-agriculture"
      },
      "workview_url": "https://darwin.v7labs.com/workview?dataset=1669395&item=0195ee46-09ac-9197-643c-57d32bea19e8"
    },
    "slots": [
      {
        "type": "image",
        "slot_name": "0",
        "width": 640,
        "height": 427,
        "thumbnail_url": "https://darwin.v7labs.com/api/v2/teams/smart-agriculture/files/95fb67fa-c571-44bf-a8d6-76a47d983ef1/thumbnail",
        "source_files": [
          {
            "file_name": "000000018491_walking_running.jpg",
            "url": "https://darwin.v7labs.com/api/v2/teams/smart-agriculture/uploads/af29a323-6b07-47a0-a0af-17228168c03f"
          }
        ]
      }
    ]
  },
  "annotations": [
    {
      "bounding_box": {
        "h": 130.6047,
        "w": 182.4888,
        "x": 246.0503,
        "y": 180.6997
      },
      "id": "15d3b8ee-dc4c-4f25-a500-9ae86ac4f79b",
      "name": "walking_running",
      "properties": [],
      "slot_names": [
        "0"
      ]
    }
  ],
  "properties": []
}