{
  "version": "2.0",
  "schema_ref": "https://darwin-public.s3.eu-west-1.amazonaws.com/darwin_json/2.0/schema.json",
  "item": {
    "name": "000000144333_sitting.jpg",
    "path": "/",
    "source_info": {
      "item_id": "0195ee46-09b1-1924-61ef-4435678b1c7e",
      "dataset": {
        "name": "DMDL-ASS1",
        "slug": "dmdl-ass1",
        "dataset_management_url": "https://darwin.v7labs.com/datasets/1669395/dataset-management"
      },
      "team": {
        "name": "Smart Agriculture ",
        "slug": "smart-agriculture"
      },
      "workview_url": "https://darwin.v7labs.com/workview?dataset=1669395&item=0195ee46-09b1-1924-61ef-4435678b1c7e"
    },
    "slots": [
      {
        "type": "image",
        "slot_name": "0",
        "width": 426,
        "height": 640,
        "thumbnail_url": "https://darwin.v7labs.com/api/v2/teams/smart-agriculture/files/8901c556-fc04-44ab-8775-51f99ee1006d/thumbnail",
        "source_files": [
          {
            "file_name": "000000144333_sitting.jpg",
            "url": "https://darwin.v7labs.com/api/v2/teams/smart-agriculture/uploads/829b149f-0725-4d52-b519-44ccd45e44b8"
          }
        ]
      }
    ]
  },
  "annotations": [
    {
      "bounding_box": {
        "h": 347.7095,
        "w": 156.4246,
        "x": 112.8883,
        "y": 119.7765
      },
      "id": "d10c9eb4-71a6-4e36-9131-ff1a5108eb0d",
      "name": "sitting",
      "properties": [],
      "slot_names": [
        "0"
      ]
    }
  ],
  "properties": []
}