{
  "version": "2.0",
  "schema_ref": "https://darwin-public.s3.eu-west-1.amazonaws.com/darwin_json/2.0/schema.json",
  "item": {
    "name": "000000441247_standing.jpg",
    "path": "/",
    "source_info": {
      "item_id": "0195ee46-09c0-685a-35d9-fe1e1529401f",
      "dataset": {
        "name": "DMDL-ASS1",
        "slug": "dmdl-ass1",
        "dataset_management_url": "https://darwin.v7labs.com/datasets/1669395/dataset-management"
      },
      "team": {
        "name": "Smart Agriculture ",
        "slug": "smart-agriculture"
      },
      "workview_url": "https://darwin.v7labs.com/workview?dataset=1669395&item=0195ee46-09c0-685a-35d9-fe1e1529401f"
    },
    "slots": [
      {
        "type": "image",
        "slot_name": "0",
        "width": 640,
        "height": 424,
        "thumbnail_url": "https://darwin.v7labs.com/api/v2/teams/smart-agriculture/files/6bd211d9-d7c0-487f-9269-38b5b3eb7e4d/thumbnail",
        "source_files": [
          {
            "file_name": "000000441247_standing.jpg",
            "url": "https://darwin.v7labs.com/api/v2/teams/smart-agriculture/uploads/d183d603-a030-4553-9812-f35ecb112695"
          }
        ]
      }
    ]
  },
  "annotations": [
    {
      "bounding_box": {
        "h": 160.4804,
        "w": 68.6927,
        "x": 245.3855,
        "y": 162.257
      },
      "id": "44f67263-c10b-4686-b964-d677de31aa78",
      "name": "standing",
      "properties": [],
      "slot_names": [
        "0"
      ]
    },
    {
      "bounding_box": {
        "h": 91.1955,
        "w": 56.8492,
        "x": 331.2514,
        "y": 182.9832
      },
      "id": "d6eea879-c05c-4cf1-bb68-769cd661f120",
      "name": "standing",
      "properties": [],
      "slot_names": [
        "0"
      ]
    }
  ],
  "properties": []
}