{
  "version": "2.0",
  "schema_ref": "https://darwin-public.s3.eu-west-1.amazonaws.com/darwin_json/2.0/schema.json",
  "item": {
    "name": "000000504415_walking_running.jpg",
    "path": "/",
    "source_info": {
      "item_id": "0195ee46-09c4-bf44-e27e-76855ec70f5e",
      "dataset": {
        "name": "DMDL-ASS1",
        "slug": "dmdl-ass1",
        "dataset_management_url": "https://darwin.v7labs.com/datasets/1669395/dataset-management"
      },
      "team": {
        "name": "Smart Agriculture ",
        "slug": "smart-agriculture"
      },
      "workview_url": "https://darwin.v7labs.com/workview?dataset=1669395&item=0195ee46-09c4-bf44-e27e-76855ec70f5e"
    },
    "slots": [
      {
        "type": "image",
        "slot_name": "0",
        "width": 640,
        "height": 427,
        "thumbnail_url": "https://darwin.v7labs.com/api/v2/teams/smart-agriculture/files/9ae8d1ec-52c3-4a42-b9e7-75f58c065da7/thumbnail",
        "source_files": [
          {
            "file_name": "000000504415_walking_running.jpg",
            "url": "https://darwin.v7labs.com/api/v2/teams/smart-agriculture/uploads/d3e0c1b9-2a75-4e7f-9e20-9674bd9d6c6a"
          }
        ]
      }
    ]
  },
  "annotations": [
    {
      "bounding_box": {
        "h": 157.4413,
        "w": 63.2151,
        "x": 341.4693,
        "y": 155.6522
      },
      "id": "fa476397-80a5-44dc-97f3-9d5c9814f965",
      "name": "walking_running",
      "properties": [],
      "slot_names": [
        "0"
      ]
    }
  ],
  "properties": []
}