{
  "version": "2.0",
  "schema_ref": "https://darwin-public.s3.eu-west-1.amazonaws.com/darwin_json/2.0/schema.json",
  "item": {
    "name": "000000396518_sitting.jpg",
    "path": "/",
    "source_info": {
      "item_id": "0195ee46-09be-867d-dc7e-98931b0531bf",
      "dataset": {
        "name": "DMDL-ASS1",
        "slug": "dmdl-ass1",
        "dataset_management_url": "https://darwin.v7labs.com/datasets/1669395/dataset-management"
      },
      "team": {
        "name": "Smart Agriculture ",
        "slug": "smart-agriculture"
      },
      "workview_url": "https://darwin.v7labs.com/workview?dataset=1669395&item=0195ee46-09be-867d-dc7e-98931b0531bf"
    },
    "slots": [
      {
        "type": "image",
        "slot_name": "0",
        "width": 500,
        "height": 375,
        "thumbnail_url": "https://darwin.v7labs.com/api/v2/teams/smart-agriculture/files/7408b1ab-805e-4a8c-bfda-f95ff0b51011/thumbnail",
        "source_files": [
          {
            "file_name": "000000396518_sitting.jpg",
            "url": "https://darwin.v7labs.com/api/v2/teams/smart-agriculture/uploads/ce9f700e-1168-4009-85e9-8ca876f8c4e5"
          }
        ]
      }
    ]
  },
  "annotations": [
    {
      "bounding_box": {
        "h": 197.4511,
        "w": 127.2696,
        "x": 319.6578,
        "y": 91.655
      },
      "id": "98a89ca9-1514-4718-840f-786d8031c0d3",
      "name": "sitting",
      "properties": [],
      "slot_names": [
        "0"
      ]
    }
  ],
  "properties": []
}