{
  "version": "2.0",
  "schema_ref": "https://darwin-public.s3.eu-west-1.amazonaws.com/darwin_json/2.0/schema.json",
  "item": {
    "name": "000000522889_walking_running.jpg",
    "path": "/",
    "source_info": {
      "item_id": "0195ee46-09c5-84c4-fb9a-b3fd15ad04b1",
      "dataset": {
        "name": "DMDL-ASS1",
        "slug": "dmdl-ass1",
        "dataset_management_url": "https://darwin.v7labs.com/datasets/1669395/dataset-management"
      },
      "team": {
        "name": "Smart Agriculture ",
        "slug": "smart-agriculture"
      },
      "workview_url": "https://darwin.v7labs.com/workview?dataset=1669395&item=0195ee46-09c5-84c4-fb9a-b3fd15ad04b1"
    },
    "slots": [
      {
        "type": "image",
        "slot_name": "0",
        "width": 424,
        "height": 640,
        "thumbnail_url": "https://darwin.v7labs.com/api/v2/teams/smart-agriculture/files/ca74ca1e-f75c-4bed-8cc8-5122bc157d2a/thumbnail",
        "source_files": [
          {
            "file_name": "000000522889_walking_running.jpg",
            "url": "https://darwin.v7labs.com/api/v2/teams/smart-agriculture/uploads/337bfd56-deba-481d-9da7-7db3138f0213"
          }
        ]
      }
    ]
  },
  "annotations": [
    {
      "bounding_box": {
        "h": 406.7039,
        "w": 199.3296,
        "x": 160.1564,
        "y": 203.7989
      },
      "id": "fc7426ac-03e9-4748-984f-836dbc515406",
      "name": "walking_running",
      "properties": [],
      "slot_names": [
        "0"
      ]
    }
  ],
  "properties": []
}