{
  "version": "2.0",
  "schema_ref": "https://darwin-public.s3.eu-west-1.amazonaws.com/darwin_json/2.0/schema.json",
  "item": {
    "name": "000000322610_walking_running.jpg",
    "path": "/",
    "source_info": {
      "item_id": "0195ee46-09ba-634b-7b4d-82079bd7a7ba",
      "dataset": {
        "name": "DMDL-ASS1",
        "slug": "dmdl-ass1",
        "dataset_management_url": "https://darwin.v7labs.com/datasets/1669395/dataset-management"
      },
      "team": {
        "name": "Smart Agriculture ",
        "slug": "smart-agriculture"
      },
      "workview_url": "https://darwin.v7labs.com/workview?dataset=1669395&item=0195ee46-09ba-634b-7b4d-82079bd7a7ba"
    },
    "slots": [
      {
        "type": "image",
        "slot_name": "0",
        "width": 640,
        "height": 480,
        "thumbnail_url": "https://darwin.v7labs.com/api/v2/teams/smart-agriculture/files/9805e359-5e85-4b23-b08c-2873968d1800/thumbnail",
        "source_files": [
          {
            "file_name": "000000322610_walking_running.jpg",
            "url": "https://darwin.v7labs.com/api/v2/teams/smart-agriculture/uploads/42eb2885-7b05-4bb0-af9c-c954ccc39091"
          }
        ]
      }
    ]
  },
  "annotations": [
    {
      "bounding_box": {
        "h": 364.0223,
        "w": 107.933,
        "x": 112.1788,
        "y": 104.581
      },
      "id": "1dec89c4-03aa-4bde-9be0-22ff6cf5af98",
      "name": "walking_running",
      "properties": [],
      "slot_names": [
        "0"
      ]
    }
  ],
  "properties": []
}