{
  "version": "2.0",
  "schema_ref": "https://darwin-public.s3.eu-west-1.amazonaws.com/darwin_json/2.0/schema.json",
  "item": {
    "name": "000000222118_standing.jpg",
    "path": "/",
    "source_info": {
      "item_id": "0195ee46-09b5-0900-f19e-f7c15a919cf3",
      "dataset": {
        "name": "DMDL-ASS1",
        "slug": "dmdl-ass1",
        "dataset_management_url": "https://darwin.v7labs.com/datasets/1669395/dataset-management"
      },
      "team": {
        "name": "Smart Agriculture ",
        "slug": "smart-agriculture"
      },
      "workview_url": "https://darwin.v7labs.com/workview?dataset=1669395&item=0195ee46-09b5-0900-f19e-f7c15a919cf3"
    },
    "slots": [
      {
        "type": "image",
        "slot_name": "0",
        "width": 640,
        "height": 427,
        "thumbnail_url": "https://darwin.v7labs.com/api/v2/teams/smart-agriculture/files/0bee8477-0e6c-42db-bb33-0e6288d695d3/thumbnail",
        "source_files": [
          {
            "file_name": "000000222118_standing.jpg",
            "url": "https://darwin.v7labs.com/api/v2/teams/smart-agriculture/uploads/02f9a93a-1df9-46e9-8b1e-ba36beec6f54"
          }
        ]
      }
    ]
  },
  "annotations": [
    {
      "bounding_box": {
        "h": 268.9623,
        "w": 190.838,
        "x": 166.1369,
        "y": 124.6411
      },
      "id": "156b3542-2280-46cf-8199-dc3b1b894000",
      "name": "standing",
      "properties": [],
      "slot_names": [
        "0"
      ]
    }
  ],
  "properties": []
}