{
  "version": "2.0",
  "schema_ref": "https://darwin-public.s3.eu-west-1.amazonaws.com/darwin_json/2.0/schema.json",
  "item": {
    "name": "000000425702_walking_running.jpg",
    "path": "/",
    "source_info": {
      "item_id": "0195ee46-09c0-079a-a249-9c0ec97e6865",
      "dataset": {
        "name": "DMDL-ASS1",
        "slug": "dmdl-ass1",
        "dataset_management_url": "https://darwin.v7labs.com/datasets/1669395/dataset-management"
      },
      "team": {
        "name": "Smart Agriculture ",
        "slug": "smart-agriculture"
      },
      "workview_url": "https://darwin.v7labs.com/workview?dataset=1669395&item=0195ee46-09c0-079a-a249-9c0ec97e6865"
    },
    "slots": [
      {
        "type": "image",
        "slot_name": "0",
        "width": 640,
        "height": 316,
        "thumbnail_url": "https://darwin.v7labs.com/api/v2/teams/smart-agriculture/files/4c4321e5-c076-4caf-ab38-dbe8c7483dfb/thumbnail",
        "source_files": [
          {
            "file_name": "000000425702_walking_running.jpg",
            "url": "https://darwin.v7labs.com/api/v2/teams/smart-agriculture/uploads/8e975b54-00c3-49ec-ab44-2d2b542fdbe6"
          }
        ]
      }
    ]
  },
  "annotations": [
    {
      "bounding_box": {
        "h": 140.6711,
        "w": 63.3557,
        "x": 290.4698,
        "y": 108.9933
      },
      "id": "7017b2a5-edb5-49fe-aef0-07dd25604814",
      "name": "walking_running",
      "properties": [],
      "slot_names": [
        "0"
      ]
    }
  ],
  "properties": []
}