{
  "version": "2.0",
  "schema_ref": "https://darwin-public.s3.eu-west-1.amazonaws.com/darwin_json/2.0/schema.json",
  "item": {
    "name": "000000443426_sitting.jpg",
    "path": "/",
    "source_info": {
      "item_id": "0195ee46-09c1-a233-95b1-3b02a8cc9672",
      "dataset": {
        "name": "DMDL-ASS1",
        "slug": "dmdl-ass1",
        "dataset_management_url": "https://darwin.v7labs.com/datasets/1669395/dataset-management"
      },
      "team": {
        "name": "Smart Agriculture ",
        "slug": "smart-agriculture"
      },
      "workview_url": "https://darwin.v7labs.com/workview?dataset=1669395&item=0195ee46-09c1-a233-95b1-3b02a8cc9672"
    },
    "slots": [
      {
        "type": "image",
        "slot_name": "0",
        "width": 480,
        "height": 640,
        "thumbnail_url": "https://darwin.v7labs.com/api/v2/teams/smart-agriculture/files/91039269-cde2-4f18-bdf8-3635a6da7b51/thumbnail",
        "source_files": [
          {
            "file_name": "000000443426_sitting.jpg",
            "url": "https://darwin.v7labs.com/api/v2/teams/smart-agriculture/uploads/547a1121-c7d7-4514-8960-4ac60de1cd72"
          }
        ]
      }
    ]
  },
  "annotations": [
    {
      "bounding_box": {
        "h": 430.838,
        "w": 423.6872,
        "x": 52.2905,
        "y": 204.6927
      },
      "id": "ebac48c8-16fa-4177-8ad6-b9c6728b0a8c",
      "name": "sitting",
      "properties": [],
      "slot_names": [
        "0"
      ]
    }
  ],
  "properties": []
}