{
  "version": "2.0",
  "schema_ref": "https://darwin-public.s3.eu-west-1.amazonaws.com/darwin_json/2.0/schema.json",
  "item": {
    "name": "000000393569_sitting.jpg",
    "path": "/",
    "source_info": {
      "item_id": "0195ee46-09be-ce26-03b3-3e27df5c7430",
      "dataset": {
        "name": "DMDL-ASS1",
        "slug": "dmdl-ass1",
        "dataset_management_url": "https://darwin.v7labs.com/datasets/1669395/dataset-management"
      },
      "team": {
        "name": "Smart Agriculture ",
        "slug": "smart-agriculture"
      },
      "workview_url": "https://darwin.v7labs.com/workview?dataset=1669395&item=0195ee46-09be-ce26-03b3-3e27df5c7430"
    },
    "slots": [
      {
        "type": "image",
        "slot_name": "0",
        "width": 640,
        "height": 480,
        "thumbnail_url": "https://darwin.v7labs.com/api/v2/teams/smart-agriculture/files/7e19ff1c-2865-482c-854f-43d9cba018a9/thumbnail",
        "source_files": [
          {
            "file_name": "000000393569_sitting.jpg",
            "url": "https://darwin.v7labs.com/api/v2/teams/smart-agriculture/uploads/e7ecb1ef-97e8-4d6e-a0d7-1ef8946b0f42"
          }
        ]
      }
    ]
  },
  "annotations": [
    {
      "bounding_box": {
        "h": 282.905,
        "w": 189.0503,
        "x": 369.6089,
        "y": 117.3184
      },
      "id": "c1e34728-7ccb-4372-84b0-3f0b046fc5ad",
      "name": "sitting",
      "properties": [],
      "slot_names": [
        "0"
      ]
    }
  ],
  "properties": []
}