{
  "version": "2.0",
  "schema_ref": "https://darwin-public.s3.eu-west-1.amazonaws.com/darwin_json/2.0/schema.json",
  "item": {
    "name": "000000177015_sitting.jpg",
    "path": "/",
    "source_info": {
      "item_id": "0195ee46-09b2-8031-7471-5f6168b1d99b",
      "dataset": {
        "name": "DMDL-ASS1",
        "slug": "dmdl-ass1",
        "dataset_management_url": "https://darwin.v7labs.com/datasets/1669395/dataset-management"
      },
      "team": {
        "name": "Smart Agriculture ",
        "slug": "smart-agriculture"
      },
      "workview_url": "https://darwin.v7labs.com/workview?dataset=1669395&item=0195ee46-09b2-8031-7471-5f6168b1d99b"
    },
    "slots": [
      {
        "type": "image",
        "slot_name": "0",
        "width": 640,
        "height": 480,
        "thumbnail_url": "https://darwin.v7labs.com/api/v2/teams/smart-agriculture/files/c9ae0732-2785-4fd1-8238-6aa6e6c9e10d/thumbnail",
        "source_files": [
          {
            "file_name": "000000177015_sitting.jpg",
            "url": "https://darwin.v7labs.com/api/v2/teams/smart-agriculture/uploads/3a3067ac-0a17-4ad1-91df-4c54ae0de12e"
          }
        ]
      }
    ]
  },
  "annotations": [
    {
      "bounding_box": {
        "h": 463.9106,
        "w": 422.3464,
        "x": 211.3966,
        "y": 6.0335
      },
      "id": "3072fbb7-c2e6-4da5-a8a7-66f517b59a5e",
      "name": "sitting",
      "properties": [],
      "slot_names": [
        "0"
      ]
    }
  ],
  "properties": []
}