{
  "version": "2.0",
  "schema_ref": "https://darwin-public.s3.eu-west-1.amazonaws.com/darwin_json/2.0/schema.json",
  "item": {
    "name": "000000257896_standing.jpg",
    "path": "/",
    "source_info": {
      "item_id": "0195ee46-09b7-19b8-254c-ddf1c7b4eadf",
      "dataset": {
        "name": "DMDL-ASS1",
        "slug": "dmdl-ass1",
        "dataset_management_url": "https://darwin.v7labs.com/datasets/1669395/dataset-management"
      },
      "team": {
        "name": "Smart Agriculture ",
        "slug": "smart-agriculture"
      },
      "workview_url": "https://darwin.v7labs.com/workview?dataset=1669395&item=0195ee46-09b7-19b8-254c-ddf1c7b4eadf"
    },
    "slots": [
      {
        "type": "image",
        "slot_name": "0",
        "width": 480,
        "height": 640,
        "thumbnail_url": "https://darwin.v7labs.com/api/v2/teams/smart-agriculture/files/47427a57-ae86-4f18-9910-98079258a44b/thumbnail",
        "source_files": [
          {
            "file_name": "000000257896_standing.jpg",
            "url": "https://darwin.v7labs.com/api/v2/teams/smart-agriculture/uploads/883bff6f-3f64-44af-b5e1-e1dce5288741"
          }
        ]
      }
    ]
  },
  "annotations": [
    {
      "bounding_box": {
        "h": 600.6704,
        "w": 338.7709,
        "x": 138.9944,
        "y": 33.0726
      },
      "id": "fc9b21ac-9b67-463f-8980-1177f4fef170",
      "name": "standing",
      "properties": [],
      "slot_names": [
        "0"
      ]
    }
  ],
  "properties": []
}