{
  "version": "2.0",
  "schema_ref": "https://darwin-public.s3.eu-west-1.amazonaws.com/darwin_json/2.0/schema.json",
  "item": {
    "name": "000000459272_standing.jpg",
    "path": "/",
    "source_info": {
      "item_id": "0195ee46-09c1-4eb4-6b52-ad71c5eec856",
      "dataset": {
        "name": "DMDL-ASS1",
        "slug": "dmdl-ass1",
        "dataset_management_url": "https://darwin.v7labs.com/datasets/1669395/dataset-management"
      },
      "team": {
        "name": "Smart Agriculture ",
        "slug": "smart-agriculture"
      },
      "workview_url": "https://darwin.v7labs.com/workview?dataset=1669395&item=0195ee46-09c1-4eb4-6b52-ad71c5eec856"
    },
    "slots": [
      {
        "type": "image",
        "slot_name": "0",
        "width": 480,
        "height": 640,
        "thumbnail_url": "https://darwin.v7labs.com/api/v2/teams/smart-agriculture/files/fbe42d44-855a-47b9-9cac-2daf67a6fff9/thumbnail",
        "source_files": [
          {
            "file_name": "000000459272_standing.jpg",
            "url": "https://darwin.v7labs.com/api/v2/teams/smart-agriculture/uploads/e3416d2b-b6ac-4025-9f6a-63d7ebf878af"
          }
        ]
      }
    ]
  },
  "annotations": [
    {
      "bounding_box": {
        "h": 563.1285,
        "w": 343.2402,
        "x": 16.5363,
        "y": 63.4637
      },
      "id": "bab40952-5d9e-4ad7-a149-381a774c59a4",
      "name": "standing",
      "properties": [],
      "slot_names": [
        "0"
      ]
    }
  ],
  "properties": []
}