{
  "version": "2.0",
  "schema_ref": "https://darwin-public.s3.eu-west-1.amazonaws.com/darwin_json/2.0/schema.json",
  "item": {
    "name": "000000264535_sitting.jpg",
    "path": "/",
    "source_info": {
      "item_id": "0195ee46-09b8-b443-e9f0-0b218f95ad39",
      "dataset": {
        "name": "DMDL-ASS1",
        "slug": "dmdl-ass1",
        "dataset_management_url": "https://darwin.v7labs.com/datasets/1669395/dataset-management"
      },
      "team": {
        "name": "Smart Agriculture ",
        "slug": "smart-agriculture"
      },
      "workview_url": "https://darwin.v7labs.com/workview?dataset=1669395&item=0195ee46-09b8-b443-e9f0-0b218f95ad39"
    },
    "slots": [
      {
        "type": "image",
        "slot_name": "0",
        "width": 612,
        "height": 612,
        "thumbnail_url": "https://darwin.v7labs.com/api/v2/teams/smart-agriculture/files/66436e29-2b1f-4cca-845c-e18b5f4f27a2/thumbnail",
        "source_files": [
          {
            "file_name": "000000264535_sitting.jpg",
            "url": "https://darwin.v7labs.com/api/v2/teams/smart-agriculture/uploads/4edb8617-2508-4ba7-beb2-c549a51de159"
          }
        ]
      }
    ]
  },
  "annotations": [
    {
      "bounding_box": {
        "h": 346.1732,
        "w": 229.9274,
        "x": 379.5084,
        "y": 156.419
      },
      "id": "a582fb2b-a02d-4408-8bd9-ffb26540c3f2",
      "name": "sitting",
      "properties": [],
      "slot_names": [
        "0"
      ]
    }
  ],
  "properties": []
}