{
  "version": "2.0",
  "schema_ref": "https://darwin-public.s3.eu-west-1.amazonaws.com/darwin_json/2.0/schema.json",
  "item": {
    "name": "000000213033_standing.jpg",
    "path": "/",
    "source_info": {
      "item_id": "0195ee46-09b4-bca2-6acb-c1bee7395489",
      "dataset": {
        "name": "DMDL-ASS1",
        "slug": "dmdl-ass1",
        "dataset_management_url": "https://darwin.v7labs.com/datasets/1669395/dataset-management"
      },
      "team": {
        "name": "Smart Agriculture ",
        "slug": "smart-agriculture"
      },
      "workview_url": "https://darwin.v7labs.com/workview?dataset=1669395&item=0195ee46-09b4-bca2-6acb-c1bee7395489"
    },
    "slots": [
      {
        "type": "image",
        "slot_name": "0",
        "width": 480,
        "height": 640,
        "thumbnail_url": "https://darwin.v7labs.com/api/v2/teams/smart-agriculture/files/47384fec-0c48-41c7-a383-d7f6eea8ab3f/thumbnail",
        "source_files": [
          {
            "file_name": "000000213033_standing.jpg",
            "url": "https://darwin.v7labs.com/api/v2/teams/smart-agriculture/uploads/a1999894-bce5-42b4-a517-b2940c1c6015"
          }
        ]
      }
    ]
  },
  "annotations": [
    {
      "bounding_box": {
        "h": 436.2011,
        "w": 194.8603,
        "x": 140.7821,
        "y": 201.1173
      },
      "id": "1fb76f91-4e38-4db4-af40-980622723bbb",
      "name": "standing",
      "properties": [],
      "slot_names": [
        "0"
      ]
    }
  ],
  "properties": []
}