{
  "version": "2.0",
  "schema_ref": "https://darwin-public.s3.eu-west-1.amazonaws.com/darwin_json/2.0/schema.json",
  "item": {
    "name": "000000515077_walking_running.jpg",
    "path": "/",
    "source_info": {
      "item_id": "0195ee46-09c5-2dae-68c7-af0fbc899c4c",
      "dataset": {
        "name": "DMDL-ASS1",
        "slug": "dmdl-ass1",
        "dataset_management_url": "https://darwin.v7labs.com/datasets/1669395/dataset-management"
      },
      "team": {
        "name": "Smart Agriculture ",
        "slug": "smart-agriculture"
      },
      "workview_url": "https://darwin.v7labs.com/workview?dataset=1669395&item=0195ee46-09c5-2dae-68c7-af0fbc899c4c"
    },
    "slots": [
      {
        "type": "image",
        "slot_name": "0",
        "width": 640,
        "height": 479,
        "thumbnail_url": "https://darwin.v7labs.com/api/v2/teams/smart-agriculture/files/8ba8d230-4223-4973-b252-73332f06117a/thumbnail",
        "source_files": [
          {
            "file_name": "000000515077_walking_running.jpg",
            "url": "https://darwin.v7labs.com/api/v2/teams/smart-agriculture/uploads/43751d0d-545f-4d1c-b019-6064852f0a74"
          }
        ]
      }
    ]
  },
  "annotations": [
    {
      "bounding_box": {
        "h": 353.2291,
        "w": 121.088,
        "x": 0.2207,
        "y": 118.412
      },
      "id": "a254eb2d-dafc-4d8c-8c44-7cc49a8ff17a",
      "name": "walking_running",
      "properties": [],
      "slot_names": [
        "0"
      ]
    }
  ],
  "properties": []
}