{
  "version": "2.0",
  "schema_ref": "https://darwin-public.s3.eu-west-1.amazonaws.com/darwin_json/2.0/schema.json",
  "item": {
    "name": "000000252219_walking_running.jpg",
    "path": "/",
    "source_info": {
      "item_id": "0195ee46-09b6-f171-f237-d36a9eba4bfe",
      "dataset": {
        "name": "DMDL-ASS1",
        "slug": "dmdl-ass1",
        "dataset_management_url": "https://darwin.v7labs.com/datasets/1669395/dataset-management"
      },
      "team": {
        "name": "Smart Agriculture ",
        "slug": "smart-agriculture"
      },
      "workview_url": "https://darwin.v7labs.com/workview?dataset=1669395&item=0195ee46-09b6-f171-f237-d36a9eba4bfe"
    },
    "slots": [
      {
        "type": "image",
        "slot_name": "0",
        "width": 640,
        "height": 428,
        "thumbnail_url": "https://darwin.v7labs.com/api/v2/teams/smart-agriculture/files/85590b3a-2740-4572-9e54-65e91342e05a/thumbnail",
        "source_files": [
          {
            "file_name": "000000252219_walking_running.jpg",
            "url": "https://darwin.v7labs.com/api/v2/teams/smart-agriculture/uploads/71a5fdcf-bd9b-40e3-a0a4-8b1b3e2000c5"
          }
        ]
      }
    ]
  },
  "annotations": [
    {
      "bounding_box": {
        "h": 243.2905,
        "w": 118.3575,
        "x": 15.1397,
        "y": 160.7989
      },
      "id": "8e47707b-0cec-4afa-903e-8810c6e216ba",
      "name": "walking_running",
      "properties": [],
      "slot_names": [
        "0"
      ]
    },
    {
      "bounding_box": {
        "h": 226.5531,
        "w": 117.7598,
        "x": 514.8715,
        "y": 166.7765
      },
      "id": "4994c48b-3a0d-44a6-8eb2-85e55bdd1cf3",
      "name": "walking_running",
      "properties": [],
      "slot_names": [
        "0"
      ]
    }
  ],
  "properties": []
}