{
  "version": "2.0",
  "schema_ref": "https://darwin-public.s3.eu-west-1.amazonaws.com/darwin_json/2.0/schema.json",
  "item": {
    "name": "000000356427_standing.jpg",
    "path": "/",
    "source_info": {
      "item_id": "0195ee46-09bc-6399-72e7-92ad25cfeab3",
      "dataset": {
        "name": "DMDL-ASS1",
        "slug": "dmdl-ass1",
        "dataset_management_url": "https://darwin.v7labs.com/datasets/1669395/dataset-management"
      },
      "team": {
        "name": "Smart Agriculture ",
        "slug": "smart-agriculture"
      },
      "workview_url": "https://darwin.v7labs.com/workview?dataset=1669395&item=0195ee46-09bc-6399-72e7-92ad25cfeab3"
    },
    "slots": [
      {
        "type": "image",
        "slot_name": "0",
        "width": 640,
        "height": 427,
        "thumbnail_url": "https://darwin.v7labs.com/api/v2/teams/smart-agriculture/files/57d38920-8077-4454-a7b8-d8c1a5391291/thumbnail",
        "source_files": [
          {
            "file_name": "000000356427_standing.jpg",
            "url": "https://darwin.v7labs.com/api/v2/teams/smart-agriculture/uploads/44730ac1-52c5-4069-899b-9a95cefad2dd"
          }
        ]
      }
    ]
  },
  "annotations": [
    {
      "bounding_box": {
        "h": 350.0684,
        "w": 118.6774,
        "x": 169.1187,
        "y": 72.1606
      },
      "id": "62c818b7-08e6-4f6e-a8d7-e50161ddfb16",
      "name": "standing",
      "properties": [],
      "slot_names": [
        "0"
      ]
    }
  ],
  "properties": []
}