{
  "version": "2.0",
  "schema_ref": "https://darwin-public.s3.eu-west-1.amazonaws.com/darwin_json/2.0/schema.json",
  "item": {
    "name": "000000288042_walking_running.jpg",
    "path": "/",
    "source_info": {
      "item_id": "0195ee46-09b9-a81c-64a1-1b0f9c353272",
      "dataset": {
        "name": "DMDL-ASS1",
        "slug": "dmdl-ass1",
        "dataset_management_url": "https://darwin.v7labs.com/datasets/1669395/dataset-management"
      },
      "team": {
        "name": "Smart Agriculture ",
        "slug": "smart-agriculture"
      },
      "workview_url": "https://darwin.v7labs.com/workview?dataset=1669395&item=0195ee46-09b9-a81c-64a1-1b0f9c353272"
    },
    "slots": [
      {
        "type": "image",
        "slot_name": "0",
        "width": 640,
        "height": 480,
        "thumbnail_url": "https://darwin.v7labs.com/api/v2/teams/smart-agriculture/files/abc48856-956e-44f7-8b19-6f9602006787/thumbnail",
        "source_files": [
          {
            "file_name": "000000288042_walking_running.jpg",
            "url": "https://darwin.v7labs.com/api/v2/teams/smart-agriculture/uploads/28944816-8740-4c13-a4d4-cb72d33655e3"
          }
        ]
      }
    ]
  },
  "annotations": [
    {
      "bounding_box": {
        "h": 189.7207,
        "w": 73.0726,
        "x": 546.5922,
        "y": 185.6983
      },
      "id": "6c59e04a-49e7-44d0-b055-942571b5028d",
      "name": "walking_running",
      "properties": [],
      "slot_names": [
        "0"
      ]
    }
  ],
  "properties": []
}