{
  "version": "2.0",
  "schema_ref": "https://darwin-public.s3.eu-west-1.amazonaws.com/darwin_json/2.0/schema.json",
  "item": {
    "name": "000000466986_standing.jpg",
    "path": "/",
    "source_info": {
      "item_id": "0195ee46-09c2-956b-e25c-8d70e5a68842",
      "dataset": {
        "name": "DMDL-ASS1",
        "slug": "dmdl-ass1",
        "dataset_management_url": "https://darwin.v7labs.com/datasets/1669395/dataset-management"
      },
      "team": {
        "name": "Smart Agriculture ",
        "slug": "smart-agriculture"
      },
      "workview_url": "https://darwin.v7labs.com/workview?dataset=1669395&item=0195ee46-09c2-956b-e25c-8d70e5a68842"
    },
    "slots": [
      {
        "type": "image",
        "slot_name": "0",
        "width": 640,
        "height": 478,
        "thumbnail_url": "https://darwin.v7labs.com/api/v2/teams/smart-agriculture/files/98ad030f-91d9-4831-b660-ac3f6df78f7f/thumbnail",
        "source_files": [
          {
            "file_name": "000000466986_standing.jpg",
            "url": "https://darwin.v7labs.com/api/v2/teams/smart-agriculture/uploads/a9fd199c-4805-49c6-854f-39d67410822b"
          }
        ]
      }
    ]
  },
  "annotations": [
    {
      "bounding_box": {
        "h": 279.7235,
        "w": 209.6257,
        "x": 250.5698,
        "y": 160.8911
      },
      "id": "079e0e54-98d0-47ab-980f-e4eb5de2163f",
      "name": "standing",
      "properties": [],
      "slot_names": [
        "0"
      ]
    }
  ],
  "properties": []
}