{
  "version": "2.0",
  "schema_ref": "https://darwin-public.s3.eu-west-1.amazonaws.com/darwin_json/2.0/schema.json",
  "item": {
    "name": "000000261535_walking_running.jpg",
    "path": "/",
    "source_info": {
      "item_id": "0195ee46-09b8-cfd0-39a5-43a4c3798103",
      "dataset": {
        "name": "DMDL-ASS1",
        "slug": "dmdl-ass1",
        "dataset_management_url": "https://darwin.v7labs.com/datasets/1669395/dataset-management"
      },
      "team": {
        "name": "Smart Agriculture ",
        "slug": "smart-agriculture"
      },
      "workview_url": "https://darwin.v7labs.com/workview?dataset=1669395&item=0195ee46-09b8-cfd0-39a5-43a4c3798103"
    },
    "slots": [
      {
        "type": "image",
        "slot_name": "0",
        "width": 433,
        "height": 640,
        "thumbnail_url": "https://darwin.v7labs.com/api/v2/teams/smart-agriculture/files/a2f5e4b2-c440-466e-818c-3a1041056401/thumbnail",
        "source_files": [
          {
            "file_name": "000000261535_walking_running.jpg",
            "url": "https://darwin.v7labs.com/api/v2/teams/smart-agriculture/uploads/46b0f8d0-0079-4fd2-8fb7-eaf1ddb6e020"
          }
        ]
      }
    ]
  },
  "annotations": [
    {
      "bounding_box": {
        "h": 443.352,
        "w": 118.8827,
        "x": 206.6676,
        "y": 120.6704
      },
      "id": "22464f29-86b5-4c64-9802-af2c5b165958",
      "name": "walking_running",
      "properties": [],
      "slot_names": [
        "0"
      ]
    }
  ],
  "properties": []
}