{
  "version": "2.0",
  "schema_ref": "https://darwin-public.s3.eu-west-1.amazonaws.com/darwin_json/2.0/schema.json",
  "item": {
    "name": "000000172877_sitting.jpg",
    "path": "/",
    "source_info": {
      "item_id": "0195ee46-09b2-26d4-2b50-0ab7b4e39c48",
      "dataset": {
        "name": "DMDL-ASS1",
        "slug": "dmdl-ass1",
        "dataset_management_url": "https://darwin.v7labs.com/datasets/1669395/dataset-management"
      },
      "team": {
        "name": "Smart Agriculture ",
        "slug": "smart-agriculture"
      },
      "workview_url": "https://darwin.v7labs.com/workview?dataset=1669395&item=0195ee46-09b2-26d4-2b50-0ab7b4e39c48"
    },
    "slots": [
      {
        "type": "image",
        "slot_name": "0",
        "width": 640,
        "height": 480,
        "thumbnail_url": "https://darwin.v7labs.com/api/v2/teams/smart-agriculture/files/e44cd078-451d-4bad-9228-bc411647caf9/thumbnail",
        "source_files": [
          {
            "file_name": "000000172877_sitting.jpg",
            "url": "https://darwin.v7labs.com/api/v2/teams/smart-agriculture/uploads/99ea7a3e-cc4e-404a-a960-dab6df0c32c5"
          }
        ]
      }
    ]
  },
  "annotations": [
    {
      "bounding_box": {
        "h": 402.2346,
        "w": 374.0782,
        "x": 125.5866,
        "y": 65.0279
      },
      "id": "2234a7e0-7630-4f69-893d-eeb46b1730f5",
      "name": "sitting",
      "properties": [],
      "slot_names": [
        "0"
      ]
    }
  ],
  "properties": []
}