{
  "version": "2.0",
  "schema_ref": "https://darwin-public.s3.eu-west-1.amazonaws.com/darwin_json/2.0/schema.json",
  "item": {
    "name": "000000394199_sitting.jpg",
    "path": "/",
    "source_info": {
      "item_id": "0195ee46-09be-48f2-822c-cf35fe43ff1d",
      "dataset": {
        "name": "DMDL-ASS1",
        "slug": "dmdl-ass1",
        "dataset_management_url": "https://darwin.v7labs.com/datasets/1669395/dataset-management"
      },
      "team": {
        "name": "Smart Agriculture ",
        "slug": "smart-agriculture"
      },
      "workview_url": "https://darwin.v7labs.com/workview?dataset=1669395&item=0195ee46-09be-48f2-822c-cf35fe43ff1d"
    },
    "slots": [
      {
        "type": "image",
        "slot_name": "0",
        "width": 640,
        "height": 480,
        "thumbnail_url": "https://darwin.v7labs.com/api/v2/teams/smart-agriculture/files/148b99a5-1822-4b98-bd78-1751e6279edc/thumbnail",
        "source_files": [
          {
            "file_name": "000000394199_sitting.jpg",
            "url": "https://darwin.v7labs.com/api/v2/teams/smart-agriculture/uploads/ff7963f5-36a6-4fd3-b45e-44436ed9e5a7"
          }
        ]
      }
    ]
  },
  "annotations": [
    {
      "bounding_box": {
        "h": 448.4916,
        "w": 290.2793,
        "x": 353.5196,
        "y": 28.8268
      },
      "id": "c032eec3-51b5-4b45-a130-683a94692b5e",
      "name": "sitting",
      "properties": [],
      "slot_names": [
        "0"
      ]
    }
  ],
  "properties": []
}