{
  "version": "2.0",
  "schema_ref": "https://darwin-public.s3.eu-west-1.amazonaws.com/darwin_json/2.0/schema.json",
  "item": {
    "name": "000000198510_walking_running.jpg",
    "path": "/",
    "source_info": {
      "item_id": "0195ee46-09b3-64f0-fbb0-4aa32d51f1d4",
      "dataset": {
        "name": "DMDL-ASS1",
        "slug": "dmdl-ass1",
        "dataset_management_url": "https://darwin.v7labs.com/datasets/1669395/dataset-management"
      },
      "team": {
        "name": "Smart Agriculture ",
        "slug": "smart-agriculture"
      },
      "workview_url": "https://darwin.v7labs.com/workview?dataset=1669395&item=0195ee46-09b3-64f0-fbb0-4aa32d51f1d4"
    },
    "slots": [
      {
        "type": "image",
        "slot_name": "0",
        "width": 640,
        "height": 640,
        "thumbnail_url": "https://darwin.v7labs.com/api/v2/teams/smart-agriculture/files/052a7993-0bcc-40a5-9c8e-5e8de12dffa0/thumbnail",
        "source_files": [
          {
            "file_name": "000000198510_walking_running.jpg",
            "url": "https://darwin.v7labs.com/api/v2/teams/smart-agriculture/uploads/415837fd-4220-42f5-a746-28c1c2b8f84e"
          }
        ]
      }
    ]
  },
  "annotations": [
    {
      "bounding_box": {
        "h": 453.1844,
        "w": 252.067,
        "x": 253.8547,
        "y": 183.2402
      },
      "id": "d3b42009-e844-41e3-b958-b624664269d1",
      "name": "walking_running",
      "properties": [],
      "slot_names": [
        "0"
      ]
    }
  ],
  "properties": []
}