{
  "version": "2.0",
  "schema_ref": "https://darwin-public.s3.eu-west-1.amazonaws.com/darwin_json/2.0/schema.json",
  "item": {
    "name": "000000343803_standing.jpg",
    "path": "/",
    "source_info": {
      "item_id": "0195ee46-09bb-a669-533c-60f4e4b4eadd",
      "dataset": {
        "name": "DMDL-ASS1",
        "slug": "dmdl-ass1",
        "dataset_management_url": "https://darwin.v7labs.com/datasets/1669395/dataset-management"
      },
      "team": {
        "name": "Smart Agriculture ",
        "slug": "smart-agriculture"
      },
      "workview_url": "https://darwin.v7labs.com/workview?dataset=1669395&item=0195ee46-09bb-a669-533c-60f4e4b4eadd"
    },
    "slots": [
      {
        "type": "image",
        "slot_name": "0",
        "width": 427,
        "height": 640,
        "thumbnail_url": "https://darwin.v7labs.com/api/v2/teams/smart-agriculture/files/94d86434-2ea7-4fe3-8f85-57c510049bd9/thumbnail",
        "source_files": [
          {
            "file_name": "000000343803_standing.jpg",
            "url": "https://darwin.v7labs.com/api/v2/teams/smart-agriculture/uploads/ede8a75e-2cb6-4334-9adf-02e8fa53f303"
          }
        ]
      }
    ]
  },
  "annotations": [
    {
      "bounding_box": {
        "h": 493.4078,
        "w": 295.8659,
        "x": 51.7123,
        "y": 136.7598
      },
      "id": "664239fe-e775-43e1-bcfb-a9f41be4584a",
      "name": "standing",
      "properties": [],
      "slot_names": [
        "0"
      ]
    }
  ],
  "properties": []
}