{
  "version": "2.0",
  "schema_ref": "https://darwin-public.s3.eu-west-1.amazonaws.com/darwin_json/2.0/schema.json",
  "item": {
    "name": "000000432553_sitting.jpg",
    "path": "/",
    "source_info": {
      "item_id": "0195ee46-09c0-7332-d704-9f54748e4136",
      "dataset": {
        "name": "DMDL-ASS1",
        "slug": "dmdl-ass1",
        "dataset_management_url": "https://darwin.v7labs.com/datasets/1669395/dataset-management"
      },
      "team": {
        "name": "Smart Agriculture ",
        "slug": "smart-agriculture"
      },
      "workview_url": "https://darwin.v7labs.com/workview?dataset=1669395&item=0195ee46-09c0-7332-d704-9f54748e4136"
    },
    "slots": [
      {
        "type": "image",
        "slot_name": "0",
        "width": 427,
        "height": 640,
        "thumbnail_url": "https://darwin.v7labs.com/api/v2/teams/smart-agriculture/files/9e8af795-3fad-4006-a11f-ea276532a57b/thumbnail",
        "source_files": [
          {
            "file_name": "000000432553_sitting.jpg",
            "url": "https://darwin.v7labs.com/api/v2/teams/smart-agriculture/uploads/754e2fd5-6454-49ed-9a79-cf9e878bf9a9"
          }
        ]
      }
    ]
  },
  "annotations": [
    {
      "bounding_box": {
        "h": 525.5866,
        "w": 171.6201,
        "x": 218.8631,
        "y": 0.8939
      },
      "id": "e127727f-febd-4bb2-8e62-48850c084cad",
      "name": "sitting",
      "properties": [],
      "slot_names": [
        "0"
      ]
    }
  ],
  "properties": []
}