{
  "version": "2.0",
  "schema_ref": "https://darwin-public.s3.eu-west-1.amazonaws.com/darwin_json/2.0/schema.json",
  "item": {
    "name": "000000577932_walking_running.jpg",
    "path": "/",
    "source_info": {
      "item_id": "0195ee46-09c7-2037-de83-752ed9ee3070",
      "dataset": {
        "name": "DMDL-ASS1",
        "slug": "dmdl-ass1",
        "dataset_management_url": "https://darwin.v7labs.com/datasets/1669395/dataset-management"
      },
      "team": {
        "name": "Smart Agriculture ",
        "slug": "smart-agriculture"
      },
      "workview_url": "https://darwin.v7labs.com/workview?dataset=1669395&item=0195ee46-09c7-2037-de83-752ed9ee3070"
    },
    "slots": [
      {
        "type": "image",
        "slot_name": "0",
        "width": 640,
        "height": 543,
        "thumbnail_url": "https://darwin.v7labs.com/api/v2/teams/smart-agriculture/files/56150f3c-6e69-442f-a56a-c4ff18284aa6/thumbnail",
        "source_files": [
          {
            "file_name": "000000577932_walking_running.jpg",
            "url": "https://darwin.v7labs.com/api/v2/teams/smart-agriculture/uploads/3c6120a7-f5df-45fc-a351-6027f391ee67"
          }
        ]
      }
    ]
  },
  "annotations": [
    {
      "bounding_box": {
        "h": 263.1578,
        "w": 170.6355,
        "x": 207.7598,
        "y": 232.0642
      },
      "id": "8ffafb94-7e8b-4665-b20f-c47d02c2409b",
      "name": "walking_running",
      "properties": [],
      "slot_names": [
        "0"
      ]
    }
  ],
  "properties": []
}