{
  "version": "2.0",
  "schema_ref": "https://darwin-public.s3.eu-west-1.amazonaws.com/darwin_json/2.0/schema.json",
  "item": {
    "name": "000000525155_walking_running.jpg",
    "path": "/",
    "source_info": {
      "item_id": "0195ee46-09c5-2331-057f-7097a6f274e0",
      "dataset": {
        "name": "DMDL-ASS1",
        "slug": "dmdl-ass1",
        "dataset_management_url": "https://darwin.v7labs.com/datasets/1669395/dataset-management"
      },
      "team": {
        "name": "Smart Agriculture ",
        "slug": "smart-agriculture"
      },
      "workview_url": "https://darwin.v7labs.com/workview?dataset=1669395&item=0195ee46-09c5-2331-057f-7097a6f274e0"
    },
    "slots": [
      {
        "type": "image",
        "slot_name": "0",
        "width": 640,
        "height": 426,
        "thumbnail_url": "https://darwin.v7labs.com/api/v2/teams/smart-agriculture/files/29e6ff67-ced6-47b5-b523-4413b6971a71/thumbnail",
        "source_files": [
          {
            "file_name": "000000525155_walking_running.jpg",
            "url": "https://darwin.v7labs.com/api/v2/teams/smart-agriculture/uploads/8e69efc1-8aad-401c-a362-71ddb3fc1ee0"
          }
        ]
      }
    ]
  },
  "annotations": [
    {
      "bounding_box": {
        "h": 339.1341,
        "w": 273.6872,
        "x": 295.0112,
        "y": 83.2961
      },
      "id": "59eb84b3-837e-4f3e-bfca-41cd7085eb67",
      "name": "walking_running",
      "properties": [],
      "slot_names": [
        "0"
      ]
    }
  ],
  "properties": []
}