{
  "version": "2.0",
  "schema_ref": "https://darwin-public.s3.eu-west-1.amazonaws.com/darwin_json/2.0/schema.json",
  "item": {
    "name": "000000052507_walking_running.jpg",
    "path": "/",
    "source_info": {
      "item_id": "0195ee46-09ae-5c24-afcd-72fbadb8090d",
      "dataset": {
        "name": "DMDL-ASS1",
        "slug": "dmdl-ass1",
        "dataset_management_url": "https://darwin.v7labs.com/datasets/1669395/dataset-management"
      },
      "team": {
        "name": "Smart Agriculture ",
        "slug": "smart-agriculture"
      },
      "workview_url": "https://darwin.v7labs.com/workview?dataset=1669395&item=0195ee46-09ae-5c24-afcd-72fbadb8090d"
    },
    "slots": [
      {
        "type": "image",
        "slot_name": "0",
        "width": 640,
        "height": 438,
        "thumbnail_url": "https://darwin.v7labs.com/api/v2/teams/smart-agriculture/files/0e88350a-8aa7-46af-8d0f-ce00fd527366/thumbnail",
        "source_files": [
          {
            "file_name": "000000052507_walking_running.jpg",
            "url": "https://darwin.v7labs.com/api/v2/teams/smart-agriculture/uploads/3e1e5160-f22c-44ae-87e4-e747321b0317"
          }
        ]
      }
    ]
  },
  "annotations": [
    {
      "bounding_box": {
        "h": 202.4832,
        "w": 81.9721,
        "x": 107.1173,
        "y": 100.9358
      },
      "id": "05d635f7-97cf-4da4-a57b-8a7540d203a2",
      "name": "walking_running",
      "properties": [],
      "slot_names": [
        "0"
      ]
    }
  ],
  "properties": []
}