{
  "version": "2.0",
  "schema_ref": "https://darwin-public.s3.eu-west-1.amazonaws.com/darwin_json/2.0/schema.json",
  "item": {
    "name": "000000343496_walking_running.jpg",
    "path": "/",
    "source_info": {
      "item_id": "0195ee46-09bb-be0d-ddc3-7e6f54b52483",
      "dataset": {
        "name": "DMDL-ASS1",
        "slug": "dmdl-ass1",
        "dataset_management_url": "https://darwin.v7labs.com/datasets/1669395/dataset-management"
      },
      "team": {
        "name": "Smart Agriculture ",
        "slug": "smart-agriculture"
      },
      "workview_url": "https://darwin.v7labs.com/workview?dataset=1669395&item=0195ee46-09bb-be0d-ddc3-7e6f54b52483"
    },
    "slots": [
      {
        "type": "image",
        "slot_name": "0",
        "width": 640,
        "height": 393,
        "thumbnail_url": "https://darwin.v7labs.com/api/v2/teams/smart-agriculture/files/6aba7663-fcb1-4e05-890f-c27c5bb4a545/thumbnail",
        "source_files": [
          {
            "file_name": "000000343496_walking_running.jpg",
            "url": "https://darwin.v7labs.com/api/v2/teams/smart-agriculture/uploads/1f21f916-17d0-46ae-a391-2cf2d170c98d"
          }
        ]
      }
    ]
  },
  "annotations": [
    {
      "bounding_box": {
        "h": 127.8897,
        "w": 64.7682,
        "x": 49.9497,
        "y": 197.5978
      },
      "id": "d2b8cd53-5aef-4f07-b7dc-59b67809ff1c",
      "name": "walking_running",
      "properties": [],
      "slot_names": [
        "0"
      ]
    }
  ],
  "properties": []
}