{
  "version": "2.0",
  "schema_ref": "https://darwin-public.s3.eu-west-1.amazonaws.com/darwin_json/2.0/schema.json",
  "item": {
    "name": "000000542423_sitting.jpg",
    "path": "/",
    "source_info": {
      "item_id": "0195ee46-09c5-4eae-ba34-e96e62ce16c3",
      "dataset": {
        "name": "DMDL-ASS1",
        "slug": "dmdl-ass1",
        "dataset_management_url": "https://darwin.v7labs.com/datasets/1669395/dataset-management"
      },
      "team": {
        "name": "Smart Agriculture ",
        "slug": "smart-agriculture"
      },
      "workview_url": "https://darwin.v7labs.com/workview?dataset=1669395&item=0195ee46-09c5-4eae-ba34-e96e62ce16c3"
    },
    "slots": [
      {
        "type": "image",
        "slot_name": "0",
        "width": 640,
        "height": 425,
        "thumbnail_url": "https://darwin.v7labs.com/api/v2/teams/smart-agriculture/files/6dc935e7-dda4-4932-8338-45d77a62ba8f/thumbnail",
        "source_files": [
          {
            "file_name": "000000542423_sitting.jpg",
            "url": "https://darwin.v7labs.com/api/v2/teams/smart-agriculture/uploads/f6c62607-5862-4f6c-bf35-69a9db544759"
          }
        ]
      }
    ]
  },
  "annotations": [
    {
      "bounding_box": {
        "h": 143.0517,
        "w": 52.2346,
        "x": 350.8659,
        "y": 199.4413
      },
      "id": "0497f86c-220f-42c8-8214-95d67e2661bd",
      "name": "sitting",
      "properties": [],
      "slot_names": [
        "0"
      ]
    }
  ],
  "properties": []
}