{
  "version": "2.0",
  "schema_ref": "https://darwin-public.s3.eu-west-1.amazonaws.com/darwin_json/2.0/schema.json",
  "item": {
    "name": "000000068093_sitting.jpg",
    "path": "/",
    "source_info": {
      "item_id": "0195ee46-09ae-305d-57f4-298d4ae8c65d",
      "dataset": {
        "name": "DMDL-ASS1",
        "slug": "dmdl-ass1",
        "dataset_management_url": "https://darwin.v7labs.com/datasets/1669395/dataset-management"
      },
      "team": {
        "name": "Smart Agriculture ",
        "slug": "smart-agriculture"
      },
      "workview_url": "https://darwin.v7labs.com/workview?dataset=1669395&item=0195ee46-09ae-305d-57f4-298d4ae8c65d"
    },
    "slots": [
      {
        "type": "image",
        "slot_name": "0",
        "width": 640,
        "height": 480,
        "thumbnail_url": "https://darwin.v7labs.com/api/v2/teams/smart-agriculture/files/e381a050-964e-483b-9732-eb9324f5aa40/thumbnail",
        "source_files": [
          {
            "file_name": "000000068093_sitting.jpg",
            "url": "https://darwin.v7labs.com/api/v2/teams/smart-agriculture/uploads/90548938-25b5-44ec-9089-11283079b46a"
          }
        ]
      }
    ]
  },
  "annotations": [
    {
      "bounding_box": {
        "h": 400.8939,
        "w": 159.5531,
        "x": 396.4246,
        "y": 54.3017
      },
      "id": "3e1d5211-276a-40e3-b8f7-c410dce2f712",
      "name": "sitting",
      "properties": [],
      "slot_names": [
        "0"
      ]
    }
  ],
  "properties": []
}