{
  "version": "2.0",
  "schema_ref": "https://darwin-public.s3.eu-west-1.amazonaws.com/darwin_json/2.0/schema.json",
  "item": {
    "name": "000000570539_sitting.jpg",
    "path": "/",
    "source_info": {
      "item_id": "0195ee46-09c7-08ad-3d46-002fba503a64",
      "dataset": {
        "name": "DMDL-ASS1",
        "slug": "dmdl-ass1",
        "dataset_management_url": "https://darwin.v7labs.com/datasets/1669395/dataset-management"
      },
      "team": {
        "name": "Smart Agriculture ",
        "slug": "smart-agriculture"
      },
      "workview_url": "https://darwin.v7labs.com/workview?dataset=1669395&item=0195ee46-09c7-08ad-3d46-002fba503a64"
    },
    "slots": [
      {
        "type": "image",
        "slot_name": "0",
        "width": 372,
        "height": 500,
        "thumbnail_url": "https://darwin.v7labs.com/api/v2/teams/smart-agriculture/files/d4fddc7d-d1ea-4189-9f2e-a9c65da2bc41/thumbnail",
        "source_files": [
          {
            "file_name": "000000570539_sitting.jpg",
            "url": "https://darwin.v7labs.com/api/v2/teams/smart-agriculture/uploads/390f590c-ed16-4c49-b18e-573aa077b2e5"
          }
        ]
      }
    ]
  },
  "annotations": [
    {
      "bounding_box": {
        "h": 207.4022,
        "w": 137.5698,
        "x": 156.6704,
        "y": 120.1117
      },
      "id": "ab01e77d-7fbe-4aa8-8ad3-e01e9c36e619",
      "name": "sitting",
      "properties": [],
      "slot_names": [
        "0"
      ]
    },
    {
      "bounding_box": {
        "h": 206.0056,
        "w": 116.6201,
        "x": -3.9441,
        "y": 96.3687
      },
      "id": "9fe007e9-49e1-4f35-a799-21dc2bbcdd0a",
      "name": "sitting",
      "properties": [],
      "slot_names": [
        "0"
      ]
    }
  ],
  "properties": []
}