{
  "version": "2.0",
  "schema_ref": "https://darwin-public.s3.eu-west-1.amazonaws.com/darwin_json/2.0/schema.json",
  "item": {
    "name": "000000227482_walking_running.jpg",
    "path": "/",
    "source_info": {
      "item_id": "0195ee46-09b5-af05-8da6-969255bbd0cd",
      "dataset": {
        "name": "DMDL-ASS1",
        "slug": "dmdl-ass1",
        "dataset_management_url": "https://darwin.v7labs.com/datasets/1669395/dataset-management"
      },
      "team": {
        "name": "Smart Agriculture ",
        "slug": "smart-agriculture"
      },
      "workview_url": "https://darwin.v7labs.com/workview?dataset=1669395&item=0195ee46-09b5-af05-8da6-969255bbd0cd"
    },
    "slots": [
      {
        "type": "image",
        "slot_name": "0",
        "width": 640,
        "height": 480,
        "thumbnail_url": "https://darwin.v7labs.com/api/v2/teams/smart-agriculture/files/11c396c5-6cd6-42bd-92c6-7d59b31b033d/thumbnail",
        "source_files": [
          {
            "file_name": "000000227482_walking_running.jpg",
            "url": "https://darwin.v7labs.com/api/v2/teams/smart-agriculture/uploads/3033f0fc-1a85-44b0-8926-829ccfde03b7"
          }
        ]
      }
    ]
  },
  "annotations": [
    {
      "bounding_box": {
        "h": 357.9888,
        "w": 355.9777,
        "x": 56.5363,
        "y": 118.6592
      },
      "id": "158e8683-034e-45bf-bb93-91db3e2cb595",
      "name": "walking_running",
      "properties": [],
      "slot_names": [
        "0"
      ]
    }
  ],
  "properties": []
}