{
  "version": "2.0",
  "schema_ref": "https://darwin-public.s3.eu-west-1.amazonaws.com/darwin_json/2.0/schema.json",
  "item": {
    "name": "000000250137_standing.jpg",
    "path": "/",
    "source_info": {
      "item_id": "0195ee46-09b6-2e40-e650-7bc7cbd187eb",
      "dataset": {
        "name": "DMDL-ASS1",
        "slug": "dmdl-ass1",
        "dataset_management_url": "https://darwin.v7labs.com/datasets/1669395/dataset-management"
      },
      "team": {
        "name": "Smart Agriculture ",
        "slug": "smart-agriculture"
      },
      "workview_url": "https://darwin.v7labs.com/workview?dataset=1669395&item=0195ee46-09b6-2e40-e650-7bc7cbd187eb"
    },
    "slots": [
      {
        "type": "image",
        "slot_name": "0",
        "width": 480,
        "height": 640,
        "thumbnail_url": "https://darwin.v7labs.com/api/v2/teams/smart-agriculture/files/7d7f057e-7bb5-4183-b936-94f29d078f44/thumbnail",
        "source_files": [
          {
            "file_name": "000000250137_standing.jpg",
            "url": "https://darwin.v7labs.com/api/v2/teams/smart-agriculture/uploads/a97cb6bb-3fc7-408b-a7e5-9be8ab7cb8c2"
          }
        ]
      }
    ]
  },
  "annotations": [
    {
      "bounding_box": {
        "h": 429.0503,
        "w": 212.7374,
        "x": 174.7486,
        "y": 186.8156
      },
      "id": "fec7aae6-813a-46fd-b3a0-2e8670fba17f",
      "name": "standing",
      "properties": [],
      "slot_names": [
        "0"
      ]
    }
  ],
  "properties": []
}