{
  "version": "2.0",
  "schema_ref": "https://darwin-public.s3.eu-west-1.amazonaws.com/darwin_json/2.0/schema.json",
  "item": {
    "name": "000000402774_walking_running.jpg",
    "path": "/",
    "source_info": {
      "item_id": "0195ee46-09bf-d182-3280-24b4dff42e72",
      "dataset": {
        "name": "DMDL-ASS1",
        "slug": "dmdl-ass1",
        "dataset_management_url": "https://darwin.v7labs.com/datasets/1669395/dataset-management"
      },
      "team": {
        "name": "Smart Agriculture ",
        "slug": "smart-agriculture"
      },
      "workview_url": "https://darwin.v7labs.com/workview?dataset=1669395&item=0195ee46-09bf-d182-3280-24b4dff42e72"
    },
    "slots": [
      {
        "type": "image",
        "slot_name": "0",
        "width": 425,
        "height": 640,
        "thumbnail_url": "https://darwin.v7labs.com/api/v2/teams/smart-agriculture/files/4f5711ea-e435-487b-9e69-b29075ff43ad/thumbnail",
        "source_files": [
          {
            "file_name": "000000402774_walking_running.jpg",
            "url": "https://darwin.v7labs.com/api/v2/teams/smart-agriculture/uploads/76c4f79d-c70f-4ee0-868a-11b77e5115f1"
          }
        ]
      }
    ]
  },
  "annotations": [
    {
      "bounding_box": {
        "h": 503.2402,
        "w": 146.5922,
        "x": 127.5838,
        "y": 115.3073
      },
      "id": "73d37d71-3fd2-441a-88f4-2d914ef85381",
      "name": "walking_running",
      "properties": [],
      "slot_names": [
        "0"
      ]
    }
  ],
  "properties": []
}