{
  "version": "2.0",
  "schema_ref": "https://darwin-public.s3.eu-west-1.amazonaws.com/darwin_json/2.0/schema.json",
  "item": {
    "name": "000000039480_walking_running.jpg",
    "path": "/",
    "source_info": {
      "item_id": "0195ee46-09ad-543b-7eda-71f823f66be5",
      "dataset": {
        "name": "DMDL-ASS1",
        "slug": "dmdl-ass1",
        "dataset_management_url": "https://darwin.v7labs.com/datasets/1669395/dataset-management"
      },
      "team": {
        "name": "Smart Agriculture ",
        "slug": "smart-agriculture"
      },
      "workview_url": "https://darwin.v7labs.com/workview?dataset=1669395&item=0195ee46-09ad-543b-7eda-71f823f66be5"
    },
    "slots": [
      {
        "type": "image",
        "slot_name": "0",
        "width": 640,
        "height": 427,
        "thumbnail_url": "https://darwin.v7labs.com/api/v2/teams/smart-agriculture/files/736cda19-92ad-4657-82aa-dc4e086c0007/thumbnail",
        "source_files": [
          {
            "file_name": "000000039480_walking_running.jpg",
            "url": "https://darwin.v7labs.com/api/v2/teams/smart-agriculture/uploads/eb82fb5e-e97d-43b8-bdd4-64c200f6149e"
          }
        ]
      }
    ]
  },
  "annotations": [
    {
      "bounding_box": {
        "h": 261.2095,
        "w": 111.5209,
        "x": 240.0866,
        "y": 161.0196
      },
      "id": "99021e70-ff73-4b63-8535-409f076464bc",
      "name": "walking_running",
      "properties": [],
      "slot_names": [
        "0"
      ]
    }
  ],
  "properties": []
}