{
  "version": "2.0",
  "schema_ref": "https://darwin-public.s3.eu-west-1.amazonaws.com/darwin_json/2.0/schema.json",
  "item": {
    "name": "000000224724_walking_running.jpg",
    "path": "/",
    "source_info": {
      "item_id": "0195ee46-09b5-d341-f9d9-244e6198de87",
      "dataset": {
        "name": "DMDL-ASS1",
        "slug": "dmdl-ass1",
        "dataset_management_url": "https://darwin.v7labs.com/datasets/1669395/dataset-management"
      },
      "team": {
        "name": "Smart Agriculture ",
        "slug": "smart-agriculture"
      },
      "workview_url": "https://darwin.v7labs.com/workview?dataset=1669395&item=0195ee46-09b5-d341-f9d9-244e6198de87"
    },
    "slots": [
      {
        "type": "image",
        "slot_name": "0",
        "width": 480,
        "height": 640,
        "thumbnail_url": "https://darwin.v7labs.com/api/v2/teams/smart-agriculture/files/7a238f4d-a412-45c1-8ab9-416e94175479/thumbnail",
        "source_files": [
          {
            "file_name": "000000224724_walking_running.jpg",
            "url": "https://darwin.v7labs.com/api/v2/teams/smart-agriculture/uploads/94935bce-af90-4228-9cb3-82a29c0ca8fa"
          }
        ]
      }
    ]
  },
  "annotations": [
    {
      "bounding_box": {
        "h": 156.4246,
        "w": 89.3855,
        "x": 156.4246,
        "y": 482.6816
      },
      "id": "a910dff3-8ba2-4486-9c76-8c22cab826eb",
      "name": "walking_running",
      "properties": [],
      "slot_names": [
        "0"
      ]
    }
  ],
  "properties": []
}