{
  "version": "2.0",
  "schema_ref": "https://darwin-public.s3.eu-west-1.amazonaws.com/darwin_json/2.0/schema.json",
  "item": {
    "name": "000000005503_standing.jpg",
    "path": "/",
    "source_info": {
      "item_id": "0195ee46-09ac-0c06-2eb2-2a3064265f94",
      "dataset": {
        "name": "DMDL-ASS1",
        "slug": "dmdl-ass1",
        "dataset_management_url": "https://darwin.v7labs.com/datasets/1669395/dataset-management"
      },
      "team": {
        "name": "Smart Agriculture ",
        "slug": "smart-agriculture"
      },
      "workview_url": "https://darwin.v7labs.com/workview?dataset=1669395&item=0195ee46-09ac-0c06-2eb2-2a3064265f94"
    },
    "slots": [
      {
        "type": "image",
        "slot_name": "0",
        "width": 333,
        "height": 500,
        "thumbnail_url": "https://darwin.v7labs.com/api/v2/teams/smart-agriculture/files/833b2ddd-db64-40e8-822f-d41496fecc4c/thumbnail",
        "source_files": [
          {
            "file_name": "000000005503_standing.jpg",
            "url": "https://darwin.v7labs.com/api/v2/teams/smart-agriculture/uploads/7aa96fe5-f8a3-4ad1-96fc-d9ad137027c5"
          }
        ]
      }
    ]
  },
  "annotations": [
    {
      "bounding_box": {
        "h": 134.0782,
        "w": 261.8715,
        "x": 6.5838,
        "y": 358.2402
      },
      "id": "b21cafca-d189-4c16-9406-22c4f6d688f9",
      "name": "standing",
      "properties": [],
      "slot_names": [
        "0"
      ]
    }
  ],
  "properties": []
}