{
  "version": "2.0",
  "schema_ref": "https://darwin-public.s3.eu-west-1.amazonaws.com/darwin_json/2.0/schema.json",
  "item": {
    "name": "000000504074_sitting.jpg",
    "path": "/",
    "source_info": {
      "item_id": "0195ee46-09c4-6d76-eedf-2503e229fc54",
      "dataset": {
        "name": "DMDL-ASS1",
        "slug": "dmdl-ass1",
        "dataset_management_url": "https://darwin.v7labs.com/datasets/1669395/dataset-management"
      },
      "team": {
        "name": "Smart Agriculture ",
        "slug": "smart-agriculture"
      },
      "workview_url": "https://darwin.v7labs.com/workview?dataset=1669395&item=0195ee46-09c4-6d76-eedf-2503e229fc54"
    },
    "slots": [
      {
        "type": "image",
        "slot_name": "0",
        "width": 640,
        "height": 427,
        "thumbnail_url": "https://darwin.v7labs.com/api/v2/teams/smart-agriculture/files/1087a7a3-1ab5-49a3-a742-c23999842b81/thumbnail",
        "source_files": [
          {
            "file_name": "000000504074_sitting.jpg",
            "url": "https://darwin.v7labs.com/api/v2/teams/smart-agriculture/uploads/3f9ec637-e03f-4a84-ac81-c4dcaa66bdda"
          }
        ]
      }
    ]
  },
  "annotations": [
    {
      "bounding_box": {
        "h": 283.2751,
        "w": 115.0992,
        "x": 94.5726,
        "y": 75.7388
      },
      "id": "7ee8a726-b85b-42b1-9507-86cffac32234",
      "name": "sitting",
      "properties": [],
      "slot_names": [
        "0"
      ]
    },
    {
      "bounding_box": {
        "h": 326.2137,
        "w": 278.5042,
        "x": 272.8869,
        "y": 93.6299
      },
      "id": "6a5c04cc-fa96-4de9-bc91-df362ff6471c",
      "name": "sitting",
      "properties": [],
      "slot_names": [
        "0"
      ]
    }
  ],
  "properties": []
}