{
  "version": "2.0",
  "schema_ref": "https://darwin-public.s3.eu-west-1.amazonaws.com/darwin_json/2.0/schema.json",
  "item": {
    "name": "000000170955_walking_running.jpg",
    "path": "/",
    "source_info": {
      "item_id": "0195ee46-09b2-0750-ab6e-d67dfed0f9a8",
      "dataset": {
        "name": "DMDL-ASS1",
        "slug": "dmdl-ass1",
        "dataset_management_url": "https://darwin.v7labs.com/datasets/1669395/dataset-management"
      },
      "team": {
        "name": "Smart Agriculture ",
        "slug": "smart-agriculture"
      },
      "workview_url": "https://darwin.v7labs.com/workview?dataset=1669395&item=0195ee46-09b2-0750-ab6e-d67dfed0f9a8"
    },
    "slots": [
      {
        "type": "image",
        "slot_name": "0",
        "width": 640,
        "height": 427,
        "thumbnail_url": "https://darwin.v7labs.com/api/v2/teams/smart-agriculture/files/a01d1231-d2c9-4110-b664-177d3013522e/thumbnail",
        "source_files": [
          {
            "file_name": "000000170955_walking_running.jpg",
            "url": "https://darwin.v7labs.com/api/v2/teams/smart-agriculture/uploads/5e136ceb-bc5f-46e2-93a2-0bc9e9a696a1"
          }
        ]
      }
    ]
  },
  "annotations": [
    {
      "bounding_box": {
        "h": 417.4581,
        "w": 223.6383,
        "x": 414.2263,
        "y": 5.3673
      },
      "id": "16b8670b-1cfe-4bc3-bcb7-484137e56511",
      "name": "walking_running",
      "properties": [],
      "slot_names": [
        "0"
      ]
    }
  ],
  "properties": []
}