{
  "version": "2.0",
  "schema_ref": "https://darwin-public.s3.eu-west-1.amazonaws.com/darwin_json/2.0/schema.json",
  "item": {
    "name": "000000100624_walking_running.jpg",
    "path": "/",
    "source_info": {
      "item_id": "0195ee46-09af-c3e2-12e8-8e0124f7aff7",
      "dataset": {
        "name": "DMDL-ASS1",
        "slug": "dmdl-ass1",
        "dataset_management_url": "https://darwin.v7labs.com/datasets/1669395/dataset-management"
      },
      "team": {
        "name": "Smart Agriculture ",
        "slug": "smart-agriculture"
      },
      "workview_url": "https://darwin.v7labs.com/workview?dataset=1669395&item=0195ee46-09af-c3e2-12e8-8e0124f7aff7"
    },
    "slots": [
      {
        "type": "image",
        "slot_name": "0",
        "width": 640,
        "height": 427,
        "thumbnail_url": "https://darwin.v7labs.com/api/v2/teams/smart-agriculture/files/025d44b1-4438-49e3-95dc-957808b680ad/thumbnail",
        "source_files": [
          {
            "file_name": "000000100624_walking_running.jpg",
            "url": "https://darwin.v7labs.com/api/v2/teams/smart-agriculture/uploads/dd12d42f-0b03-4542-9a69-f582a7e07616"
          }
        ]
      }
    ]
  },
  "annotations": [
    {
      "bounding_box": {
        "h": 357.8212,
        "w": 264.7877,
        "x": 61.176,
        "y": 50.6913
      },
      "id": "830749b6-4bb2-4ada-b910-be4e01f131a1",
      "name": "walking_running",
      "properties": [],
      "slot_names": [
        "0"
      ]
    }
  ],
  "properties": []
}