{
  "version": "2.0",
  "schema_ref": "https://darwin-public.s3.eu-west-1.amazonaws.com/darwin_json/2.0/schema.json",
  "item": {
    "name": "000000292082_sitting.jpg",
    "path": "/",
    "source_info": {
      "item_id": "0195ee46-09b9-e68b-0b83-f56b3128eb20",
      "dataset": {
        "name": "DMDL-ASS1",
        "slug": "dmdl-ass1",
        "dataset_management_url": "https://darwin.v7labs.com/datasets/1669395/dataset-management"
      },
      "team": {
        "name": "Smart Agriculture ",
        "slug": "smart-agriculture"
      },
      "workview_url": "https://darwin.v7labs.com/workview?dataset=1669395&item=0195ee46-09b9-e68b-0b83-f56b3128eb20"
    },
    "slots": [
      {
        "type": "image",
        "slot_name": "0",
        "width": 640,
        "height": 640,
        "thumbnail_url": "https://darwin.v7labs.com/api/v2/teams/smart-agriculture/files/8aec91a4-b5ed-49c6-8152-e75ed00849c7/thumbnail",
        "source_files": [
          {
            "file_name": "000000292082_sitting.jpg",
            "url": "https://darwin.v7labs.com/api/v2/teams/smart-agriculture/uploads/aeeb6617-d324-47e9-a8b0-fbe76232a8b9"
          }
        ]
      }
    ]
  },
  "annotations": [
    {
      "bounding_box": {
        "h": 437.095,
        "w": 445.1397,
        "x": 76.8715,
        "y": 176.9832
      },
      "id": "3be48096-437d-47ad-b8f4-b09a52988185",
      "name": "sitting",
      "properties": [],
      "slot_names": [
        "0"
      ]
    }
  ],
  "properties": []
}