{
  "version": "2.0",
  "schema_ref": "https://darwin-public.s3.eu-west-1.amazonaws.com/darwin_json/2.0/schema.json",
  "item": {
    "name": "000000067180_sitting.jpg",
    "path": "/",
    "source_info": {
      "item_id": "0195ee46-09ae-3909-0b05-096d38880cbb",
      "dataset": {
        "name": "DMDL-ASS1",
        "slug": "dmdl-ass1",
        "dataset_management_url": "https://darwin.v7labs.com/datasets/1669395/dataset-management"
      },
      "team": {
        "name": "Smart Agriculture ",
        "slug": "smart-agriculture"
      },
      "workview_url": "https://darwin.v7labs.com/workview?dataset=1669395&item=0195ee46-09ae-3909-0b05-096d38880cbb"
    },
    "slots": [
      {
        "type": "image",
        "slot_name": "0",
        "width": 480,
        "height": 640,
        "thumbnail_url": "https://darwin.v7labs.com/api/v2/teams/smart-agriculture/files/bed8b2b2-5ff4-4862-98d5-e2d3e2f47ad0/thumbnail",
        "source_files": [
          {
            "file_name": "000000067180_sitting.jpg",
            "url": "https://darwin.v7labs.com/api/v2/teams/smart-agriculture/uploads/c9259feb-bb64-4192-8537-a5c7cb6f937b"
          }
        ]
      }
    ]
  },
  "annotations": [
    {
      "bounding_box": {
        "h": 506.8156,
        "w": 200.2235,
        "x": 149.7207,
        "y": 36.648
      },
      "id": "d49fc149-bd4f-4c95-a800-1dbf0730c346",
      "name": "sitting",
      "properties": [],
      "slot_names": [
        "0"
      ]
    }
  ],
  "properties": []
}