{
  "version": "2.0",
  "schema_ref": "https://darwin-public.s3.eu-west-1.amazonaws.com/darwin_json/2.0/schema.json",
  "item": {
    "name": "000000105264_walking_running.jpg",
    "path": "/",
    "source_info": {
      "item_id": "0195ee46-09b0-6ba9-267c-b8447890742f",
      "dataset": {
        "name": "DMDL-ASS1",
        "slug": "dmdl-ass1",
        "dataset_management_url": "https://darwin.v7labs.com/datasets/1669395/dataset-management"
      },
      "team": {
        "name": "Smart Agriculture ",
        "slug": "smart-agriculture"
      },
      "workview_url": "https://darwin.v7labs.com/workview?dataset=1669395&item=0195ee46-09b0-6ba9-267c-b8447890742f"
    },
    "slots": [
      {
        "type": "image",
        "slot_name": "0",
        "width": 640,
        "height": 427,
        "thumbnail_url": "https://darwin.v7labs.com/api/v2/teams/smart-agriculture/files/9f8d8d95-65c4-4c64-9840-8215e8b9c962/thumbnail",
        "source_files": [
          {
            "file_name": "000000105264_walking_running.jpg",
            "url": "https://darwin.v7labs.com/api/v2/teams/smart-agriculture/uploads/6369795a-1c1e-41b7-ac64-529be9d86295"
          }
        ]
      }
    ]
  },
  "annotations": [
    {
      "bounding_box": {
        "h": 226.6201,
        "w": 106.75,
        "x": 389.7751,
        "y": 105.5573
      },
      "id": "127adcf0-dc8e-42c3-b1fe-f74b26f81761",
      "name": "walking_running",
      "properties": [],
      "slot_names": [
        "0"
      ]
    }
  ],
  "properties": []
}