{
  "version": "2.0",
  "schema_ref": "https://darwin-public.s3.eu-west-1.amazonaws.com/darwin_json/2.0/schema.json",
  "item": {
    "name": "000000399462_walking_running.jpg",
    "path": "/",
    "source_info": {
      "item_id": "0195ee46-09be-07c9-d751-c9d24489de75",
      "dataset": {
        "name": "DMDL-ASS1",
        "slug": "dmdl-ass1",
        "dataset_management_url": "https://darwin.v7labs.com/datasets/1669395/dataset-management"
      },
      "team": {
        "name": "Smart Agriculture ",
        "slug": "smart-agriculture"
      },
      "workview_url": "https://darwin.v7labs.com/workview?dataset=1669395&item=0195ee46-09be-07c9-d751-c9d24489de75"
    },
    "slots": [
      {
        "type": "image",
        "slot_name": "0",
        "width": 300,
        "height": 451,
        "thumbnail_url": "https://darwin.v7labs.com/api/v2/teams/smart-agriculture/files/23a6b104-95b1-4261-83f1-a1119f9e6e93/thumbnail",
        "source_files": [
          {
            "file_name": "000000399462_walking_running.jpg",
            "url": "https://darwin.v7labs.com/api/v2/teams/smart-agriculture/uploads/71a57433-d7f0-450b-a3c6-63306e25416d"
          }
        ]
      }
    ]
  },
  "annotations": [
    {
      "bounding_box": {
        "h": 275.2612,
        "w": 141.7249,
        "x": 110.317,
        "y": 32.1243
      },
      "id": "9fd1a2bc-4787-48d0-927e-d45ac2af16c0",
      "name": "walking_running",
      "properties": [],
      "slot_names": [
        "0"
      ]
    }
  ],
  "properties": []
}