{
  "version": "2.0",
  "schema_ref": "https://darwin-public.s3.eu-west-1.amazonaws.com/darwin_json/2.0/schema.json",
  "item": {
    "name": "000000439522_walking_running.jpg",
    "path": "/",
    "source_info": {
      "item_id": "0195ee46-09c0-e040-035e-ab7e417d1d98",
      "dataset": {
        "name": "DMDL-ASS1",
        "slug": "dmdl-ass1",
        "dataset_management_url": "https://darwin.v7labs.com/datasets/1669395/dataset-management"
      },
      "team": {
        "name": "Smart Agriculture ",
        "slug": "smart-agriculture"
      },
      "workview_url": "https://darwin.v7labs.com/workview?dataset=1669395&item=0195ee46-09c0-e040-035e-ab7e417d1d98"
    },
    "slots": [
      {
        "type": "image",
        "slot_name": "0",
        "width": 428,
        "height": 640,
        "thumbnail_url": "https://darwin.v7labs.com/api/v2/teams/smart-agriculture/files/e8503a73-6153-4c51-9a2d-99762aac80c5/thumbnail",
        "source_files": [
          {
            "file_name": "000000439522_walking_running.jpg",
            "url": "https://darwin.v7labs.com/api/v2/teams/smart-agriculture/uploads/8bcc4ffe-6486-4fe6-93c9-f58d50083a6c"
          }
        ]
      }
    ]
  },
  "annotations": [
    {
      "bounding_box": {
        "h": 584.581,
        "w": 390.6145,
        "x": 36.1229,
        "y": 22.3464
      },
      "id": "35405cb9-8961-4700-9bc7-f6b89af93f8f",
      "name": "walking_running",
      "properties": [],
      "slot_names": [
        "0"
      ]
    }
  ],
  "properties": []
}