{
  "version": "2.0",
  "schema_ref": "https://darwin-public.s3.eu-west-1.amazonaws.com/darwin_json/2.0/schema.json",
  "item": {
    "name": "000000232563_walking_running.jpg",
    "path": "/",
    "source_info": {
      "item_id": "0195ee46-09b5-3408-c36f-ba2a8a39bbdf",
      "dataset": {
        "name": "DMDL-ASS1",
        "slug": "dmdl-ass1",
        "dataset_management_url": "https://darwin.v7labs.com/datasets/1669395/dataset-management"
      },
      "team": {
        "name": "Smart Agriculture ",
        "slug": "smart-agriculture"
      },
      "workview_url": "https://darwin.v7labs.com/workview?dataset=1669395&item=0195ee46-09b5-3408-c36f-ba2a8a39bbdf"
    },
    "slots": [
      {
        "type": "image",
        "slot_name": "0",
        "width": 480,
        "height": 640,
        "thumbnail_url": "https://darwin.v7labs.com/api/v2/teams/smart-agriculture/files/e998670d-eb65-4749-9517-20a1e5acf140/thumbnail",
        "source_files": [
          {
            "file_name": "000000232563_walking_running.jpg",
            "url": "https://darwin.v7labs.com/api/v2/teams/smart-agriculture/uploads/9923f809-d916-46a7-9994-79d48201dfc8"
          }
        ]
      }
    ]
  },
  "annotations": [
    {
      "bounding_box": {
        "h": 547.933,
        "w": 232.4022,
        "x": 123.7989,
        "y": 85.8101
      },
      "id": "310a465d-3e89-471e-abf2-209af3011146",
      "name": "walking_running",
      "properties": [],
      "slot_names": [
        "0"
      ]
    }
  ],
  "properties": []
}