{
  "version": "2.0",
  "schema_ref": "https://darwin-public.s3.eu-west-1.amazonaws.com/darwin_json/2.0/schema.json",
  "item": {
    "name": "000000022371_sitting.jpg",
    "path": "/",
    "source_info": {
      "item_id": "0195ee46-09ad-a987-964d-bceb0bcf7fe2",
      "dataset": {
        "name": "DMDL-ASS1",
        "slug": "dmdl-ass1",
        "dataset_management_url": "https://darwin.v7labs.com/datasets/1669395/dataset-management"
      },
      "team": {
        "name": "Smart Agriculture ",
        "slug": "smart-agriculture"
      },
      "workview_url": "https://darwin.v7labs.com/workview?dataset=1669395&item=0195ee46-09ad-a987-964d-bceb0bcf7fe2"
    },
    "slots": [
      {
        "type": "image",
        "slot_name": "0",
        "width": 425,
        "height": 282,
        "thumbnail_url": "https://darwin.v7labs.com/api/v2/teams/smart-agriculture/files/993dd3bd-deee-4de4-ae96-ee344eb38c4e/thumbnail",
        "source_files": [
          {
            "file_name": "000000022371_sitting.jpg",
            "url": "https://darwin.v7labs.com/api/v2/teams/smart-agriculture/uploads/e8df0435-92bb-4acd-8022-399edeb24f6c"
          }
        ]
      }
    ]
  },
  "annotations": [
    {
      "bounding_box": {
        "h": 258.3687,
        "w": 283.9693,
        "x": 78.1955,
        "y": 19.6927
      },
      "id": "ed864e19-2438-4ac9-83f0-b12cd304c191",
      "name": "sitting",
      "properties": [],
      "slot_names": [
        "0"
      ]
    }
  ],
  "properties": []
}