{
  "version": "2.0",
  "schema_ref": "https://darwin-public.s3.eu-west-1.amazonaws.com/darwin_json/2.0/schema.json",
  "item": {
    "name": "000000529939_walking_running.jpg",
    "path": "/",
    "source_info": {
      "item_id": "0195ee46-09c5-7886-94c7-ab2ba5b3066d",
      "dataset": {
        "name": "DMDL-ASS1",
        "slug": "dmdl-ass1",
        "dataset_management_url": "https://darwin.v7labs.com/datasets/1669395/dataset-management"
      },
      "team": {
        "name": "Smart Agriculture ",
        "slug": "smart-agriculture"
      },
      "workview_url": "https://darwin.v7labs.com/workview?dataset=1669395&item=0195ee46-09c5-7886-94c7-ab2ba5b3066d"
    },
    "slots": [
      {
        "type": "image",
        "slot_name": "0",
        "width": 640,
        "height": 480,
        "thumbnail_url": "https://darwin.v7labs.com/api/v2/teams/smart-agriculture/files/2a3b4979-89bf-43d6-ba1c-e6fb05f8a2b1/thumbnail",
        "source_files": [
          {
            "file_name": "000000529939_walking_running.jpg",
            "url": "https://darwin.v7labs.com/api/v2/teams/smart-agriculture/uploads/9b29afb8-a26e-4d7a-b487-b9ef19bb4177"
          }
        ]
      }
    ]
  },
  "annotations": [
    {
      "bounding_box": {
        "h": 253.4078,
        "w": 65.6983,
        "x": 464.8045,
        "y": 146.8156
      },
      "id": "a06084c0-4113-4171-9403-66f2c9acf3d9",
      "name": "walking_running",
      "properties": [],
      "slot_names": [
        "0"
      ]
    }
  ],
  "properties": []
}