{
  "version": "2.0",
  "schema_ref": "https://darwin-public.s3.eu-west-1.amazonaws.com/darwin_json/2.0/schema.json",
  "item": {
    "name": "000000349184_sitting.jpg",
    "path": "/",
    "source_info": {
      "item_id": "0195ee46-09bc-21f0-fd40-c5b3167bd48f",
      "dataset": {
        "name": "DMDL-ASS1",
        "slug": "dmdl-ass1",
        "dataset_management_url": "https://darwin.v7labs.com/datasets/1669395/dataset-management"
      },
      "team": {
        "name": "Smart Agriculture ",
        "slug": "smart-agriculture"
      },
      "workview_url": "https://darwin.v7labs.com/workview?dataset=1669395&item=0195ee46-09bc-21f0-fd40-c5b3167bd48f"
    },
    "slots": [
      {
        "type": "image",
        "slot_name": "0",
        "width": 428,
        "height": 640,
        "thumbnail_url": "https://darwin.v7labs.com/api/v2/teams/smart-agriculture/files/87805fc7-4b69-4638-a987-4bdc353594fa/thumbnail",
        "source_files": [
          {
            "file_name": "000000349184_sitting.jpg",
            "url": "https://darwin.v7labs.com/api/v2/teams/smart-agriculture/uploads/ce119cd6-3db6-4ef5-9b11-0484bb34efc4"
          }
        ]
      }
    ]
  },
  "annotations": [
    {
      "bounding_box": {
        "h": 443.352,
        "w": 235.0838,
        "x": 1.2626,
        "y": 131.3966
      },
      "id": "9113e728-a262-4e5e-bb56-a0d77115d040",
      "name": "sitting",
      "properties": [],
      "slot_names": [
        "0"
      ]
    }
  ],
  "properties": []
}