{
  "version": "2.0",
  "schema_ref": "https://darwin-public.s3.eu-west-1.amazonaws.com/darwin_json/2.0/schema.json",
  "item": {
    "name": "000000389812_standing.jpg",
    "path": "/",
    "source_info": {
      "item_id": "0195ee46-09be-633a-1727-1cfb554eb421",
      "dataset": {
        "name": "DMDL-ASS1",
        "slug": "dmdl-ass1",
        "dataset_management_url": "https://darwin.v7labs.com/datasets/1669395/dataset-management"
      },
      "team": {
        "name": "Smart Agriculture ",
        "slug": "smart-agriculture"
      },
      "workview_url": "https://darwin.v7labs.com/workview?dataset=1669395&item=0195ee46-09be-633a-1727-1cfb554eb421"
    },
    "slots": [
      {
        "type": "image",
        "slot_name": "0",
        "width": 640,
        "height": 480,
        "thumbnail_url": "https://darwin.v7labs.com/api/v2/teams/smart-agriculture/files/44216fee-2dd5-4ec9-9982-0d6b3aec6b77/thumbnail",
        "source_files": [
          {
            "file_name": "000000389812_standing.jpg",
            "url": "https://darwin.v7labs.com/api/v2/teams/smart-agriculture/uploads/020d00df-cbd3-47ee-84e4-7c881bd0c7dc"
          }
        ]
      }
    ]
  },
  "annotations": [
    {
      "bounding_box": {
        "h": 421.676,
        "w": 315.0838,
        "x": 186.5922,
        "y": 54.3017
      },
      "id": "129eb05e-b4e5-47c9-9bc4-3ad938428def",
      "name": "standing",
      "properties": [],
      "slot_names": [
        "0"
      ]
    }
  ],
  "properties": []
}