{
  "version": "2.0",
  "schema_ref": "https://darwin-public.s3.eu-west-1.amazonaws.com/darwin_json/2.0/schema.json",
  "item": {
    "name": "000000132587_sitting.jpg",
    "path": "/",
    "source_info": {
      "item_id": "0195ee46-09b0-3468-3d47-662db5b42593",
      "dataset": {
        "name": "DMDL-ASS1",
        "slug": "dmdl-ass1",
        "dataset_management_url": "https://darwin.v7labs.com/datasets/1669395/dataset-management"
      },
      "team": {
        "name": "Smart Agriculture ",
        "slug": "smart-agriculture"
      },
      "workview_url": "https://darwin.v7labs.com/workview?dataset=1669395&item=0195ee46-09b0-3468-3d47-662db5b42593"
    },
    "slots": [
      {
        "type": "image",
        "slot_name": "0",
        "width": 640,
        "height": 425,
        "thumbnail_url": "https://darwin.v7labs.com/api/v2/teams/smart-agriculture/files/aea1a80b-bf77-4757-806f-84618dfbf8a7/thumbnail",
        "source_files": [
          {
            "file_name": "000000132587_sitting.jpg",
            "url": "https://darwin.v7labs.com/api/v2/teams/smart-agriculture/uploads/2efd1ee2-dc10-4160-a980-6aa4e8f6fc80"
          }
        ]
      }
    ]
  },
  "annotations": [
    {
      "bounding_box": {
        "h": 362.081,
        "w": 261.1732,
        "x": 45.7682,
        "y": 17.2137
      },
      "id": "7e721f07-cd7e-43c2-950c-c65f31023c82",
      "name": "sitting",
      "properties": [],
      "slot_names": [
        "0"
      ]
    }
  ],
  "properties": []
}