{
  "version": "2.0",
  "schema_ref": "https://darwin-public.s3.eu-west-1.amazonaws.com/darwin_json/2.0/schema.json",
  "item": {
    "name": "000000275198_standing.jpg",
    "path": "/",
    "source_info": {
      "item_id": "0195ee46-09b8-ac70-8ba6-c244e652f7d2",
      "dataset": {
        "name": "DMDL-ASS1",
        "slug": "dmdl-ass1",
        "dataset_management_url": "https://darwin.v7labs.com/datasets/1669395/dataset-management"
      },
      "team": {
        "name": "Smart Agriculture ",
        "slug": "smart-agriculture"
      },
      "workview_url": "https://darwin.v7labs.com/workview?dataset=1669395&item=0195ee46-09b8-ac70-8ba6-c244e652f7d2"
    },
    "slots": [
      {
        "type": "image",
        "slot_name": "0",
        "width": 640,
        "height": 480,
        "thumbnail_url": "https://darwin.v7labs.com/api/v2/teams/smart-agriculture/files/31ff67bf-b759-4152-89b5-2ba4ce275346/thumbnail",
        "source_files": [
          {
            "file_name": "000000275198_standing.jpg",
            "url": "https://darwin.v7labs.com/api/v2/teams/smart-agriculture/uploads/db25fc94-0cf3-4cb0-ae43-e43392cfd8e5"
          }
        ]
      }
    ]
  },
  "annotations": [
    {
      "bounding_box": {
        "h": 435.0838,
        "w": 178.324,
        "x": 2.2346,
        "y": 38.2123
      },
      "id": "8dd95735-e9df-468f-b2e3-8da555e272df",
      "name": "standing",
      "properties": [],
      "slot_names": [
        "0"
      ]
    }
  ],
  "properties": []
}