{
  "version": "2.0",
  "schema_ref": "https://darwin-public.s3.eu-west-1.amazonaws.com/darwin_json/2.0/schema.json",
  "item": {
    "name": "000000097988_standing.jpg",
    "path": "/",
    "source_info": {
      "item_id": "0195ee46-09af-9e94-4d96-0e3db4e95f7c",
      "dataset": {
        "name": "DMDL-ASS1",
        "slug": "dmdl-ass1",
        "dataset_management_url": "https://darwin.v7labs.com/datasets/1669395/dataset-management"
      },
      "team": {
        "name": "Smart Agriculture ",
        "slug": "smart-agriculture"
      },
      "workview_url": "https://darwin.v7labs.com/workview?dataset=1669395&item=0195ee46-09af-9e94-4d96-0e3db4e95f7c"
    },
    "slots": [
      {
        "type": "image",
        "slot_name": "0",
        "width": 612,
        "height": 612,
        "thumbnail_url": "https://darwin.v7labs.com/api/v2/teams/smart-agriculture/files/c56dc7f3-d226-46e3-88e8-d32a47befde6/thumbnail",
        "source_files": [
          {
            "file_name": "000000097988_standing.jpg",
            "url": "https://darwin.v7labs.com/api/v2/teams/smart-agriculture/uploads/c1817e8a-ee6e-4f0e-8818-c27d30ac2605"
          }
        ]
      }
    ]
  },
  "annotations": [
    {
      "bounding_box": {
        "h": 376.9441,
        "w": 121.3743,
        "x": 188.0447,
        "y": 212.8324
      },
      "id": "2421332b-aefd-4183-a295-9c8b50ecc644",
      "name": "standing",
      "properties": [],
      "slot_names": [
        "0"
      ]
    }
  ],
  "properties": []
}