{
  "version": "2.0",
  "schema_ref": "https://darwin-public.s3.eu-west-1.amazonaws.com/darwin_json/2.0/schema.json",
  "item": {
    "name": "000000054654_standing.jpg",
    "path": "/",
    "source_info": {
      "item_id": "0195ee46-09ae-eb0b-ed14-592c7cea1e69",
      "dataset": {
        "name": "DMDL-ASS1",
        "slug": "dmdl-ass1",
        "dataset_management_url": "https://darwin.v7labs.com/datasets/1669395/dataset-management"
      },
      "team": {
        "name": "Smart Agriculture ",
        "slug": "smart-agriculture"
      },
      "workview_url": "https://darwin.v7labs.com/workview?dataset=1669395&item=0195ee46-09ae-eb0b-ed14-592c7cea1e69"
    },
    "slots": [
      {
        "type": "image",
        "slot_name": "0",
        "width": 407,
        "height": 640,
        "thumbnail_url": "https://darwin.v7labs.com/api/v2/teams/smart-agriculture/files/aa1f6e85-03a5-481d-886d-5fd1bf53d3c9/thumbnail",
        "source_files": [
          {
            "file_name": "000000054654_standing.jpg",
            "url": "https://darwin.v7labs.com/api/v2/teams/smart-agriculture/uploads/c10e7d13-123c-4941-a3e4-c09fe8e41c39"
          }
        ]
      }
    ]
  },
  "annotations": [
    {
      "bounding_box": {
        "h": 581.8994,
        "w": 224.3575,
        "x": 161.4888,
        "y": 51.8436
      },
      "id": "b6fe8084-c11a-4bf7-ad2f-f24af7fc5514",
      "name": "standing",
      "properties": [],
      "slot_names": [
        "0"
      ]
    }
  ],
  "properties": []
}