{
  "version": "2.0",
  "schema_ref": "https://darwin-public.s3.eu-west-1.amazonaws.com/darwin_json/2.0/schema.json",
  "item": {
    "name": "000000352684_standing.jpg",
    "path": "/",
    "source_info": {
      "item_id": "0195ee46-09bc-d01a-0732-7dd1f826a7e1",
      "dataset": {
        "name": "DMDL-ASS1",
        "slug": "dmdl-ass1",
        "dataset_management_url": "https://darwin.v7labs.com/datasets/1669395/dataset-management"
      },
      "team": {
        "name": "Smart Agriculture ",
        "slug": "smart-agriculture"
      },
      "workview_url": "https://darwin.v7labs.com/workview?dataset=1669395&item=0195ee46-09bc-d01a-0732-7dd1f826a7e1"
    },
    "slots": [
      {
        "type": "image",
        "slot_name": "0",
        "width": 424,
        "height": 640,
        "thumbnail_url": "https://darwin.v7labs.com/api/v2/teams/smart-agriculture/files/0942da6c-635d-4572-b385-0b32410f272e/thumbnail",
        "source_files": [
          {
            "file_name": "000000352684_standing.jpg",
            "url": "https://darwin.v7labs.com/api/v2/teams/smart-agriculture/uploads/d0128a77-4c3d-4bac-a85b-60f013941a62"
          }
        ]
      }
    ]
  },
  "annotations": [
    {
      "bounding_box": {
        "h": 419.2179,
        "w": 128.7151,
        "x": 161.0503,
        "y": 218.1006
      },
      "id": "07b5a112-b1ee-419a-9193-ce00407e30a6",
      "name": "standing",
      "properties": [],
      "slot_names": [
        "0"
      ]
    },
    {
      "bounding_box": {
        "h": 302.1229,
        "w": 64.3575,
        "x": 299.5978,
        "y": 235.0838
      },
      "id": "05261f02-142e-4fc8-9379-ac5b27163e34",
      "name": "standing",
      "properties": [],
      "slot_names": [
        "0"
      ]
    }
  ],
  "properties": []
}