{
  "version": "2.0",
  "schema_ref": "https://darwin-public.s3.eu-west-1.amazonaws.com/darwin_json/2.0/schema.json",
  "item": {
    "name": "000000057597_walking_running.jpg",
    "path": "/",
    "source_info": {
      "item_id": "0195ee46-09ae-7cb9-2fca-19220da1cad2",
      "dataset": {
        "name": "DMDL-ASS1",
        "slug": "dmdl-ass1",
        "dataset_management_url": "https://darwin.v7labs.com/datasets/1669395/dataset-management"
      },
      "team": {
        "name": "Smart Agriculture ",
        "slug": "smart-agriculture"
      },
      "workview_url": "https://darwin.v7labs.com/workview?dataset=1669395&item=0195ee46-09ae-7cb9-2fca-19220da1cad2"
    },
    "slots": [
      {
        "type": "image",
        "slot_name": "0",
        "width": 640,
        "height": 426,
        "thumbnail_url": "https://darwin.v7labs.com/api/v2/teams/smart-agriculture/files/6f4765d1-4c10-42ba-90be-a50680cd7697/thumbnail",
        "source_files": [
          {
            "file_name": "000000057597_walking_running.jpg",
            "url": "https://darwin.v7labs.com/api/v2/teams/smart-agriculture/uploads/1c638d5d-fe4d-4833-8565-2a920baa6db3"
          }
        ]
      }
    ]
  },
  "annotations": [
    {
      "bounding_box": {
        "h": 173.7318,
        "w": 119.5894,
        "x": 322.9749,
        "y": 151.1229
      },
      "id": "f4d072f9-376b-489a-aedc-f65587bb5c45",
      "name": "walking_running",
      "properties": [],
      "slot_names": [
        "0"
      ]
    },
    {
      "bounding_box": {
        "h": 188.6061,
        "w": 105.3101,
        "x": 416.3855,
        "y": 158.2626
      },
      "id": "d124f795-f490-46db-ab89-51ed44a37349",
      "name": "walking_running",
      "properties": [],
      "slot_names": [
        "0"
      ]
    },
    {
      "bounding_box": {
        "h": 154.0978,
        "w": 98.7654,
        "x": 526.4553,
        "y": 131.4888
      },
      "id": "7e164ab6-b7d0-4801-89f3-5b3d8b54316e",
      "name": "walking_running",
      "properties": [],
      "slot_names": [
        "0"
      ]
    }
  ],
  "properties": []
}