{
  "version": "2.0",
  "schema_ref": "https://darwin-public.s3.eu-west-1.amazonaws.com/darwin_json/2.0/schema.json",
  "item": {
    "name": "000000489339_walking_running.jpg",
    "path": "/",
    "source_info": {
      "item_id": "0195ee46-09c3-a110-1ba8-df6bc28ba1ec",
      "dataset": {
        "name": "DMDL-ASS1",
        "slug": "dmdl-ass1",
        "dataset_management_url": "https://darwin.v7labs.com/datasets/1669395/dataset-management"
      },
      "team": {
        "name": "Smart Agriculture ",
        "slug": "smart-agriculture"
      },
      "workview_url": "https://darwin.v7labs.com/workview?dataset=1669395&item=0195ee46-09c3-a110-1ba8-df6bc28ba1ec"
    },
    "slots": [
      {
        "type": "image",
        "slot_name": "0",
        "width": 426,
        "height": 640,
        "thumbnail_url": "https://darwin.v7labs.com/api/v2/teams/smart-agriculture/files/1d719ece-ef04-4bcb-aca5-302d2df6c1c4/thumbnail",
        "source_files": [
          {
            "file_name": "000000489339_walking_running.jpg",
            "url": "https://darwin.v7labs.com/api/v2/teams/smart-agriculture/uploads/99dbf028-cb20-400e-9e79-c9b8a10290d9"
          }
        ]
      }
    ]
  },
  "annotations": [
    {
      "bounding_box": {
        "h": 570.2793,
        "w": 327.1508,
        "x": 51.2123,
        "y": 67.0391
      },
      "id": "2658c3ee-6df1-4d2c-a251-667936186f9d",
      "name": "walking_running",
      "properties": [],
      "slot_names": [
        "0"
      ]
    }
  ],
  "properties": []
}