{
  "version": "2.0",
  "schema_ref": "https://darwin-public.s3.eu-west-1.amazonaws.com/darwin_json/2.0/schema.json",
  "item": {
    "name": "000000453166_standing.jpg",
    "path": "/",
    "source_info": {
      "item_id": "0195ee46-09c1-87e5-bbf7-e0512cede589",
      "dataset": {
        "name": "DMDL-ASS1",
        "slug": "dmdl-ass1",
        "dataset_management_url": "https://darwin.v7labs.com/datasets/1669395/dataset-management"
      },
      "team": {
        "name": "Smart Agriculture ",
        "slug": "smart-agriculture"
      },
      "workview_url": "https://darwin.v7labs.com/workview?dataset=1669395&item=0195ee46-09c1-87e5-bbf7-e0512cede589"
    },
    "slots": [
      {
        "type": "image",
        "slot_name": "0",
        "width": 640,
        "height": 425,
        "thumbnail_url": "https://darwin.v7labs.com/api/v2/teams/smart-agriculture/files/7d43e31a-a729-4d07-add0-2e9a31fd4458/thumbnail",
        "source_files": [
          {
            "file_name": "000000453166_standing.jpg",
            "url": "https://darwin.v7labs.com/api/v2/teams/smart-agriculture/uploads/3066729e-a1f8-4677-8ead-dbcd1e9eae7d"
          }
        ]
      }
    ]
  },
  "annotations": [
    {
      "bounding_box": {
        "h": 362.6746,
        "w": 162.6397,
        "x": 6.5922,
        "y": 59.3575
      },
      "id": "e9a539f3-4138-4111-b81a-b8782c489e93",
      "name": "standing",
      "properties": [],
      "slot_names": [
        "0"
      ]
    },
    {
      "bounding_box": {
        "h": 369.7975,
        "w": 150.7682,
        "x": 167.4511,
        "y": 39.176
      },
      "id": "4e04bc03-3c8a-462d-b667-d73d4c5c3c75",
      "name": "standing",
      "properties": [],
      "slot_names": [
        "0"
      ]
    },
    {
      "bounding_box": {
        "h": 383.4497,
        "w": 116.3408,
        "x": 321.7807,
        "y": 37.9888
      },
      "id": "43ed3898-06c4-4b12-8a0d-c307ee298289",
      "name": "standing",
      "properties": [],
      "slot_names": [
        "0"
      ]
    },
    {
      "bounding_box": {
        "h": 376.9204,
        "w": 153.1425,
        "x": 456.5223,
        "y": 42.1439
      },
      "id": "791c4c97-3901-4c18-a02a-70d7b1e3ce24",
      "name": "standing",
      "properties": [],
      "slot_names": [
        "0"
      ]
    }
  ],
  "properties": []
}