{
  "version": "2.0",
  "schema_ref": "https://darwin-public.s3.eu-west-1.amazonaws.com/darwin_json/2.0/schema.json",
  "item": {
    "name": "000000129756_standing.jpg",
    "path": "/",
    "source_info": {
      "item_id": "0195ee46-09b0-42c2-511e-4ee3a827787c",
      "dataset": {
        "name": "DMDL-ASS1",
        "slug": "dmdl-ass1",
        "dataset_management_url": "https://darwin.v7labs.com/datasets/1669395/dataset-management"
      },
      "team": {
        "name": "Smart Agriculture ",
        "slug": "smart-agriculture"
      },
      "workview_url": "https://darwin.v7labs.com/workview?dataset=1669395&item=0195ee46-09b0-42c2-511e-4ee3a827787c"
    },
    "slots": [
      {
        "type": "image",
        "slot_name": "0",
        "width": 640,
        "height": 480,
        "thumbnail_url": "https://darwin.v7labs.com/api/v2/teams/smart-agriculture/files/82b42918-d2b1-49e6-978b-a190cea196c7/thumbnail",
        "source_files": [
          {
            "file_name": "000000129756_standing.jpg",
            "url": "https://darwin.v7labs.com/api/v2/teams/smart-agriculture/uploads/b01d160d-d4cc-42fc-93cd-bde4c4b576a8"
          }
        ]
      }
    ]
  },
  "annotations": [
    {
      "bounding_box": {
        "h": 158.8827,
        "w": 85.8101,
        "x": 232.8492,
        "y": 209.8324
      },
      "id": "23e43578-e622-49df-b3da-66189f292dc9",
      "name": "standing",
      "properties": [],
      "slot_names": [
        "0"
      ]
    }
  ],
  "properties": []
}