{
  "version": "2.0",
  "schema_ref": "https://darwin-public.s3.eu-west-1.amazonaws.com/darwin_json/2.0/schema.json",
  "item": {
    "name": "000000161032_standing.jpg",
    "path": "/",
    "source_info": {
      "item_id": "0195ee46-09b1-7244-9ef3-478003de57fc",
      "dataset": {
        "name": "DMDL-ASS1",
        "slug": "dmdl-ass1",
        "dataset_management_url": "https://darwin.v7labs.com/datasets/1669395/dataset-management"
      },
      "team": {
        "name": "Smart Agriculture ",
        "slug": "smart-agriculture"
      },
      "workview_url": "https://darwin.v7labs.com/workview?dataset=1669395&item=0195ee46-09b1-7244-9ef3-478003de57fc"
    },
    "slots": [
      {
        "type": "image",
        "slot_name": "0",
        "width": 640,
        "height": 480,
        "thumbnail_url": "https://darwin.v7labs.com/api/v2/teams/smart-agriculture/files/0a4bd5f0-a34a-4e51-a5f4-446960fd66a0/thumbnail",
        "source_files": [
          {
            "file_name": "000000161032_standing.jpg",
            "url": "https://darwin.v7labs.com/api/v2/teams/smart-agriculture/uploads/bb15cc17-7467-47f4-a206-108265c845bb"
          }
        ]
      }
    ]
  },
  "annotations": [
    {
      "bounding_box": {
        "h": 210.5028,
        "w": 171.6201,
        "x": 347.486,
        "y": 199.7765
      },
      "id": "0f188cb8-a9dd-4601-a2ec-e75e221be81b",
      "name": "standing",
      "properties": [],
      "slot_names": [
        "0"
      ]
    }
  ],
  "properties": []
}