{
  "version": "2.0",
  "schema_ref": "https://darwin-public.s3.eu-west-1.amazonaws.com/darwin_json/2.0/schema.json",
  "item": {
    "name": "000000172617_sitting.jpg",
    "path": "/",
    "source_info": {
      "item_id": "0195ee46-09b2-0204-5f8f-58284ed1d12e",
      "dataset": {
        "name": "DMDL-ASS1",
        "slug": "dmdl-ass1",
        "dataset_management_url": "https://darwin.v7labs.com/datasets/1669395/dataset-management"
      },
      "team": {
        "name": "Smart Agriculture ",
        "slug": "smart-agriculture"
      },
      "workview_url": "https://darwin.v7labs.com/workview?dataset=1669395&item=0195ee46-09b2-0204-5f8f-58284ed1d12e"
    },
    "slots": [
      {
        "type": "image",
        "slot_name": "0",
        "width": 375,
        "height": 500,
        "thumbnail_url": "https://darwin.v7labs.com/api/v2/teams/smart-agriculture/files/6a13a95d-e54a-49a2-b03a-6898998ad371/thumbnail",
        "source_files": [
          {
            "file_name": "000000172617_sitting.jpg",
            "url": "https://darwin.v7labs.com/api/v2/teams/smart-agriculture/uploads/621f9170-01c4-4bb2-b1b0-4f7d61f96a4c"
          }
        ]
      }
    ]
  },
  "annotations": [
    {
      "bounding_box": {
        "h": 397.3464,
        "w": 259.7765,
        "x": 110.6844,
        "y": 1.3966
      },
      "id": "09d7d21d-559b-49ad-a593-bf3dcdb62044",
      "name": "sitting",
      "properties": [],
      "slot_names": [
        "0"
      ]
    }
  ],
  "properties": []
}