{
  "version": "2.0",
  "schema_ref": "https://darwin-public.s3.eu-west-1.amazonaws.com/darwin_json/2.0/schema.json",
  "item": {
    "name": "000000133567_standing.jpg",
    "path": "/",
    "source_info": {
      "item_id": "0195ee46-09b1-33e5-cb82-39b7fedb67e8",
      "dataset": {
        "name": "DMDL-ASS1",
        "slug": "dmdl-ass1",
        "dataset_management_url": "https://darwin.v7labs.com/datasets/1669395/dataset-management"
      },
      "team": {
        "name": "Smart Agriculture ",
        "slug": "smart-agriculture"
      },
      "workview_url": "https://darwin.v7labs.com/workview?dataset=1669395&item=0195ee46-09b1-33e5-cb82-39b7fedb67e8"
    },
    "slots": [
      {
        "type": "image",
        "slot_name": "0",
        "width": 640,
        "height": 428,
        "thumbnail_url": "https://darwin.v7labs.com/api/v2/teams/smart-agriculture/files/9bdf92c9-0512-46a1-a3ef-94e48789db76/thumbnail",
        "source_files": [
          {
            "file_name": "000000133567_standing.jpg",
            "url": "https://darwin.v7labs.com/api/v2/teams/smart-agriculture/uploads/8d3b6214-0d22-40e7-9bc4-d914edae1dee"
          }
        ]
      }
    ]
  },
  "annotations": [
    {
      "bounding_box": {
        "h": 230.7374,
        "w": 112.3799,
        "x": 22.3128,
        "y": 196.067
      },
      "id": "02007a78-cdcd-421b-8fc3-84b182f4af8d",
      "name": "standing",
      "properties": [],
      "slot_names": [
        "0"
      ]
    }
  ],
  "properties": []
}