{
  "version": "2.0",
  "schema_ref": "https://darwin-public.s3.eu-west-1.amazonaws.com/darwin_json/2.0/schema.json",
  "item": {
    "name": "000000183675_sitting.jpg",
    "path": "/",
    "source_info": {
      "item_id": "0195ee46-09b3-36e5-dcec-353fb34ddcac",
      "dataset": {
        "name": "DMDL-ASS1",
        "slug": "dmdl-ass1",
        "dataset_management_url": "https://darwin.v7labs.com/datasets/1669395/dataset-management"
      },
      "team": {
        "name": "Smart Agriculture ",
        "slug": "smart-agriculture"
      },
      "workview_url": "https://darwin.v7labs.com/workview?dataset=1669395&item=0195ee46-09b3-36e5-dcec-353fb34ddcac"
    },
    "slots": [
      {
        "type": "image",
        "slot_name": "0",
        "width": 640,
        "height": 412,
        "thumbnail_url": "https://darwin.v7labs.com/api/v2/teams/smart-agriculture/files/e92e6e84-1c1d-44d4-bd09-2a3eff1c8182/thumbnail",
        "source_files": [
          {
            "file_name": "000000183675_sitting.jpg",
            "url": "https://darwin.v7labs.com/api/v2/teams/smart-agriculture/uploads/54212525-fbb8-48f7-95ed-27db6101adac"
          }
        ]
      }
    ]
  },
  "annotations": [
    {
      "bounding_box": {
        "h": 380.9274,
        "w": 171.4749,
        "x": 366.6089,
        "y": 12.0838
      },
      "id": "400a7b90-404c-4980-a0f2-595d6fb05911",
      "name": "sitting",
      "properties": [],
      "slot_names": [
        "0"
      ]
    }
  ],
  "properties": []
}