{
  "version": "2.0",
  "schema_ref": "https://darwin-public.s3.eu-west-1.amazonaws.com/darwin_json/2.0/schema.json",
  "item": {
    "name": "000000389684_walking_running.jpg",
    "path": "/",
    "source_info": {
      "item_id": "0195ee46-09be-57ec-8af5-fa151a7eb6e2",
      "dataset": {
        "name": "DMDL-ASS1",
        "slug": "dmdl-ass1",
        "dataset_management_url": "https://darwin.v7labs.com/datasets/1669395/dataset-management"
      },
      "team": {
        "name": "Smart Agriculture ",
        "slug": "smart-agriculture"
      },
      "workview_url": "https://darwin.v7labs.com/workview?dataset=1669395&item=0195ee46-09be-57ec-8af5-fa151a7eb6e2"
    },
    "slots": [
      {
        "type": "image",
        "slot_name": "0",
        "width": 640,
        "height": 480,
        "thumbnail_url": "https://darwin.v7labs.com/api/v2/teams/smart-agriculture/files/3f92f03b-a23f-40d5-a101-3699a0de7a7a/thumbnail",
        "source_files": [
          {
            "file_name": "000000389684_walking_running.jpg",
            "url": "https://darwin.v7labs.com/api/v2/teams/smart-agriculture/uploads/02c72e21-3634-4fb9-bddd-cefd22e6b272"
          }
        ]
      }
    ]
  },
  "annotations": [
    {
      "bounding_box": {
        "h": 181.676,
        "w": 54.3017,
        "x": 124.2458,
        "y": 213.1844
      },
      "id": "72e2470e-d763-4406-97ce-010ddfa7e497",
      "name": "walking_running",
      "properties": [],
      "slot_names": [
        "0"
      ]
    }
  ],
  "properties": []
}