{
  "version": "2.0",
  "schema_ref": "https://darwin-public.s3.eu-west-1.amazonaws.com/darwin_json/2.0/schema.json",
  "item": {
    "name": "000000568439_walking_running.jpg",
    "path": "/",
    "source_info": {
      "item_id": "0195ee46-09c6-7354-36a1-eefe034e3329",
      "dataset": {
        "name": "DMDL-ASS1",
        "slug": "dmdl-ass1",
        "dataset_management_url": "https://darwin.v7labs.com/datasets/1669395/dataset-management"
      },
      "team": {
        "name": "Smart Agriculture ",
        "slug": "smart-agriculture"
      },
      "workview_url": "https://darwin.v7labs.com/workview?dataset=1669395&item=0195ee46-09c6-7354-36a1-eefe034e3329"
    },
    "slots": [
      {
        "type": "image",
        "slot_name": "0",
        "width": 640,
        "height": 449,
        "thumbnail_url": "https://darwin.v7labs.com/api/v2/teams/smart-agriculture/files/e2eb713f-b2a9-4458-9f6b-09fe8af435ea/thumbnail",
        "source_files": [
          {
            "file_name": "000000568439_walking_running.jpg",
            "url": "https://darwin.v7labs.com/api/v2/teams/smart-agriculture/uploads/aae43e29-6e8c-42d5-9a84-9b41542c0f7d"
          }
        ]
      }
    ]
  },
  "annotations": [
    {
      "bounding_box": {
        "h": 213.8394,
        "w": 83.4036,
        "x": 489.3156,
        "y": 203.8059
      },
      "id": "b55e558d-3cd3-4165-bcdc-d2814b70f2ca",
      "name": "walking_running",
      "properties": [],
      "slot_names": [
        "0"
      ]
    }
  ],
  "properties": []
}