{
  "version": "2.0",
  "schema_ref": "https://darwin-public.s3.eu-west-1.amazonaws.com/darwin_json/2.0/schema.json",
  "item": {
    "name": "000000291619_walking_running.jpg",
    "path": "/",
    "source_info": {
      "item_id": "0195ee46-09b9-c6e3-d0a7-e09bd2283ae3",
      "dataset": {
        "name": "DMDL-ASS1",
        "slug": "dmdl-ass1",
        "dataset_management_url": "https://darwin.v7labs.com/datasets/1669395/dataset-management"
      },
      "team": {
        "name": "Smart Agriculture ",
        "slug": "smart-agriculture"
      },
      "workview_url": "https://darwin.v7labs.com/workview?dataset=1669395&item=0195ee46-09b9-c6e3-d0a7-e09bd2283ae3"
    },
    "slots": [
      {
        "type": "image",
        "slot_name": "0",
        "width": 640,
        "height": 427,
        "thumbnail_url": "https://darwin.v7labs.com/api/v2/teams/smart-agriculture/files/d9a35c1f-d91c-4689-b3b0-11588369445e/thumbnail",
        "source_files": [
          {
            "file_name": "000000291619_walking_running.jpg",
            "url": "https://darwin.v7labs.com/api/v2/teams/smart-agriculture/uploads/71d7d63c-3523-4d02-acd4-acf162c3fb37"
          }
        ]
      }
    ]
  },
  "annotations": [
    {
      "bounding_box": {
        "h": 203.3617,
        "w": 98.9972,
        "x": 130.3547,
        "y": 126.4302
      },
      "id": "fae587f4-8a96-4e86-8bde-1df48140a954",
      "name": "walking_running",
      "properties": [],
      "slot_names": [
        "0"
      ]
    },
    {
      "bounding_box": {
        "h": 200.9763,
        "w": 109.7318,
        "x": 330.7346,
        "y": 97.8045
      },
      "id": "4ecadd4a-2b74-4775-927d-9761551708f4",
      "name": "walking_running",
      "properties": [],
      "slot_names": [
        "0"
      ]
    }
  ],
  "properties": []
}