{
  "version": "2.0",
  "schema_ref": "https://darwin-public.s3.eu-west-1.amazonaws.com/darwin_json/2.0/schema.json",
  "item": {
    "name": "000000476514_standing.jpg",
    "path": "/",
    "source_info": {
      "item_id": "0195ee46-09c3-2faa-6cfc-53dc480cce2a",
      "dataset": {
        "name": "DMDL-ASS1",
        "slug": "dmdl-ass1",
        "dataset_management_url": "https://darwin.v7labs.com/datasets/1669395/dataset-management"
      },
      "team": {
        "name": "Smart Agriculture ",
        "slug": "smart-agriculture"
      },
      "workview_url": "https://darwin.v7labs.com/workview?dataset=1669395&item=0195ee46-09c3-2faa-6cfc-53dc480cce2a"
    },
    "slots": [
      {
        "type": "image",
        "slot_name": "0",
        "width": 426,
        "height": 640,
        "thumbnail_url": "https://darwin.v7labs.com/api/v2/teams/smart-agriculture/files/69ebf845-899b-4456-88cf-c56c32b3c251/thumbnail",
        "source_files": [
          {
            "file_name": "000000476514_standing.jpg",
            "url": "https://darwin.v7labs.com/api/v2/teams/smart-agriculture/uploads/1d857b94-3d20-49e7-8695-24d78dc614aa"
          }
        ]
      }
    ]
  },
  "annotations": [
    {
      "bounding_box": {
        "h": 560.4469,
        "w": 260.1117,
        "x": 128.0838,
        "y": 57.2067
      },
      "id": "1857ec33-6518-42f0-8914-42fed2308470",
      "name": "standing",
      "properties": [],
      "slot_names": [
        "0"
      ]
    }
  ],
  "properties": []
}