{
  "version": "2.0",
  "schema_ref": "https://darwin-public.s3.eu-west-1.amazonaws.com/darwin_json/2.0/schema.json",
  "item": {
    "name": "000000087144_sitting.jpg",
    "path": "/",
    "source_info": {
      "item_id": "0195ee46-09af-1a77-be70-6499811bfbbe",
      "dataset": {
        "name": "DMDL-ASS1",
        "slug": "dmdl-ass1",
        "dataset_management_url": "https://darwin.v7labs.com/datasets/1669395/dataset-management"
      },
      "team": {
        "name": "Smart Agriculture ",
        "slug": "smart-agriculture"
      },
      "workview_url": "https://darwin.v7labs.com/workview?dataset=1669395&item=0195ee46-09af-1a77-be70-6499811bfbbe"
    },
    "slots": [
      {
        "type": "image",
        "slot_name": "0",
        "width": 640,
        "height": 480,
        "thumbnail_url": "https://darwin.v7labs.com/api/v2/teams/smart-agriculture/files/b1bbe0c6-c8e4-4677-b282-f08a54164ed1/thumbnail",
        "source_files": [
          {
            "file_name": "000000087144_sitting.jpg",
            "url": "https://darwin.v7labs.com/api/v2/teams/smart-agriculture/uploads/7128f779-0bae-4dd9-8296-7043e981fee7"
          }
        ]
      }
    ]
  },
  "annotations": [
    {
      "bounding_box": {
        "h": 349.2737,
        "w": 158.2123,
        "x": 88.0447,
        "y": 59.6648
      },
      "id": "689b2e86-a7b9-436a-8e6d-ddfc3c250752",
      "name": "sitting",
      "properties": [],
      "slot_names": [
        "0"
      ]
    },
    {
      "bounding_box": {
        "h": 126.0335,
        "w": 112.6257,
        "x": 226.8156,
        "y": 148.1564
      },
      "id": "f308c21d-b312-4daf-bf96-23a6dcbe9d0b",
      "name": "sitting",
      "properties": [],
      "slot_names": [
        "0"
      ]
    },
    {
      "bounding_box": {
        "h": 322.4581,
        "w": 158.2123,
        "x": 371.6201,
        "y": 70.3911
      },
      "id": "3f237ad1-8253-4ba5-ab2f-e0987cd28001",
      "name": "sitting",
      "properties": [],
      "slot_names": [
        "0"
      ]
    }
  ],
  "properties": []
}