{
  "version": "2.0",
  "schema_ref": "https://darwin-public.s3.eu-west-1.amazonaws.com/darwin_json/2.0/schema.json",
  "item": {
    "name": "000000050145_walking_running.jpg",
    "path": "/",
    "source_info": {
      "item_id": "0195ee46-09ad-2c22-d3c5-b6f3fafa09d7",
      "dataset": {
        "name": "DMDL-ASS1",
        "slug": "dmdl-ass1",
        "dataset_management_url": "https://darwin.v7labs.com/datasets/1669395/dataset-management"
      },
      "team": {
        "name": "Smart Agriculture ",
        "slug": "smart-agriculture"
      },
      "workview_url": "https://darwin.v7labs.com/workview?dataset=1669395&item=0195ee46-09ad-2c22-d3c5-b6f3fafa09d7"
    },
    "slots": [
      {
        "type": "image",
        "slot_name": "0",
        "width": 480,
        "height": 320,
        "thumbnail_url": "https://darwin.v7labs.com/api/v2/teams/smart-agriculture/files/372e73f1-cd15-4e2c-a4dc-23fb26eb2d06/thumbnail",
        "source_files": [
          {
            "file_name": "000000050145_walking_running.jpg",
            "url": "https://darwin.v7labs.com/api/v2/teams/smart-agriculture/uploads/3b20a5dd-08b6-46f3-b93c-534d645b0cce"
          }
        ]
      }
    ]
  },
  "annotations": [
    {
      "bounding_box": {
        "h": 228.8268,
        "w": 143.4637,
        "x": 240.8939,
        "y": 88.0447
      },
      "id": "e4119a76-3bba-4b09-85ff-bba6f7cadcf7",
      "name": "walking_running",
      "properties": [],
      "slot_names": [
        "0"
      ]
    }
  ],
  "properties": []
}