{
  "version": "2.0",
  "schema_ref": "https://darwin-public.s3.eu-west-1.amazonaws.com/darwin_json/2.0/schema.json",
  "item": {
    "name": "000000440171_sitting.jpg",
    "path": "/",
    "source_info": {
      "item_id": "0195ee46-09c0-ca5b-12eb-334328196d5b",
      "dataset": {
        "name": "DMDL-ASS1",
        "slug": "dmdl-ass1",
        "dataset_management_url": "https://darwin.v7labs.com/datasets/1669395/dataset-management"
      },
      "team": {
        "name": "Smart Agriculture ",
        "slug": "smart-agriculture"
      },
      "workview_url": "https://darwin.v7labs.com/workview?dataset=1669395&item=0195ee46-09c0-ca5b-12eb-334328196d5b"
    },
    "slots": [
      {
        "type": "image",
        "slot_name": "0",
        "width": 411,
        "height": 640,
        "thumbnail_url": "https://darwin.v7labs.com/api/v2/teams/smart-agriculture/files/905a7bc6-70a3-4f49-af74-42d201d591fe/thumbnail",
        "source_files": [
          {
            "file_name": "000000440171_sitting.jpg",
            "url": "https://darwin.v7labs.com/api/v2/teams/smart-agriculture/uploads/958306fe-34fe-4c22-a2c8-2300a0fd41e6"
          }
        ]
      }
    ]
  },
  "annotations": [
    {
      "bounding_box": {
        "h": 173.4078,
        "w": 119.7765,
        "x": 69.6341,
        "y": 12.514
      },
      "id": "c71a5647-1e4c-42dd-b557-1e089cc9ec4b",
      "name": "sitting",
      "properties": [],
      "slot_names": [
        "0"
      ]
    }
  ],
  "properties": []
}