{
  "version": "2.0",
  "schema_ref": "https://darwin-public.s3.eu-west-1.amazonaws.com/darwin_json/2.0/schema.json",
  "item": {
    "name": "000000277020_sitting.jpg",
    "path": "/",
    "source_info": {
      "item_id": "0195ee46-09b9-c966-1336-57d9184a0da8",
      "dataset": {
        "name": "DMDL-ASS1",
        "slug": "dmdl-ass1",
        "dataset_management_url": "https://darwin.v7labs.com/datasets/1669395/dataset-management"
      },
      "team": {
        "name": "Smart Agriculture ",
        "slug": "smart-agriculture"
      },
      "workview_url": "https://darwin.v7labs.com/workview?dataset=1669395&item=0195ee46-09b9-c966-1336-57d9184a0da8"
    },
    "slots": [
      {
        "type": "image",
        "slot_name": "0",
        "width": 640,
        "height": 360,
        "thumbnail_url": "https://darwin.v7labs.com/api/v2/teams/smart-agriculture/files/0476ac4e-d0ca-464e-8005-5107d4a41859/thumbnail",
        "source_files": [
          {
            "file_name": "000000277020_sitting.jpg",
            "url": "https://darwin.v7labs.com/api/v2/teams/smart-agriculture/uploads/cd97be42-f8b7-4bfd-a7d5-e2ff7c035b6d"
          }
        ]
      }
    ]
  },
  "annotations": [
    {
      "bounding_box": {
        "h": 279.7315,
        "w": 141.2081,
        "x": 209.9329,
        "y": 76.7785
      },
      "id": "6c2eb2fe-80d6-4316-a461-da4bb708f24b",
      "name": "sitting",
      "properties": [],
      "slot_names": [
        "0"
      ]
    }
  ],
  "properties": []
}