{
  "version": "2.0",
  "schema_ref": "https://darwin-public.s3.eu-west-1.amazonaws.com/darwin_json/2.0/schema.json",
  "item": {
    "name": "000000515579_walking_running.jpg",
    "path": "/",
    "source_info": {
      "item_id": "0195ee46-09c5-dc44-61ed-a85952da25a7",
      "dataset": {
        "name": "DMDL-ASS1",
        "slug": "dmdl-ass1",
        "dataset_management_url": "https://darwin.v7labs.com/datasets/1669395/dataset-management"
      },
      "team": {
        "name": "Smart Agriculture ",
        "slug": "smart-agriculture"
      },
      "workview_url": "https://darwin.v7labs.com/workview?dataset=1669395&item=0195ee46-09c5-dc44-61ed-a85952da25a7"
    },
    "slots": [
      {
        "type": "image",
        "slot_name": "0",
        "width": 500,
        "height": 332,
        "thumbnail_url": "https://darwin.v7labs.com/api/v2/teams/smart-agriculture/files/5fc51086-e2c3-47fd-8384-2e4d54730192/thumbnail",
        "source_files": [
          {
            "file_name": "000000515579_walking_running.jpg",
            "url": "https://darwin.v7labs.com/api/v2/teams/smart-agriculture/uploads/d21a1b4e-4844-4e54-8da2-63441add715c"
          }
        ]
      }
    ]
  },
  "annotations": [
    {
      "bounding_box": {
        "h": 307.4246,
        "w": 217.0056,
        "x": 10.2737,
        "y": 19.9385
      },
      "id": "c16e739f-d15a-4a6c-aeee-22522cccd26d",
      "name": "walking_running",
      "properties": [],
      "slot_names": [
        "0"
      ]
    }
  ],
  "properties": []
}