{
  "version": "2.0",
  "schema_ref": "https://darwin-public.s3.eu-west-1.amazonaws.com/darwin_json/2.0/schema.json",
  "item": {
    "name": "000000319534_standing.jpg",
    "path": "/",
    "source_info": {
      "item_id": "0195ee46-09ba-b966-d67e-7926e7211ea0",
      "dataset": {
        "name": "DMDL-ASS1",
        "slug": "dmdl-ass1",
        "dataset_management_url": "https://darwin.v7labs.com/datasets/1669395/dataset-management"
      },
      "team": {
        "name": "Smart Agriculture ",
        "slug": "smart-agriculture"
      },
      "workview_url": "https://darwin.v7labs.com/workview?dataset=1669395&item=0195ee46-09ba-b966-d67e-7926e7211ea0"
    },
    "slots": [
      {
        "type": "image",
        "slot_name": "0",
        "width": 640,
        "height": 480,
        "thumbnail_url": "https://darwin.v7labs.com/api/v2/teams/smart-agriculture/files/5c4e353a-e692-423c-a407-3c0da809a199/thumbnail",
        "source_files": [
          {
            "file_name": "000000319534_standing.jpg",
            "url": "https://darwin.v7labs.com/api/v2/teams/smart-agriculture/uploads/b07e1871-3fec-4b0a-aba3-9e33c0339625"
          }
        ]
      }
    ]
  },
  "annotations": [
    {
      "bounding_box": {
        "h": 342.5698,
        "w": 167.5978,
        "x": 252.9609,
        "y": 136.0894
      },
      "id": "2c6f2d5a-1432-4738-90b6-4f2f8c4be7da",
      "name": "standing",
      "properties": [],
      "slot_names": [
        "0"
      ]
    }
  ],
  "properties": []
}