{
  "version": "2.0",
  "schema_ref": "https://darwin-public.s3.eu-west-1.amazonaws.com/darwin_json/2.0/schema.json",
  "item": {
    "name": "000000297578_walking_running.jpg",
    "path": "/",
    "source_info": {
      "item_id": "0195ee46-09ba-8b49-dc98-153af3fc323a",
      "dataset": {
        "name": "DMDL-ASS1",
        "slug": "dmdl-ass1",
        "dataset_management_url": "https://darwin.v7labs.com/datasets/1669395/dataset-management"
      },
      "team": {
        "name": "Smart Agriculture ",
        "slug": "smart-agriculture"
      },
      "workview_url": "https://darwin.v7labs.com/workview?dataset=1669395&item=0195ee46-09ba-8b49-dc98-153af3fc323a"
    },
    "slots": [
      {
        "type": "image",
        "slot_name": "0",
        "width": 500,
        "height": 281,
        "thumbnail_url": "https://darwin.v7labs.com/api/v2/teams/smart-agriculture/files/8e7d3796-9f1d-4d55-9b41-293a4fa80789/thumbnail",
        "source_files": [
          {
            "file_name": "000000297578_walking_running.jpg",
            "url": "https://darwin.v7labs.com/api/v2/teams/smart-agriculture/uploads/444fe0e6-f74c-4a1d-8591-0a080433b59d"
          }
        ]
      }
    ]
  },
  "annotations": [
    {
      "bounding_box": {
        "h": 274.3289,
        "w": 142.6174,
        "x": 169.8826,
        "y": 5.453
      },
      "id": "93984517-9c1e-417c-9728-a8a7e2cb8bb4",
      "name": "walking_running",
      "properties": [],
      "slot_names": [
        "0"
      ]
    }
  ],
  "properties": []
}