{
  "version": "2.0",
  "schema_ref": "https://darwin-public.s3.eu-west-1.amazonaws.com/darwin_json/2.0/schema.json",
  "item": {
    "name": "000000181542_walking_running.jpg",
    "path": "/",
    "source_info": {
      "item_id": "0195ee46-09b3-a439-5f40-a2c99e0fa34d",
      "dataset": {
        "name": "DMDL-ASS1",
        "slug": "dmdl-ass1",
        "dataset_management_url": "https://darwin.v7labs.com/datasets/1669395/dataset-management"
      },
      "team": {
        "name": "Smart Agriculture ",
        "slug": "smart-agriculture"
      },
      "workview_url": "https://darwin.v7labs.com/workview?dataset=1669395&item=0195ee46-09b3-a439-5f40-a2c99e0fa34d"
    },
    "slots": [
      {
        "type": "image",
        "slot_name": "0",
        "width": 640,
        "height": 600,
        "thumbnail_url": "https://darwin.v7labs.com/api/v2/teams/smart-agriculture/files/3963431b-748e-4da2-bdb2-cb568723a6db/thumbnail",
        "source_files": [
          {
            "file_name": "000000181542_walking_running.jpg",
            "url": "https://darwin.v7labs.com/api/v2/teams/smart-agriculture/uploads/f30d8811-6b4d-49eb-b8c0-e83ae306a0dd"
          }
        ]
      }
    ]
  },
  "annotations": [
    {
      "bounding_box": {
        "h": 361.1732,
        "w": 117.3184,
        "x": 194.3017,
        "y": 124.8603
      },
      "id": "9bf7f4bb-bb9a-40ba-a5d9-a5a81c7fd117",
      "name": "walking_running",
      "properties": [],
      "slot_names": [
        "0"
      ]
    }
  ],
  "properties": []
}