{
  "version": "2.0",
  "schema_ref": "https://darwin-public.s3.eu-west-1.amazonaws.com/darwin_json/2.0/schema.json",
  "item": {
    "name": "000000249180_walking_running.jpg",
    "path": "/",
    "source_info": {
      "item_id": "0195ee46-09b6-07b7-d413-f33c0757cc15",
      "dataset": {
        "name": "DMDL-ASS1",
        "slug": "dmdl-ass1",
        "dataset_management_url": "https://darwin.v7labs.com/datasets/1669395/dataset-management"
      },
      "team": {
        "name": "Smart Agriculture ",
        "slug": "smart-agriculture"
      },
      "workview_url": "https://darwin.v7labs.com/workview?dataset=1669395&item=0195ee46-09b6-07b7-d413-f33c0757cc15"
    },
    "slots": [
      {
        "type": "image",
        "slot_name": "0",
        "width": 640,
        "height": 427,
        "thumbnail_url": "https://darwin.v7labs.com/api/v2/teams/smart-agriculture/files/351a0186-101c-4e79-bbaf-79e4715bad0e/thumbnail",
        "source_files": [
          {
            "file_name": "000000249180_walking_running.jpg",
            "url": "https://darwin.v7labs.com/api/v2/teams/smart-agriculture/uploads/452df008-9e45-4c0a-b602-1a24afd9c24e"
          }
        ]
      }
    ]
  },
  "annotations": [
    {
      "bounding_box": {
        "h": 209.9218,
        "w": 72.757,
        "x": 133.933,
        "y": 209.3254
      },
      "id": "d5d040bb-4618-416d-8a32-f58497a68c1c",
      "name": "walking_running",
      "properties": [],
      "slot_names": [
        "0"
      ]
    },
    {
      "bounding_box": {
        "h": 179.507,
        "w": 75.7388,
        "x": 327.7528,
        "y": 143.1285
      },
      "id": "b147d997-5ff1-409c-8df5-03e0c2876500",
      "name": "walking_running",
      "properties": [],
      "slot_names": [
        "0"
      ]
    }
  ],
  "properties": []
}