{
  "version": "2.0",
  "schema_ref": "https://darwin-public.s3.eu-west-1.amazonaws.com/darwin_json/2.0/schema.json",
  "item": {
    "name": "000000229553_sitting.jpg",
    "path": "/",
    "source_info": {
      "item_id": "0195ee46-09b5-f0e8-f111-53533ba086fc",
      "dataset": {
        "name": "DMDL-ASS1",
        "slug": "dmdl-ass1",
        "dataset_management_url": "https://darwin.v7labs.com/datasets/1669395/dataset-management"
      },
      "team": {
        "name": "Smart Agriculture ",
        "slug": "smart-agriculture"
      },
      "workview_url": "https://darwin.v7labs.com/workview?dataset=1669395&item=0195ee46-09b5-f0e8-f111-53533ba086fc"
    },
    "slots": [
      {
        "type": "image",
        "slot_name": "0",
        "width": 640,
        "height": 488,
        "thumbnail_url": "https://darwin.v7labs.com/api/v2/teams/smart-agriculture/files/d21e691d-68c6-4ea6-8541-99833eaf18ed/thumbnail",
        "source_files": [
          {
            "file_name": "000000229553_sitting.jpg",
            "url": "https://darwin.v7labs.com/api/v2/teams/smart-agriculture/uploads/b14d5cbb-f287-43f0-8eb7-c6b28227801e"
          }
        ]
      }
    ]
  },
  "annotations": [
    {
      "bounding_box": {
        "h": 330.5587,
        "w": 299.8883,
        "x": 210.2682,
        "y": 57.2514
      },
      "id": "ae67ceea-6a25-4322-a5af-cf4a9b371827",
      "name": "sitting",
      "properties": [],
      "slot_names": [
        "0"
      ]
    }
  ],
  "properties": []
}