{
  "version": "2.0",
  "schema_ref": "https://darwin-public.s3.eu-west-1.amazonaws.com/darwin_json/2.0/schema.json",
  "item": {
    "name": "000000547336_sitting.jpg",
    "path": "/",
    "source_info": {
      "item_id": "0195ee46-09c6-c8b4-1bf2-38a5b43f9955",
      "dataset": {
        "name": "DMDL-ASS1",
        "slug": "dmdl-ass1",
        "dataset_management_url": "https://darwin.v7labs.com/datasets/1669395/dataset-management"
      },
      "team": {
        "name": "Smart Agriculture ",
        "slug": "smart-agriculture"
      },
      "workview_url": "https://darwin.v7labs.com/workview?dataset=1669395&item=0195ee46-09c6-c8b4-1bf2-38a5b43f9955"
    },
    "slots": [
      {
        "type": "image",
        "slot_name": "0",
        "width": 640,
        "height": 480,
        "thumbnail_url": "https://darwin.v7labs.com/api/v2/teams/smart-agriculture/files/3d60cc12-c23d-4562-8928-ba4265f4cb1e/thumbnail",
        "source_files": [
          {
            "file_name": "000000547336_sitting.jpg",
            "url": "https://darwin.v7labs.com/api/v2/teams/smart-agriculture/uploads/3d062840-920e-4046-93d8-464038af7118"
          }
        ]
      }
    ]
  },
  "annotations": [
    {
      "bounding_box": {
        "h": 386.1453,
        "w": 357.3184,
        "x": 106.1453,
        "y": 32.8492
      },
      "id": "36482e28-f464-4b2c-b438-08db7f89233f",
      "name": "sitting",
      "properties": [],
      "slot_names": [
        "0"
      ]
    }
  ],
  "properties": []
}