{
  "version": "2.0",
  "schema_ref": "https://darwin-public.s3.eu-west-1.amazonaws.com/darwin_json/2.0/schema.json",
  "item": {
    "name": "000000346703_standing.jpg",
    "path": "/",
    "source_info": {
      "item_id": "0195ee46-09bb-092b-c7d2-3e57923bb57f",
      "dataset": {
        "name": "DMDL-ASS1",
        "slug": "dmdl-ass1",
        "dataset_management_url": "https://darwin.v7labs.com/datasets/1669395/dataset-management"
      },
      "team": {
        "name": "Smart Agriculture ",
        "slug": "smart-agriculture"
      },
      "workview_url": "https://darwin.v7labs.com/workview?dataset=1669395&item=0195ee46-09bb-092b-c7d2-3e57923bb57f"
    },
    "slots": [
      {
        "type": "image",
        "slot_name": "0",
        "width": 550,
        "height": 640,
        "thumbnail_url": "https://darwin.v7labs.com/api/v2/teams/smart-agriculture/files/9c053b20-74da-4656-b171-73b778942283/thumbnail",
        "source_files": [
          {
            "file_name": "000000346703_standing.jpg",
            "url": "https://darwin.v7labs.com/api/v2/teams/smart-agriculture/uploads/d3fb064d-cd32-4fcc-8c75-80b7e57d0960"
          }
        ]
      }
    ]
  },
  "annotations": [
    {
      "bounding_box": {
        "h": 371.8436,
        "w": 252.067,
        "x": 35.4469,
        "y": 5.3631
      },
      "id": "1fbd5766-edf8-4660-aa6e-1c9bdc900cc6",
      "name": "standing",
      "properties": [],
      "slot_names": [
        "0"
      ]
    }
  ],
  "properties": []
}