{
  "version": "2.0",
  "schema_ref": "https://darwin-public.s3.eu-west-1.amazonaws.com/darwin_json/2.0/schema.json",
  "item": {
    "name": "000000347265_walking_running.jpg",
    "path": "/",
    "source_info": {
      "item_id": "0195ee46-09bc-2924-bbc7-1126cdc97f14",
      "dataset": {
        "name": "DMDL-ASS1",
        "slug": "dmdl-ass1",
        "dataset_management_url": "https://darwin.v7labs.com/datasets/1669395/dataset-management"
      },
      "team": {
        "name": "Smart Agriculture ",
        "slug": "smart-agriculture"
      },
      "workview_url": "https://darwin.v7labs.com/workview?dataset=1669395&item=0195ee46-09bc-2924-bbc7-1126cdc97f14"
    },
    "slots": [
      {
        "type": "image",
        "slot_name": "0",
        "width": 427,
        "height": 640,
        "thumbnail_url": "https://darwin.v7labs.com/api/v2/teams/smart-agriculture/files/274b86f2-4c41-461c-bf18-f1610558c1c9/thumbnail",
        "source_files": [
          {
            "file_name": "000000347265_walking_running.jpg",
            "url": "https://darwin.v7labs.com/api/v2/teams/smart-agriculture/uploads/4649663f-01e1-4634-87d7-cd80af819431"
          }
        ]
      }
    ]
  },
  "annotations": [
    {
      "bounding_box": {
        "h": 157.3184,
        "w": 76.8715,
        "x": 187.5782,
        "y": 323.5754
      },
      "id": "114bf291-58cb-4c6e-b82b-d232f23438c2",
      "name": "walking_running",
      "properties": [],
      "slot_names": [
        "0"
      ]
    }
  ],
  "properties": []
}