{
  "version": "2.0",
  "schema_ref": "https://darwin-public.s3.eu-west-1.amazonaws.com/darwin_json/2.0/schema.json",
  "item": {
    "name": "000000351810_sitting.jpg",
    "path": "/",
    "source_info": {
      "item_id": "0195ee46-09bc-ca48-f24a-d09b352f32f1",
      "dataset": {
        "name": "DMDL-ASS1",
        "slug": "dmdl-ass1",
        "dataset_management_url": "https://darwin.v7labs.com/datasets/1669395/dataset-management"
      },
      "team": {
        "name": "Smart Agriculture ",
        "slug": "smart-agriculture"
      },
      "workview_url": "https://darwin.v7labs.com/workview?dataset=1669395&item=0195ee46-09bc-ca48-f24a-d09b352f32f1"
    },
    "slots": [
      {
        "type": "image",
        "slot_name": "0",
        "width": 500,
        "height": 375,
        "thumbnail_url": "https://darwin.v7labs.com/api/v2/teams/smart-agriculture/files/13dd659d-1023-49a3-90f5-98d27da6bba5/thumbnail",
        "source_files": [
          {
            "file_name": "000000351810_sitting.jpg",
            "url": "https://darwin.v7labs.com/api/v2/teams/smart-agriculture/uploads/f7cb97a9-d538-4d78-b1d1-6a0118dd9424"
          }
        ]
      }
    ]
  },
  "annotations": [
    {
      "bounding_box": {
        "h": 163.9316,
        "w": 96.8925,
        "x": 16.4106,
        "y": 111.0335
      },
      "id": "b1b366f1-4ff1-4435-a526-01a1eb1e5012",
      "name": "sitting",
      "properties": [],
      "slot_names": [
        "0"
      ]
    }
  ],
  "properties": []
}