{
  "version": "2.0",
  "schema_ref": "https://darwin-public.s3.eu-west-1.amazonaws.com/darwin_json/2.0/schema.json",
  "item": {
    "name": "000000214720_sitting.jpg",
    "path": "/",
    "source_info": {
      "item_id": "0195ee46-09b5-79f7-a828-f2da44836e42",
      "dataset": {
        "name": "DMDL-ASS1",
        "slug": "dmdl-ass1",
        "dataset_management_url": "https://darwin.v7labs.com/datasets/1669395/dataset-management"
      },
      "team": {
        "name": "Smart Agriculture ",
        "slug": "smart-agriculture"
      },
      "workview_url": "https://darwin.v7labs.com/workview?dataset=1669395&item=0195ee46-09b5-79f7-a828-f2da44836e42"
    },
    "slots": [
      {
        "type": "image",
        "slot_name": "0",
        "width": 375,
        "height": 500,
        "thumbnail_url": "https://darwin.v7labs.com/api/v2/teams/smart-agriculture/files/121025fa-37b7-4a55-9262-313e789017cb/thumbnail",
        "source_files": [
          {
            "file_name": "000000214720_sitting.jpg",
            "url": "https://darwin.v7labs.com/api/v2/teams/smart-agriculture/uploads/7552583a-9ee9-4fd7-b0c4-c2f6074d82bc"
          }
        ]
      }
    ]
  },
  "annotations": [
    {
      "bounding_box": {
        "h": 166.2011,
        "w": 314.9441,
        "x": 10.824,
        "y": 185.7542
      },
      "id": "63f24ae5-6ea4-40e0-abf4-812d8e30c8c5",
      "name": "sitting",
      "properties": [],
      "slot_names": [
        "0"
      ]
    }
  ],
  "properties": []
}