{
  "version": "2.0",
  "schema_ref": "https://darwin-public.s3.eu-west-1.amazonaws.com/darwin_json/2.0/schema.json",
  "item": {
    "name": "000000476770_walking_running.jpg",
    "path": "/",
    "source_info": {
      "item_id": "0195ee46-09c3-c0f9-1579-674e8c89142e",
      "dataset": {
        "name": "DMDL-ASS1",
        "slug": "dmdl-ass1",
        "dataset_management_url": "https://darwin.v7labs.com/datasets/1669395/dataset-management"
      },
      "team": {
        "name": "Smart Agriculture ",
        "slug": "smart-agriculture"
      },
      "workview_url": "https://darwin.v7labs.com/workview?dataset=1669395&item=0195ee46-09c3-c0f9-1579-674e8c89142e"
    },
    "slots": [
      {
        "type": "image",
        "slot_name": "0",
        "width": 640,
        "height": 426,
        "thumbnail_url": "https://darwin.v7labs.com/api/v2/teams/smart-agriculture/files/606185cf-1bc3-4a91-8106-d6ccf3605e86/thumbnail",
        "source_files": [
          {
            "file_name": "000000476770_walking_running.jpg",
            "url": "https://darwin.v7labs.com/api/v2/teams/smart-agriculture/uploads/9ac6c42c-5135-4833-b388-0b2861bbdb4b"
          }
        ]
      }
    ]
  },
  "annotations": [
    {
      "bounding_box": {
        "h": 386.7318,
        "w": 239.7737,
        "x": 359.8631,
        "y": 33.3184
      },
      "id": "c9f18299-bc0c-4248-a682-c2a171e7185e",
      "name": "walking_running",
      "properties": [],
      "slot_names": [
        "0"
      ]
    },
    {
      "bounding_box": {
        "h": 196.9358,
        "w": 118.9944,
        "x": 228.3743,
        "y": 114.8296
      },
      "id": "2726583c-1a65-46c7-9be4-1cfa06247f02",
      "name": "walking_running",
      "properties": [],
      "slot_names": [
        "0"
      ]
    }
  ],
  "properties": []
}