{
  "version": "2.0",
  "schema_ref": "https://darwin-public.s3.eu-west-1.amazonaws.com/darwin_json/2.0/schema.json",
  "item": {
    "name": "000000170099_standing.jpg",
    "path": "/",
    "source_info": {
      "item_id": "0195ee46-09b2-e37b-2e83-426477d08dee",
      "dataset": {
        "name": "DMDL-ASS1",
        "slug": "dmdl-ass1",
        "dataset_management_url": "https://darwin.v7labs.com/datasets/1669395/dataset-management"
      },
      "team": {
        "name": "Smart Agriculture ",
        "slug": "smart-agriculture"
      },
      "workview_url": "https://darwin.v7labs.com/workview?dataset=1669395&item=0195ee46-09b2-e37b-2e83-426477d08dee"
    },
    "slots": [
      {
        "type": "image",
        "slot_name": "0",
        "width": 640,
        "height": 478,
        "thumbnail_url": "https://darwin.v7labs.com/api/v2/teams/smart-agriculture/files/64c32eaa-8ce4-4f0c-b621-aa466bf4ec36/thumbnail",
        "source_files": [
          {
            "file_name": "000000170099_standing.jpg",
            "url": "https://darwin.v7labs.com/api/v2/teams/smart-agriculture/uploads/f16b11b2-000f-459a-8db3-86b371a444f2"
          }
        ]
      }
    ]
  },
  "annotations": [
    {
      "bounding_box": {
        "h": 441.2821,
        "w": 352.4916,
        "x": 7.5642,
        "y": 27.3715
      },
      "id": "9795b23b-9673-404c-92e5-6c6a487a1a55",
      "name": "standing",
      "properties": [],
      "slot_names": [
        "0"
      ]
    }
  ],
  "properties": []
}