{
  "version": "2.0",
  "schema_ref": "https://darwin-public.s3.eu-west-1.amazonaws.com/darwin_json/2.0/schema.json",
  "item": {
    "name": "000000360960_walking_running.jpg",
    "path": "/",
    "source_info": {
      "item_id": "0195ee46-09bc-438d-3617-e0fff95b09d5",
      "dataset": {
        "name": "DMDL-ASS1",
        "slug": "dmdl-ass1",
        "dataset_management_url": "https://darwin.v7labs.com/datasets/1669395/dataset-management"
      },
      "team": {
        "name": "Smart Agriculture ",
        "slug": "smart-agriculture"
      },
      "workview_url": "https://darwin.v7labs.com/workview?dataset=1669395&item=0195ee46-09bc-438d-3617-e0fff95b09d5"
    },
    "slots": [
      {
        "type": "image",
        "slot_name": "0",
        "width": 426,
        "height": 640,
        "thumbnail_url": "https://darwin.v7labs.com/api/v2/teams/smart-agriculture/files/858cbf38-42dc-481d-931e-56c8b0c495ad/thumbnail",
        "source_files": [
          {
            "file_name": "000000360960_walking_running.jpg",
            "url": "https://darwin.v7labs.com/api/v2/teams/smart-agriculture/uploads/4876e9d8-e376-49af-8324-e1336c21b31c"
          }
        ]
      }
    ]
  },
  "annotations": [
    {
      "bounding_box": {
        "h": 416.5363,
        "w": 198.4358,
        "x": 157.581,
        "y": 164.4693
      },
      "id": "17a51199-89d1-4795-9400-282497a9de11",
      "name": "walking_running",
      "properties": [],
      "slot_names": [
        "0"
      ]
    }
  ],
  "properties": []
}