{
  "version": "2.0",
  "schema_ref": "https://darwin-public.s3.eu-west-1.amazonaws.com/darwin_json/2.0/schema.json",
  "item": {
    "name": "000000442456_sitting.jpg",
    "path": "/",
    "source_info": {
      "item_id": "0195ee46-09c1-92b9-ec16-fd79967ed2e1",
      "dataset": {
        "name": "DMDL-ASS1",
        "slug": "dmdl-ass1",
        "dataset_management_url": "https://darwin.v7labs.com/datasets/1669395/dataset-management"
      },
      "team": {
        "name": "Smart Agriculture ",
        "slug": "smart-agriculture"
      },
      "workview_url": "https://darwin.v7labs.com/workview?dataset=1669395&item=0195ee46-09c1-92b9-ec16-fd79967ed2e1"
    },
    "slots": [
      {
        "type": "image",
        "slot_name": "0",
        "width": 640,
        "height": 356,
        "thumbnail_url": "https://darwin.v7labs.com/api/v2/teams/smart-agriculture/files/7cb179fb-6fb2-4509-a0e5-dbc161cf96f8/thumbnail",
        "source_files": [
          {
            "file_name": "000000442456_sitting.jpg",
            "url": "https://darwin.v7labs.com/api/v2/teams/smart-agriculture/uploads/d37a6c9a-c646-4cd6-964b-ee8b67e6b683"
          }
        ]
      }
    ]
  },
  "annotations": [
    {
      "bounding_box": {
        "h": 244.2953,
        "w": 107.3826,
        "x": 121.3423,
        "y": 37.5839
      },
      "id": "6e371c67-a10d-435c-8f87-99fd794d4d76",
      "name": "sitting",
      "properties": [],
      "slot_names": [
        "0"
      ]
    }
  ],
  "properties": []
}