{
  "version": "2.0",
  "schema_ref": "https://darwin-public.s3.eu-west-1.amazonaws.com/darwin_json/2.0/schema.json",
  "item": {
    "name": "000000575243_walking_running.jpg",
    "path": "/",
    "source_info": {
      "item_id": "0195ee46-09c7-0f3d-8d83-0eff34be0492",
      "dataset": {
        "name": "DMDL-ASS1",
        "slug": "dmdl-ass1",
        "dataset_management_url": "https://darwin.v7labs.com/datasets/1669395/dataset-management"
      },
      "team": {
        "name": "Smart Agriculture ",
        "slug": "smart-agriculture"
      },
      "workview_url": "https://darwin.v7labs.com/workview?dataset=1669395&item=0195ee46-09c7-0f3d-8d83-0eff34be0492"
    },
    "slots": [
      {
        "type": "image",
        "slot_name": "0",
        "width": 640,
        "height": 427,
        "thumbnail_url": "https://darwin.v7labs.com/api/v2/teams/smart-agriculture/files/8712cef1-69b8-4b7b-b1b4-1438da7980ff/thumbnail",
        "source_files": [
          {
            "file_name": "000000575243_walking_running.jpg",
            "url": "https://darwin.v7labs.com/api/v2/teams/smart-agriculture/uploads/8548c2d7-1537-4467-ba3c-dd56617d3daf"
          }
        ]
      }
    ]
  },
  "annotations": [
    {
      "bounding_box": {
        "h": 197.9944,
        "w": 75.1425,
        "x": 266.3268,
        "y": 143.7249
      },
      "id": "5dc16fcd-3e6f-4daf-9319-26661af23908",
      "name": "walking_running",
      "properties": [],
      "slot_names": [
        "0"
      ]
    }
  ],
  "properties": []
}