{
  "version": "2.0",
  "schema_ref": "https://darwin-public.s3.eu-west-1.amazonaws.com/darwin_json/2.0/schema.json",
  "item": {
    "name": "000000252716_walking_running.jpg",
    "path": "/",
    "source_info": {
      "item_id": "0195ee46-09b6-6b37-0c77-ddba48d6daf0",
      "dataset": {
        "name": "DMDL-ASS1",
        "slug": "dmdl-ass1",
        "dataset_management_url": "https://darwin.v7labs.com/datasets/1669395/dataset-management"
      },
      "team": {
        "name": "Smart Agriculture ",
        "slug": "smart-agriculture"
      },
      "workview_url": "https://darwin.v7labs.com/workview?dataset=1669395&item=0195ee46-09b6-6b37-0c77-ddba48d6daf0"
    },
    "slots": [
      {
        "type": "image",
        "slot_name": "0",
        "width": 426,
        "height": 640,
        "thumbnail_url": "https://darwin.v7labs.com/api/v2/teams/smart-agriculture/files/4b85dac5-ff6e-4b7a-bfa3-fa7bc18b8ef4/thumbnail",
        "source_files": [
          {
            "file_name": "000000252716_walking_running.jpg",
            "url": "https://darwin.v7labs.com/api/v2/teams/smart-agriculture/uploads/b9011afb-6273-4937-9ae1-4c71c54e1408"
          }
        ]
      }
    ]
  },
  "annotations": [
    {
      "bounding_box": {
        "h": 123.352,
        "w": 44.6927,
        "x": 262.162,
        "y": 181.4525
      },
      "id": "9b536447-9184-43f0-b0db-68d3ff760c52",
      "name": "walking_running",
      "properties": [],
      "slot_names": [
        "0"
      ]
    }
  ],
  "properties": []
}