{
  "version": "2.0",
  "schema_ref": "https://darwin-public.s3.eu-west-1.amazonaws.com/darwin_json/2.0/schema.json",
  "item": {
    "name": "000000163682_sitting.jpg",
    "path": "/",
    "source_info": {
      "item_id": "0195ee46-09b2-1b84-24c0-3f90a2b49978",
      "dataset": {
        "name": "DMDL-ASS1",
        "slug": "dmdl-ass1",
        "dataset_management_url": "https://darwin.v7labs.com/datasets/1669395/dataset-management"
      },
      "team": {
        "name": "Smart Agriculture ",
        "slug": "smart-agriculture"
      },
      "workview_url": "https://darwin.v7labs.com/workview?dataset=1669395&item=0195ee46-09b2-1b84-24c0-3f90a2b49978"
    },
    "slots": [
      {
        "type": "image",
        "slot_name": "0",
        "width": 427,
        "height": 640,
        "thumbnail_url": "https://darwin.v7labs.com/api/v2/teams/smart-agriculture/files/4de36859-1fea-41c1-b4b7-5e6b7628a284/thumbnail",
        "source_files": [
          {
            "file_name": "000000163682_sitting.jpg",
            "url": "https://darwin.v7labs.com/api/v2/teams/smart-agriculture/uploads/479df878-e378-4487-9b16-62a43610437a"
          }
        ]
      }
    ]
  },
  "annotations": [
    {
      "bounding_box": {
        "h": 517.5419,
        "w": 328.0447,
        "x": 70.4832,
        "y": 118.8827
      },
      "id": "23607674-b2cc-415a-8a90-cbbccc196723",
      "name": "sitting",
      "properties": [],
      "slot_names": [
        "0"
      ]
    }
  ],
  "properties": []
}