{
  "version": "2.0",
  "schema_ref": "https://darwin-public.s3.eu-west-1.amazonaws.com/darwin_json/2.0/schema.json",
  "item": {
    "name": "000000061584_sitting.jpg",
    "path": "/",
    "source_info": {
      "item_id": "0195ee46-09ae-f798-8037-84656660e613",
      "dataset": {
        "name": "DMDL-ASS1",
        "slug": "dmdl-ass1",
        "dataset_management_url": "https://darwin.v7labs.com/datasets/1669395/dataset-management"
      },
      "team": {
        "name": "Smart Agriculture ",
        "slug": "smart-agriculture"
      },
      "workview_url": "https://darwin.v7labs.com/workview?dataset=1669395&item=0195ee46-09ae-f798-8037-84656660e613"
    },
    "slots": [
      {
        "type": "image",
        "slot_name": "0",
        "width": 500,
        "height": 375,
        "thumbnail_url": "https://darwin.v7labs.com/api/v2/teams/smart-agriculture/files/2c90791c-8f02-4fcf-8b9a-dc8a01cd912b/thumbnail",
        "source_files": [
          {
            "file_name": "000000061584_sitting.jpg",
            "url": "https://darwin.v7labs.com/api/v2/teams/smart-agriculture/uploads/590dcf32-d773-41e5-a5a6-a1f9267d2c31"
          }
        ]
      }
    ]
  },
  "annotations": [
    {
      "bounding_box": {
        "h": 190.1187,
        "w": 85.3701,
        "x": 232.7165,
        "y": 96.8925
      },
      "id": "314bc6d2-f6af-4fb0-92d2-efdaaf9fdca6",
      "name": "sitting",
      "properties": [],
      "slot_names": [
        "0"
      ]
    }
  ],
  "properties": []
}