{
  "version": "2.0",
  "schema_ref": "https://darwin-public.s3.eu-west-1.amazonaws.com/darwin_json/2.0/schema.json",
  "item": {
    "name": "000000337055_sitting.jpg",
    "path": "/",
    "source_info": {
      "item_id": "0195ee46-09bb-e7e2-fa19-bc1858a8e2cb",
      "dataset": {
        "name": "DMDL-ASS1",
        "slug": "dmdl-ass1",
        "dataset_management_url": "https://darwin.v7labs.com/datasets/1669395/dataset-management"
      },
      "team": {
        "name": "Smart Agriculture ",
        "slug": "smart-agriculture"
      },
      "workview_url": "https://darwin.v7labs.com/workview?dataset=1669395&item=0195ee46-09bb-e7e2-fa19-bc1858a8e2cb"
    },
    "slots": [
      {
        "type": "image",
        "slot_name": "0",
        "width": 640,
        "height": 427,
        "thumbnail_url": "https://darwin.v7labs.com/api/v2/teams/smart-agriculture/files/70c315a5-3ed2-451f-a70c-58337a9d1681/thumbnail",
        "source_files": [
          {
            "file_name": "000000337055_sitting.jpg",
            "url": "https://darwin.v7labs.com/api/v2/teams/smart-agriculture/uploads/3fc52942-7ed7-4089-9920-51067b663d1e"
          }
        ]
      }
    ]
  },
  "annotations": [
    {
      "bounding_box": {
        "h": 414.4763,
        "w": 461.5894,
        "x": 174.486,
        "y": 1.7891
      },
      "id": "3b32c0c2-7d50-4e53-96c6-21232d82aa91",
      "name": "sitting",
      "properties": [],
      "slot_names": [
        "0"
      ]
    }
  ],
  "properties": []
}