{
  "version": "2.0",
  "schema_ref": "https://darwin-public.s3.eu-west-1.amazonaws.com/darwin_json/2.0/schema.json",
  "item": {
    "name": "000000021167_standing.jpg",
    "path": "/",
    "source_info": {
      "item_id": "0195ee46-09ad-4239-f150-a9c69082d37b",
      "dataset": {
        "name": "DMDL-ASS1",
        "slug": "dmdl-ass1",
        "dataset_management_url": "https://darwin.v7labs.com/datasets/1669395/dataset-management"
      },
      "team": {
        "name": "Smart Agriculture ",
        "slug": "smart-agriculture"
      },
      "workview_url": "https://darwin.v7labs.com/workview?dataset=1669395&item=0195ee46-09ad-4239-f150-a9c69082d37b"
    },
    "slots": [
      {
        "type": "image",
        "slot_name": "0",
        "width": 426,
        "height": 640,
        "thumbnail_url": "https://darwin.v7labs.com/api/v2/teams/smart-agriculture/files/b556f051-9e3f-43a6-864f-0585b2550c59/thumbnail",
        "source_files": [
          {
            "file_name": "000000021167_standing.jpg",
            "url": "https://darwin.v7labs.com/api/v2/teams/smart-agriculture/uploads/c3712343-cbc9-445d-a094-e4f956f027cc"
          }
        ]
      }
    ]
  },
  "annotations": [
    {
      "bounding_box": {
        "h": 511.2849,
        "w": 168.0447,
        "x": 38.6983,
        "y": 104.581
      },
      "id": "190d66a4-08c8-4b65-8bc5-1171251604a9",
      "name": "standing",
      "properties": [],
      "slot_names": [
        "0"
      ]
    },
    {
      "bounding_box": {
        "h": 595.3073,
        "w": 224.3575,
        "x": 198.6983,
        "y": 25.0279
      },
      "id": "9480987f-1acb-4224-be83-f5bca1968882",
      "name": "standing",
      "properties": [],
      "slot_names": [
        "0"
      ]
    }
  ],
  "properties": []
}