{
  "version": "2.0",
  "schema_ref": "https://darwin-public.s3.eu-west-1.amazonaws.com/darwin_json/2.0/schema.json",
  "item": {
    "name": "000000545594_standing.jpg",
    "path": "/",
    "source_info": {
      "item_id": "0195ee46-09c6-be54-bade-e3f24a37879e",
      "dataset": {
        "name": "DMDL-ASS1",
        "slug": "dmdl-ass1",
        "dataset_management_url": "https://darwin.v7labs.com/datasets/1669395/dataset-management"
      },
      "team": {
        "name": "Smart Agriculture ",
        "slug": "smart-agriculture"
      },
      "workview_url": "https://darwin.v7labs.com/workview?dataset=1669395&item=0195ee46-09c6-be54-bade-e3f24a37879e"
    },
    "slots": [
      {
        "type": "image",
        "slot_name": "0",
        "width": 640,
        "height": 512,
        "thumbnail_url": "https://darwin.v7labs.com/api/v2/teams/smart-agriculture/files/566d9823-40b6-47fd-a38e-87e185651716/thumbnail",
        "source_files": [
          {
            "file_name": "000000545594_standing.jpg",
            "url": "https://darwin.v7labs.com/api/v2/teams/smart-agriculture/uploads/8b500629-40eb-47c3-990d-a4f5b17933f8"
          }
        ]
      }
    ]
  },
  "annotations": [
    {
      "bounding_box": {
        "h": 481.9665,
        "w": 219.5307,
        "x": 33.9665,
        "y": 23.5978
      },
      "id": "e91bc222-f9da-4fee-89b9-f3955280b6d2",
      "name": "standing",
      "properties": [],
      "slot_names": [
        "0"
      ]
    }
  ],
  "properties": []
}