{
  "version": "2.0",
  "schema_ref": "https://darwin-public.s3.eu-west-1.amazonaws.com/darwin_json/2.0/schema.json",
  "item": {
    "name": "000000258541_standing.jpg",
    "path": "/",
    "source_info": {
      "item_id": "0195ee46-09b7-15b4-3c7f-e432ecd2c678",
      "dataset": {
        "name": "DMDL-ASS1",
        "slug": "dmdl-ass1",
        "dataset_management_url": "https://darwin.v7labs.com/datasets/1669395/dataset-management"
      },
      "team": {
        "name": "Smart Agriculture ",
        "slug": "smart-agriculture"
      },
      "workview_url": "https://darwin.v7labs.com/workview?dataset=1669395&item=0195ee46-09b7-15b4-3c7f-e432ecd2c678"
    },
    "slots": [
      {
        "type": "image",
        "slot_name": "0",
        "width": 336,
        "height": 448,
        "thumbnail_url": "https://darwin.v7labs.com/api/v2/teams/smart-agriculture/files/2ac8f8ab-14f1-4f25-a270-93cf4bdcbb69/thumbnail",
        "source_files": [
          {
            "file_name": "000000258541_standing.jpg",
            "url": "https://darwin.v7labs.com/api/v2/teams/smart-agriculture/uploads/046b9f41-0ea0-42b3-b6f8-0d5bcdcdc966"
          }
        ]
      }
    ]
  },
  "annotations": [
    {
      "bounding_box": {
        "h": 414.2123,
        "w": 238.3911,
        "x": 19.7095,
        "y": 29.4078
      },
      "id": "f8cbb996-4e6d-4beb-a5e5-9248d40232cf",
      "name": "standing",
      "properties": [],
      "slot_names": [
        "0"
      ]
    }
  ],
  "properties": []
}