{
  "version": "2.0",
  "schema_ref": "https://darwin-public.s3.eu-west-1.amazonaws.com/darwin_json/2.0/schema.json",
  "item": {
    "name": "000000456496_sitting.jpg",
    "path": "/",
    "source_info": {
      "item_id": "0195ee46-09c1-bd3b-3e53-91995a170e30",
      "dataset": {
        "name": "DMDL-ASS1",
        "slug": "dmdl-ass1",
        "dataset_management_url": "https://darwin.v7labs.com/datasets/1669395/dataset-management"
      },
      "team": {
        "name": "Smart Agriculture ",
        "slug": "smart-agriculture"
      },
      "workview_url": "https://darwin.v7labs.com/workview?dataset=1669395&item=0195ee46-09c1-bd3b-3e53-91995a170e30"
    },
    "slots": [
      {
        "type": "image",
        "slot_name": "0",
        "width": 640,
        "height": 426,
        "thumbnail_url": "https://darwin.v7labs.com/api/v2/teams/smart-agriculture/files/07b713ef-d942-4105-a583-b28ce6162701/thumbnail",
        "source_files": [
          {
            "file_name": "000000456496_sitting.jpg",
            "url": "https://darwin.v7labs.com/api/v2/teams/smart-agriculture/uploads/a592b825-a798-4816-b3d4-e8076b7ec970"
          }
        ]
      }
    ]
  },
  "annotations": [
    {
      "bounding_box": {
        "h": 242.7486,
        "w": 138.0335,
        "x": 153.4078,
        "y": 66.6369
      },
      "id": "f9367b32-566d-4260-a296-8e0f93a09b69",
      "name": "sitting",
      "properties": [],
      "slot_names": [
        "0"
      ]
    }
  ],
  "properties": []
}