{
  "version": "2.0",
  "schema_ref": "https://darwin-public.s3.eu-west-1.amazonaws.com/darwin_json/2.0/schema.json",
  "item": {
    "name": "000000570448_standing.jpg",
    "path": "/",
    "source_info": {
      "item_id": "0195ee46-09c7-a6f2-e648-0a326c30e609",
      "dataset": {
        "name": "DMDL-ASS1",
        "slug": "dmdl-ass1",
        "dataset_management_url": "https://darwin.v7labs.com/datasets/1669395/dataset-management"
      },
      "team": {
        "name": "Smart Agriculture ",
        "slug": "smart-agriculture"
      },
      "workview_url": "https://darwin.v7labs.com/workview?dataset=1669395&item=0195ee46-09c7-a6f2-e648-0a326c30e609"
    },
    "slots": [
      {
        "type": "image",
        "slot_name": "0",
        "width": 640,
        "height": 484,
        "thumbnail_url": "https://darwin.v7labs.com/api/v2/teams/smart-agriculture/files/a01b81aa-6985-4d07-97d1-9f0f3d2750e4/thumbnail",
        "source_files": [
          {
            "file_name": "000000570448_standing.jpg",
            "url": "https://darwin.v7labs.com/api/v2/teams/smart-agriculture/uploads/be510b07-bf9c-468d-9249-f952bf0e3895"
          }
        ]
      }
    ]
  },
  "annotations": [
    {
      "bounding_box": {
        "h": 51.3743,
        "w": 21.6313,
        "x": 309.8603,
        "y": 159.5307
      },
      "id": "89d3e6ac-053c-40c8-88eb-9565ea4ab64d",
      "name": "standing",
      "properties": [],
      "slot_names": [
        "0"
      ]
    }
  ],
  "properties": []
}