{
  "version": "2.0",
  "schema_ref": "https://darwin-public.s3.eu-west-1.amazonaws.com/darwin_json/2.0/schema.json",
  "item": {
    "name": "000000401446_walking_running.jpg",
    "path": "/",
    "source_info": {
      "item_id": "0195ee46-09bf-2749-9599-f9ccb70bedac",
      "dataset": {
        "name": "DMDL-ASS1",
        "slug": "dmdl-ass1",
        "dataset_management_url": "https://darwin.v7labs.com/datasets/1669395/dataset-management"
      },
      "team": {
        "name": "Smart Agriculture ",
        "slug": "smart-agriculture"
      },
      "workview_url": "https://darwin.v7labs.com/workview?dataset=1669395&item=0195ee46-09bf-2749-9599-f9ccb70bedac"
    },
    "slots": [
      {
        "type": "image",
        "slot_name": "0",
        "width": 640,
        "height": 480,
        "thumbnail_url": "https://darwin.v7labs.com/api/v2/teams/smart-agriculture/files/0cad3309-d96b-46e8-afdb-8aa8f0f2dd2b/thumbnail",
        "source_files": [
          {
            "file_name": "000000401446_walking_running.jpg",
            "url": "https://darwin.v7labs.com/api/v2/teams/smart-agriculture/uploads/5ecc26c6-572b-435f-b678-f49e01756a6d"
          }
        ]
      }
    ]
  },
  "annotations": [
    {
      "bounding_box": {
        "h": 455.1955,
        "w": 142.1229,
        "x": 254.3017,
        "y": 13.4078
      },
      "id": "3a514803-f13f-4cd3-a111-8ba0e5470bac",
      "name": "walking_running",
      "properties": [],
      "slot_names": [
        "0"
      ]
    }
  ],
  "properties": []
}