{
  "version": "2.0",
  "schema_ref": "https://darwin-public.s3.eu-west-1.amazonaws.com/darwin_json/2.0/schema.json",
  "item": {
    "name": "000000463618_sitting.jpg",
    "path": "/",
    "source_info": {
      "item_id": "0195ee46-09c2-cd45-d4de-7e5d84295317",
      "dataset": {
        "name": "DMDL-ASS1",
        "slug": "dmdl-ass1",
        "dataset_management_url": "https://darwin.v7labs.com/datasets/1669395/dataset-management"
      },
      "team": {
        "name": "Smart Agriculture ",
        "slug": "smart-agriculture"
      },
      "workview_url": "https://darwin.v7labs.com/workview?dataset=1669395&item=0195ee46-09c2-cd45-d4de-7e5d84295317"
    },
    "slots": [
      {
        "type": "image",
        "slot_name": "0",
        "width": 640,
        "height": 451,
        "thumbnail_url": "https://darwin.v7labs.com/api/v2/teams/smart-agriculture/files/bab4f4a2-389b-4d6a-aa84-28970daf29f2/thumbnail",
        "source_files": [
          {
            "file_name": "000000463618_sitting.jpg",
            "url": "https://darwin.v7labs.com/api/v2/teams/smart-agriculture/uploads/4b39cd40-ae38-4498-a8bd-726a54395956"
          }
        ]
      }
    ]
  },
  "annotations": [
    {
      "bounding_box": {
        "h": 429.5838,
        "w": 219.831,
        "x": 297.9539,
        "y": 17.007
      },
      "id": "640c0457-6142-469f-ac72-c1f96872955d",
      "name": "sitting",
      "properties": [],
      "slot_names": [
        "0"
      ]
    }
  ],
  "properties": []
}