{
  "version": "2.0",
  "schema_ref": "https://darwin-public.s3.eu-west-1.amazonaws.com/darwin_json/2.0/schema.json",
  "item": {
    "name": "000000403565_standing.jpg",
    "path": "/",
    "source_info": {
      "item_id": "0195ee46-09bf-5c9d-a697-f1fb035e274b",
      "dataset": {
        "name": "DMDL-ASS1",
        "slug": "dmdl-ass1",
        "dataset_management_url": "https://darwin.v7labs.com/datasets/1669395/dataset-management"
      },
      "team": {
        "name": "Smart Agriculture ",
        "slug": "smart-agriculture"
      },
      "workview_url": "https://darwin.v7labs.com/workview?dataset=1669395&item=0195ee46-09bf-5c9d-a697-f1fb035e274b"
    },
    "slots": [
      {
        "type": "image",
        "slot_name": "0",
        "width": 447,
        "height": 640,
        "thumbnail_url": "https://darwin.v7labs.com/api/v2/teams/smart-agriculture/files/a22aac12-ea31-4d66-a055-22608eb4fa68/thumbnail",
        "source_files": [
          {
            "file_name": "000000403565_standing.jpg",
            "url": "https://darwin.v7labs.com/api/v2/teams/smart-agriculture/uploads/d597ea97-4409-4f91-9d18-a47887b0d4b9"
          }
        ]
      }
    ]
  },
  "annotations": [
    {
      "bounding_box": {
        "h": 295.8659,
        "w": 79.5531,
        "x": 183.2765,
        "y": 234.1899
      },
      "id": "e04e0e7e-8361-4d34-b93e-fdbb338f92e0",
      "name": "standing",
      "properties": [],
      "slot_names": [
        "0"
      ]
    }
  ],
  "properties": []
}