{
  "version": "2.0",
  "schema_ref": "https://darwin-public.s3.eu-west-1.amazonaws.com/darwin_json/2.0/schema.json",
  "item": {
    "name": "000000329219_standing.jpg",
    "path": "/",
    "source_info": {
      "item_id": "0195ee46-09bb-4fb8-61f9-c9be62ee35e2",
      "dataset": {
        "name": "DMDL-ASS1",
        "slug": "dmdl-ass1",
        "dataset_management_url": "https://darwin.v7labs.com/datasets/1669395/dataset-management"
      },
      "team": {
        "name": "Smart Agriculture ",
        "slug": "smart-agriculture"
      },
      "workview_url": "https://darwin.v7labs.com/workview?dataset=1669395&item=0195ee46-09bb-4fb8-61f9-c9be62ee35e2"
    },
    "slots": [
      {
        "type": "image",
        "slot_name": "0",
        "width": 640,
        "height": 427,
        "thumbnail_url": "https://darwin.v7labs.com/api/v2/teams/smart-agriculture/files/f44ca26e-2a96-4e35-a140-90fddfda46ee/thumbnail",
        "source_files": [
          {
            "file_name": "000000329219_standing.jpg",
            "url": "https://darwin.v7labs.com/api/v2/teams/smart-agriculture/uploads/14c2a891-92ff-41f3-a1d6-aaf79ee13806"
          }
        ]
      }
    ]
  },
  "annotations": [
    {
      "bounding_box": {
        "h": 333.3701,
        "w": 112.1173,
        "x": 213.8464,
        "y": 1.1927
      },
      "id": "87df63ab-35a1-4350-9ad4-9cb2ea400d06",
      "name": "standing",
      "properties": [],
      "slot_names": [
        "0"
      ]
    }
  ],
  "properties": []
}