{
  "version": "2.0",
  "schema_ref": "https://darwin-public.s3.eu-west-1.amazonaws.com/darwin_json/2.0/schema.json",
  "item": {
    "name": "000000186449_sitting.jpg",
    "path": "/",
    "source_info": {
      "item_id": "0195ee46-09b3-c198-185d-a24eb664b1d7",
      "dataset": {
        "name": "DMDL-ASS1",
        "slug": "dmdl-ass1",
        "dataset_management_url": "https://darwin.v7labs.com/datasets/1669395/dataset-management"
      },
      "team": {
        "name": "Smart Agriculture ",
        "slug": "smart-agriculture"
      },
      "workview_url": "https://darwin.v7labs.com/workview?dataset=1669395&item=0195ee46-09b3-c198-185d-a24eb664b1d7"
    },
    "slots": [
      {
        "type": "image",
        "slot_name": "0",
        "width": 436,
        "height": 640,
        "thumbnail_url": "https://darwin.v7labs.com/api/v2/teams/smart-agriculture/files/e2ef003e-5f78-4307-ac4b-86a15080c5a3/thumbnail",
        "source_files": [
          {
            "file_name": "000000186449_sitting.jpg",
            "url": "https://darwin.v7labs.com/api/v2/teams/smart-agriculture/uploads/851289bb-8aa3-4a67-9d15-d1df7d8e614c"
          }
        ]
      }
    ]
  },
  "annotations": [
    {
      "bounding_box": {
        "h": 429.9441,
        "w": 262.7933,
        "x": 117.8883,
        "y": 182.3464
      },
      "id": "d78dc1f1-29f8-44d6-b0d0-a6b7bbe8c2e2",
      "name": "sitting",
      "properties": [],
      "slot_names": [
        "0"
      ]
    }
  ],
  "properties": []
}