{
  "version": "2.0",
  "schema_ref": "https://darwin-public.s3.eu-west-1.amazonaws.com/darwin_json/2.0/schema.json",
  "item": {
    "name": "000000472298_sitting.jpg",
    "path": "/",
    "source_info": {
      "item_id": "0195ee46-09c2-c484-bf01-5b2958eaef50",
      "dataset": {
        "name": "DMDL-ASS1",
        "slug": "dmdl-ass1",
        "dataset_management_url": "https://darwin.v7labs.com/datasets/1669395/dataset-management"
      },
      "team": {
        "name": "Smart Agriculture ",
        "slug": "smart-agriculture"
      },
      "workview_url": "https://darwin.v7labs.com/workview?dataset=1669395&item=0195ee46-09c2-c484-bf01-5b2958eaef50"
    },
    "slots": [
      {
        "type": "image",
        "slot_name": "0",
        "width": 640,
        "height": 387,
        "thumbnail_url": "https://darwin.v7labs.com/api/v2/teams/smart-agriculture/files/50b8b731-95bb-4c55-ba3c-59dfa7c969d0/thumbnail",
        "source_files": [
          {
            "file_name": "000000472298_sitting.jpg",
            "url": "https://darwin.v7labs.com/api/v2/teams/smart-agriculture/uploads/e7bf14ff-6eee-4cc0-8d9a-1965d8d8c44a"
          }
        ]
      }
    ]
  },
  "annotations": [
    {
      "bounding_box": {
        "h": 91.345,
        "w": 62.1578,
        "x": 169.1997,
        "y": 155.6648
      },
      "id": "796037af-10ea-4eb1-b5c3-b0fc59a359bb",
      "name": "sitting",
      "properties": [],
      "slot_names": [
        "0"
      ]
    },
    {
      "bounding_box": {
        "h": 61.6173,
        "w": 50.2668,
        "x": 310.2709,
        "y": 179.9874
      },
      "id": "00c4cb98-ba4d-40b1-8d39-9dc6ed77d96b",
      "name": "sitting",
      "properties": [],
      "slot_names": [
        "0"
      ]
    }
  ],
  "properties": []
}