{
  "version": "2.0",
  "schema_ref": "https://darwin-public.s3.eu-west-1.amazonaws.com/darwin_json/2.0/schema.json",
  "item": {
    "name": "000000297022_standing.jpg",
    "path": "/",
    "source_info": {
      "item_id": "0195ee46-09ba-41f3-fa8c-96fa783de45c",
      "dataset": {
        "name": "DMDL-ASS1",
        "slug": "dmdl-ass1",
        "dataset_management_url": "https://darwin.v7labs.com/datasets/1669395/dataset-management"
      },
      "team": {
        "name": "Smart Agriculture ",
        "slug": "smart-agriculture"
      },
      "workview_url": "https://darwin.v7labs.com/workview?dataset=1669395&item=0195ee46-09ba-41f3-fa8c-96fa783de45c"
    },
    "slots": [
      {
        "type": "image",
        "slot_name": "0",
        "width": 640,
        "height": 504,
        "thumbnail_url": "https://darwin.v7labs.com/api/v2/teams/smart-agriculture/files/e8fd62ba-6f24-4de3-a632-cbafa5c6b365/thumbnail",
        "source_files": [
          {
            "file_name": "000000297022_standing.jpg",
            "url": "https://darwin.v7labs.com/api/v2/teams/smart-agriculture/uploads/1dc40932-467f-46a9-8a6c-4198e5100873"
          }
        ]
      }
    ]
  },
  "annotations": [
    {
      "bounding_box": {
        "h": 199.2067,
        "w": 60.5363,
        "x": 251.0168,
        "y": 142.1899
      },
      "id": "9e089b7f-f632-4e24-a59b-765b03230329",
      "name": "standing",
      "properties": [],
      "slot_names": [
        "0"
      ]
    }
  ],
  "properties": []
}