{
  "version": "2.0",
  "schema_ref": "https://darwin-public.s3.eu-west-1.amazonaws.com/darwin_json/2.0/schema.json",
  "item": {
    "name": "000000200961_walking_running.jpg",
    "path": "/",
    "source_info": {
      "item_id": "0195ee46-09b4-fe40-6389-d029102d03eb",
      "dataset": {
        "name": "DMDL-ASS1",
        "slug": "dmdl-ass1",
        "dataset_management_url": "https://darwin.v7labs.com/datasets/1669395/dataset-management"
      },
      "team": {
        "name": "Smart Agriculture ",
        "slug": "smart-agriculture"
      },
      "workview_url": "https://darwin.v7labs.com/workview?dataset=1669395&item=0195ee46-09b4-fe40-6389-d029102d03eb"
    },
    "slots": [
      {
        "type": "image",
        "slot_name": "0",
        "width": 640,
        "height": 427,
        "thumbnail_url": "https://darwin.v7labs.com/api/v2/teams/smart-agriculture/files/6e8960a7-3250-4326-a8a1-87ff30722bd9/thumbnail",
        "source_files": [
          {
            "file_name": "000000200961_walking_running.jpg",
            "url": "https://darwin.v7labs.com/api/v2/teams/smart-agriculture/uploads/87c40175-1d98-4884-808d-0f94e8260cfa"
          }
        ]
      }
    ]
  },
  "annotations": [
    {
      "bounding_box": {
        "h": 177.1215,
        "w": 142.5321,
        "x": 218.6173,
        "y": 184.2779
      },
      "id": "650426ff-f73c-4d44-ae9c-556650342997",
      "name": "walking_running",
      "properties": [],
      "slot_names": [
        "0"
      ]
    }
  ],
  "properties": []
}