{
  "version": "2.0",
  "schema_ref": "https://darwin-public.s3.eu-west-1.amazonaws.com/darwin_json/2.0/schema.json",
  "item": {
    "name": "000000564336_sitting.jpg",
    "path": "/",
    "source_info": {
      "item_id": "0195ee46-09c6-5638-ae13-70df2a75d28e",
      "dataset": {
        "name": "DMDL-ASS1",
        "slug": "dmdl-ass1",
        "dataset_management_url": "https://darwin.v7labs.com/datasets/1669395/dataset-management"
      },
      "team": {
        "name": "Smart Agriculture ",
        "slug": "smart-agriculture"
      },
      "workview_url": "https://darwin.v7labs.com/workview?dataset=1669395&item=0195ee46-09c6-5638-ae13-70df2a75d28e"
    },
    "slots": [
      {
        "type": "image",
        "slot_name": "0",
        "width": 640,
        "height": 360,
        "thumbnail_url": "https://darwin.v7labs.com/api/v2/teams/smart-agriculture/files/6446685b-2254-4c20-899e-ed892047f76e/thumbnail",
        "source_files": [
          {
            "file_name": "000000564336_sitting.jpg",
            "url": "https://darwin.v7labs.com/api/v2/teams/smart-agriculture/uploads/2a7d939e-d912-4f58-a4e3-db8f43c544fa"
          }
        ]
      }
    ]
  },
  "annotations": [
    {
      "bounding_box": {
        "h": 95.0336,
        "w": 81.0738,
        "x": 113.2886,
        "y": 102.0134
      },
      "id": "03e49493-debc-43f2-bfd9-8712c22ea9f3",
      "name": "sitting",
      "properties": [],
      "slot_names": [
        "0"
      ]
    }
  ],
  "properties": []
}