{
  "version": "2.0",
  "schema_ref": "https://darwin-public.s3.eu-west-1.amazonaws.com/darwin_json/2.0/schema.json",
  "item": {
    "name": "000000571264_standing.jpg",
    "path": "/",
    "source_info": {
      "item_id": "0195ee46-09c7-7a0f-3294-7ad86e19d6cd",
      "dataset": {
        "name": "DMDL-ASS1",
        "slug": "dmdl-ass1",
        "dataset_management_url": "https://darwin.v7labs.com/datasets/1669395/dataset-management"
      },
      "team": {
        "name": "Smart Agriculture ",
        "slug": "smart-agriculture"
      },
      "workview_url": "https://darwin.v7labs.com/workview?dataset=1669395&item=0195ee46-09c7-7a0f-3294-7ad86e19d6cd"
    },
    "slots": [
      {
        "type": "image",
        "slot_name": "0",
        "width": 640,
        "height": 426,
        "thumbnail_url": "https://darwin.v7labs.com/api/v2/teams/smart-agriculture/files/275e7c53-1fcb-4212-9120-8d69f2d06a8d/thumbnail",
        "source_files": [
          {
            "file_name": "000000571264_standing.jpg",
            "url": "https://darwin.v7labs.com/api/v2/teams/smart-agriculture/uploads/93971ad2-c8a9-4a37-a1bd-3a8153f02a93"
          }
        ]
      }
    ]
  },
  "annotations": [
    {
      "bounding_box": {
        "h": 384.352,
        "w": 138.0335,
        "x": 278.352,
        "y": 22.6089
      },
      "id": "3f6fb1a8-0e5c-4546-a4f9-6ee3c4028846",
      "name": "standing",
      "properties": [],
      "slot_names": [
        "0"
      ]
    }
  ],
  "properties": []
}