{
  "version": "2.0",
  "schema_ref": "https://darwin-public.s3.eu-west-1.amazonaws.com/darwin_json/2.0/schema.json",
  "item": {
    "name": "000000202339_walking_running.jpg",
    "path": "/",
    "source_info": {
      "item_id": "0195ee46-09b4-22e5-0b27-0d3bdb36c772",
      "dataset": {
        "name": "DMDL-ASS1",
        "slug": "dmdl-ass1",
        "dataset_management_url": "https://darwin.v7labs.com/datasets/1669395/dataset-management"
      },
      "team": {
        "name": "Smart Agriculture ",
        "slug": "smart-agriculture"
      },
      "workview_url": "https://darwin.v7labs.com/workview?dataset=1669395&item=0195ee46-09b4-22e5-0b27-0d3bdb36c772"
    },
    "slots": [
      {
        "type": "image",
        "slot_name": "0",
        "width": 480,
        "height": 640,
        "thumbnail_url": "https://darwin.v7labs.com/api/v2/teams/smart-agriculture/files/14d12cdd-4f2a-4d7f-9187-f4c14d8d4132/thumbnail",
        "source_files": [
          {
            "file_name": "000000202339_walking_running.jpg",
            "url": "https://darwin.v7labs.com/api/v2/teams/smart-agriculture/uploads/41b839af-35e5-4231-868b-c669dd81d7ab"
          }
        ]
      }
    ]
  },
  "annotations": [
    {
      "bounding_box": {
        "h": 428.1564,
        "w": 153.743,
        "x": 91.6201,
        "y": 29.4972
      },
      "id": "eefc351d-0c27-42d5-a6f1-80999b24f9ff",
      "name": "walking_running",
      "properties": [],
      "slot_names": [
        "0"
      ]
    }
  ],
  "properties": []
}