{
  "version": "2.0",
  "schema_ref": "https://darwin-public.s3.eu-west-1.amazonaws.com/darwin_json/2.0/schema.json",
  "item": {
    "name": "000000011197_standing.jpg",
    "path": "/",
    "source_info": {
      "item_id": "0195ee46-09ac-2294-8bc3-515a92c10170",
      "dataset": {
        "name": "DMDL-ASS1",
        "slug": "dmdl-ass1",
        "dataset_management_url": "https://darwin.v7labs.com/datasets/1669395/dataset-management"
      },
      "team": {
        "name": "Smart Agriculture ",
        "slug": "smart-agriculture"
      },
      "workview_url": "https://darwin.v7labs.com/workview?dataset=1669395&item=0195ee46-09ac-2294-8bc3-515a92c10170"
    },
    "slots": [
      {
        "type": "image",
        "slot_name": "0",
        "width": 640,
        "height": 427,
        "thumbnail_url": "https://darwin.v7labs.com/api/v2/teams/smart-agriculture/files/b145d50c-5add-4cc3-96fb-6804e02cb790/thumbnail",
        "source_files": [
          {
            "file_name": "000000011197_standing.jpg",
            "url": "https://darwin.v7labs.com/api/v2/teams/smart-agriculture/uploads/6fb4ebfe-1dd3-465b-abd9-3c69878f5353"
          }
        ]
      }
    ]
  },
  "annotations": [
    {
      "bounding_box": {
        "h": 161.6159,
        "w": 56.655,
        "x": 309.8617,
        "y": 103.7682
      },
      "id": "d1216d4f-8db3-4784-8f0c-b48aad0e56c7",
      "name": "standing",
      "properties": [],
      "slot_names": [
        "0"
      ]
    }
  ],
  "properties": []
}