{
  "version": "2.0",
  "schema_ref": "https://darwin-public.s3.eu-west-1.amazonaws.com/darwin_json/2.0/schema.json",
  "item": {
    "name": "000000333745_walking_running.jpg",
    "path": "/",
    "source_info": {
      "item_id": "0195ee46-09bb-a703-a555-85ff676aa93a",
      "dataset": {
        "name": "DMDL-ASS1",
        "slug": "dmdl-ass1",
        "dataset_management_url": "https://darwin.v7labs.com/datasets/1669395/dataset-management"
      },
      "team": {
        "name": "Smart Agriculture ",
        "slug": "smart-agriculture"
      },
      "workview_url": "https://darwin.v7labs.com/workview?dataset=1669395&item=0195ee46-09bb-a703-a555-85ff676aa93a"
    },
    "slots": [
      {
        "type": "image",
        "slot_name": "0",
        "width": 427,
        "height": 640,
        "thumbnail_url": "https://darwin.v7labs.com/api/v2/teams/smart-agriculture/files/2e54444b-72d6-4b96-978d-2a464ff459e4/thumbnail",
        "source_files": [
          {
            "file_name": "000000333745_walking_running.jpg",
            "url": "https://darwin.v7labs.com/api/v2/teams/smart-agriculture/uploads/35c0aab5-4c15-4834-9ee9-1d8d63f2cf32"
          }
        ]
      }
    ]
  },
  "annotations": [
    {
      "bounding_box": {
        "h": 367.3743,
        "w": 149.2737,
        "x": 56.1816,
        "y": 140.3352
      },
      "id": "416a2f77-202d-494e-8602-8bccb95d0ac9",
      "name": "walking_running",
      "properties": [],
      "slot_names": [
        "0"
      ]
    }
  ],
  "properties": []
}