{
  "version": "2.0",
  "schema_ref": "https://darwin-public.s3.eu-west-1.amazonaws.com/darwin_json/2.0/schema.json",
  "item": {
    "name": "000000568814_sitting.jpg",
    "path": "/",
    "source_info": {
      "item_id": "0195ee46-09c6-2aaa-3437-63fa85dd4779",
      "dataset": {
        "name": "DMDL-ASS1",
        "slug": "dmdl-ass1",
        "dataset_management_url": "https://darwin.v7labs.com/datasets/1669395/dataset-management"
      },
      "team": {
        "name": "Smart Agriculture ",
        "slug": "smart-agriculture"
      },
      "workview_url": "https://darwin.v7labs.com/workview?dataset=1669395&item=0195ee46-09c6-2aaa-3437-63fa85dd4779"
    },
    "slots": [
      {
        "type": "image",
        "slot_name": "0",
        "width": 640,
        "height": 359,
        "thumbnail_url": "https://darwin.v7labs.com/api/v2/teams/smart-agriculture/files/87139313-9bac-4e86-b34f-4cff36414c85/thumbnail",
        "source_files": [
          {
            "file_name": "000000568814_sitting.jpg",
            "url": "https://darwin.v7labs.com/api/v2/teams/smart-agriculture/uploads/727b9a89-6469-4df5-914d-8e3ddf104746"
          }
        ]
      }
    ]
  },
  "annotations": [
    {
      "bounding_box": {
        "h": 350.0671,
        "w": 454.2282,
        "x": 131.0067,
        "y": 1.6107
      },
      "id": "5276cd21-e9ad-44c1-8766-d81e7f96044c",
      "name": "sitting",
      "properties": [],
      "slot_names": [
        "0"
      ]
    }
  ],
  "properties": []
}