{
  "version": "2.0",
  "schema_ref": "https://darwin-public.s3.eu-west-1.amazonaws.com/darwin_json/2.0/schema.json",
  "item": {
    "name": "000000333402_walking_running.jpg",
    "path": "/",
    "source_info": {
      "item_id": "0195ee46-09bb-d84b-0be4-8370a5e2b1a0",
      "dataset": {
        "name": "DMDL-ASS1",
        "slug": "dmdl-ass1",
        "dataset_management_url": "https://darwin.v7labs.com/datasets/1669395/dataset-management"
      },
      "team": {
        "name": "Smart Agriculture ",
        "slug": "smart-agriculture"
      },
      "workview_url": "https://darwin.v7labs.com/workview?dataset=1669395&item=0195ee46-09bb-d84b-0be4-8370a5e2b1a0"
    },
    "slots": [
      {
        "type": "image",
        "slot_name": "0",
        "width": 640,
        "height": 425,
        "thumbnail_url": "https://darwin.v7labs.com/api/v2/teams/smart-agriculture/files/9513665c-c83b-46b3-a128-06c932dbd59e/thumbnail",
        "source_files": [
          {
            "file_name": "000000333402_walking_running.jpg",
            "url": "https://darwin.v7labs.com/api/v2/teams/smart-agriculture/uploads/f8663748-b813-471a-9ef5-7905efb9d82c"
          }
        ]
      }
    ]
  },
  "annotations": [
    {
      "bounding_box": {
        "h": 236.243,
        "w": 101.5014,
        "x": 474.3296,
        "y": 163.8268
      },
      "id": "8e06e984-ff66-4b92-976f-64f152427f86",
      "name": "walking_running",
      "properties": [],
      "slot_names": [
        "0"
      ]
    }
  ],
  "properties": []
}