{
  "version": "2.0",
  "schema_ref": "https://darwin-public.s3.eu-west-1.amazonaws.com/darwin_json/2.0/schema.json",
  "item": {
    "name": "000000365655_standing.jpg",
    "path": "/",
    "source_info": {
      "item_id": "0195ee46-09bd-1415-566f-cdf1a076530d",
      "dataset": {
        "name": "DMDL-ASS1",
        "slug": "dmdl-ass1",
        "dataset_management_url": "https://darwin.v7labs.com/datasets/1669395/dataset-management"
      },
      "team": {
        "name": "Smart Agriculture ",
        "slug": "smart-agriculture"
      },
      "workview_url": "https://darwin.v7labs.com/workview?dataset=1669395&item=0195ee46-09bd-1415-566f-cdf1a076530d"
    },
    "slots": [
      {
        "type": "image",
        "slot_name": "0",
        "width": 640,
        "height": 427,
        "thumbnail_url": "https://darwin.v7labs.com/api/v2/teams/smart-agriculture/files/fef6af23-bd56-4680-b075-dea8e6165cf9/thumbnail",
        "source_files": [
          {
            "file_name": "000000365655_standing.jpg",
            "url": "https://darwin.v7labs.com/api/v2/teams/smart-agriculture/uploads/1d1e9f68-e222-46a8-a85e-4ae15eaef4c8"
          }
        ]
      }
    ]
  },
  "annotations": [
    {
      "bounding_box": {
        "h": 36.3785,
        "w": 22.0656,
        "x": 538.2709,
        "y": 250.4749
      },
      "id": "298980de-1315-4d6d-a6bd-def7e5f5443f",
      "name": "standing",
      "properties": [],
      "slot_names": [
        "0"
      ]
    }
  ],
  "properties": []
}