{
  "version": "2.0",
  "schema_ref": "https://darwin-public.s3.eu-west-1.amazonaws.com/darwin_json/2.0/schema.json",
  "item": {
    "name": "000000209222_sitting.jpg",
    "path": "/",
    "source_info": {
      "item_id": "0195ee46-09b4-6b73-3d1d-c2d4c3df7013",
      "dataset": {
        "name": "DMDL-ASS1",
        "slug": "dmdl-ass1",
        "dataset_management_url": "https://darwin.v7labs.com/datasets/1669395/dataset-management"
      },
      "team": {
        "name": "Smart Agriculture ",
        "slug": "smart-agriculture"
      },
      "workview_url": "https://darwin.v7labs.com/workview?dataset=1669395&item=0195ee46-09b4-6b73-3d1d-c2d4c3df7013"
    },
    "slots": [
      {
        "type": "image",
        "slot_name": "0",
        "width": 640,
        "height": 427,
        "thumbnail_url": "https://darwin.v7labs.com/api/v2/teams/smart-agriculture/files/68a4f774-98b8-4a6f-b625-b75df703f9f0/thumbnail",
        "source_files": [
          {
            "file_name": "000000209222_sitting.jpg",
            "url": "https://darwin.v7labs.com/api/v2/teams/smart-agriculture/uploads/c55fb984-be9b-419e-8795-ce9236382253"
          }
        ]
      }
    ]
  },
  "annotations": [
    {
      "bounding_box": {
        "h": 196.8017,
        "w": 148.4958,
        "x": 419.5936,
        "y": 193.8198
      },
      "id": "53fcd3b9-9f1f-40b2-af06-36322783b5f3",
      "name": "sitting",
      "properties": [],
      "slot_names": [
        "0"
      ]
    }
  ],
  "properties": []
}