{
  "version": "2.0",
  "schema_ref": "https://darwin-public.s3.eu-west-1.amazonaws.com/darwin_json/2.0/schema.json",
  "item": {
    "name": "000000252294_sitting.jpg",
    "path": "/",
    "source_info": {
      "item_id": "0195ee46-09b6-3a6d-2cf0-aa7f91f71abb",
      "dataset": {
        "name": "DMDL-ASS1",
        "slug": "dmdl-ass1",
        "dataset_management_url": "https://darwin.v7labs.com/datasets/1669395/dataset-management"
      },
      "team": {
        "name": "Smart Agriculture ",
        "slug": "smart-agriculture"
      },
      "workview_url": "https://darwin.v7labs.com/workview?dataset=1669395&item=0195ee46-09b6-3a6d-2cf0-aa7f91f71abb"
    },
    "slots": [
      {
        "type": "image",
        "slot_name": "0",
        "width": 375,
        "height": 500,
        "thumbnail_url": "https://darwin.v7labs.com/api/v2/teams/smart-agriculture/files/3e20cf7a-2344-48c5-a8cb-9f28dce28b19/thumbnail",
        "source_files": [
          {
            "file_name": "000000252294_sitting.jpg",
            "url": "https://darwin.v7labs.com/api/v2/teams/smart-agriculture/uploads/b9d4a11f-21df-4ff6-8d12-eaf3db0cd5a7"
          }
        ]
      }
    ]
  },
  "annotations": [
    {
      "bounding_box": {
        "h": 458.1006,
        "w": 275.838,
        "x": 57.6117,
        "y": 37.0112
      },
      "id": "c952b0bf-7d9c-44ea-a050-39c01b1f16ae",
      "name": "sitting",
      "properties": [],
      "slot_names": [
        "0"
      ]
    }
  ],
  "properties": []
}