{
  "version": "2.0",
  "schema_ref": "https://darwin-public.s3.eu-west-1.amazonaws.com/darwin_json/2.0/schema.json",
  "item": {
    "name": "000000557672_walking_running.jpg",
    "path": "/",
    "source_info": {
      "item_id": "0195ee46-09c6-9599-1db0-a4e9da5a9ae5",
      "dataset": {
        "name": "DMDL-ASS1",
        "slug": "dmdl-ass1",
        "dataset_management_url": "https://darwin.v7labs.com/datasets/1669395/dataset-management"
      },
      "team": {
        "name": "Smart Agriculture ",
        "slug": "smart-agriculture"
      },
      "workview_url": "https://darwin.v7labs.com/workview?dataset=1669395&item=0195ee46-09c6-9599-1db0-a4e9da5a9ae5"
    },
    "slots": [
      {
        "type": "image",
        "slot_name": "0",
        "width": 640,
        "height": 433,
        "thumbnail_url": "https://darwin.v7labs.com/api/v2/teams/smart-agriculture/files/23c06a77-70d2-4e8e-9abd-f77907a99d09/thumbnail",
        "source_files": [
          {
            "file_name": "000000557672_walking_running.jpg",
            "url": "https://darwin.v7labs.com/api/v2/teams/smart-agriculture/uploads/f0d2a894-44a4-4604-b190-91697e57633a"
          }
        ]
      }
    ]
  },
  "annotations": [
    {
      "bounding_box": {
        "h": 392.4818,
        "w": 280.6034,
        "x": 236.5447,
        "y": 38.7039
      },
      "id": "37187b82-a1e4-400b-a124-a221b432583b",
      "name": "walking_running",
      "properties": [],
      "slot_names": [
        "0"
      ]
    }
  ],
  "properties": []
}