{
  "version": "2.0",
  "schema_ref": "https://darwin-public.s3.eu-west-1.amazonaws.com/darwin_json/2.0/schema.json",
  "item": {
    "name": "000000017905_standing.jpg",
    "path": "/",
    "source_info": {
      "item_id": "0195ee46-09ac-cb77-f581-474633907ac4",
      "dataset": {
        "name": "DMDL-ASS1",
        "slug": "dmdl-ass1",
        "dataset_management_url": "https://darwin.v7labs.com/datasets/1669395/dataset-management"
      },
      "team": {
        "name": "Smart Agriculture ",
        "slug": "smart-agriculture"
      },
      "workview_url": "https://darwin.v7labs.com/workview?dataset=1669395&item=0195ee46-09ac-cb77-f581-474633907ac4"
    },
    "slots": [
      {
        "type": "image",
        "slot_name": "0",
        "width": 480,
        "height": 640,
        "thumbnail_url": "https://darwin.v7labs.com/api/v2/teams/smart-agriculture/files/091cc216-ea53-499a-b040-4caba0d166d4/thumbnail",
        "source_files": [
          {
            "file_name": "000000017905_standing.jpg",
            "url": "https://darwin.v7labs.com/api/v2/teams/smart-agriculture/uploads/8041e8d9-a195-4b57-8152-7642e418e4ab"
          }
        ]
      }
    ]
  },
  "annotations": [
    {
      "bounding_box": {
        "h": 375.419,
        "w": 179.6648,
        "x": 60.3352,
        "y": 227.933
      },
      "id": "a5234a96-7849-4ec1-b89c-d97a3ca9861d",
      "name": "standing",
      "properties": [],
      "slot_names": [
        "0"
      ]
    }
  ],
  "properties": []
}