{
  "version": "2.0",
  "schema_ref": "https://darwin-public.s3.eu-west-1.amazonaws.com/darwin_json/2.0/schema.json",
  "item": {
    "name": "000000269316_walking_running.jpg",
    "path": "/",
    "source_info": {
      "item_id": "0195ee46-09b8-6920-d0f7-f2f782e2117d",
      "dataset": {
        "name": "DMDL-ASS1",
        "slug": "dmdl-ass1",
        "dataset_management_url": "https://darwin.v7labs.com/datasets/1669395/dataset-management"
      },
      "team": {
        "name": "Smart Agriculture ",
        "slug": "smart-agriculture"
      },
      "workview_url": "https://darwin.v7labs.com/workview?dataset=1669395&item=0195ee46-09b8-6920-d0f7-f2f782e2117d"
    },
    "slots": [
      {
        "type": "image",
        "slot_name": "0",
        "width": 640,
        "height": 428,
        "thumbnail_url": "https://darwin.v7labs.com/api/v2/teams/smart-agriculture/files/91148738-78bd-41b1-9c74-711537041090/thumbnail",
        "source_files": [
          {
            "file_name": "000000269316_walking_running.jpg",
            "url": "https://darwin.v7labs.com/api/v2/teams/smart-agriculture/uploads/2862b73b-e584-49b4-81a9-dbe126abb704"
          }
        ]
      }
    ]
  },
  "annotations": [
    {
      "bounding_box": {
        "h": 279.7542,
        "w": 188.8939,
        "x": 39.0503,
        "y": 136.8883
      },
      "id": "bcc34583-6756-4d4d-a914-ffb3581b63f1",
      "name": "walking_running",
      "properties": [],
      "slot_names": [
        "0"
      ]
    },
    {
      "bounding_box": {
        "h": 278.5587,
        "w": 184.7095,
        "x": 195.067,
        "y": 138.0838
      },
      "id": "9f2e1ad7-25fa-4abc-8f0b-0a6218227f78",
      "name": "walking_running",
      "properties": [],
      "slot_names": [
        "0"
      ]
    },
    {
      "bounding_box": {
        "h": 273.7765,
        "w": 212.8045,
        "x": 398.3073,
        "y": 138.0838
      },
      "id": "5a8c5ac4-d1a0-443e-9afa-44585d1f40dd",
      "name": "walking_running",
      "properties": [],
      "slot_names": [
        "0"
      ]
    }
  ],
  "properties": []
}