{
  "version": "2.0",
  "schema_ref": "https://darwin-public.s3.eu-west-1.amazonaws.com/darwin_json/2.0/schema.json",
  "item": {
    "name": "000000182441_standing.jpg",
    "path": "/",
    "source_info": {
      "item_id": "0195ee46-09b3-c02c-d6cf-c77d7df0e6fc",
      "dataset": {
        "name": "DMDL-ASS1",
        "slug": "dmdl-ass1",
        "dataset_management_url": "https://darwin.v7labs.com/datasets/1669395/dataset-management"
      },
      "team": {
        "name": "Smart Agriculture ",
        "slug": "smart-agriculture"
      },
      "workview_url": "https://darwin.v7labs.com/workview?dataset=1669395&item=0195ee46-09b3-c02c-d6cf-c77d7df0e6fc"
    },
    "slots": [
      {
        "type": "image",
        "slot_name": "0",
        "width": 640,
        "height": 399,
        "thumbnail_url": "https://darwin.v7labs.com/api/v2/teams/smart-agriculture/files/a7bb1467-ef56-4226-ad87-5b13be4c56f9/thumbnail",
        "source_files": [
          {
            "file_name": "000000182441_standing.jpg",
            "url": "https://darwin.v7labs.com/api/v2/teams/smart-agriculture/uploads/9d4d079d-553d-47fa-8d57-24bf69cd9120"
          }
        ]
      }
    ]
  },
  "annotations": [
    {
      "bounding_box": {
        "h": 102.5363,
        "w": 45.1383,
        "x": 214.6774,
        "y": 285.8757
      },
      "id": "71a3f1ba-5560-438e-a181-08e1601c61da",
      "name": "standing",
      "properties": [],
      "slot_names": [
        "0"
      ]
    }
  ],
  "properties": []
}