{
  "version": "2.0",
  "schema_ref": "https://darwin-public.s3.eu-west-1.amazonaws.com/darwin_json/2.0/schema.json",
  "item": {
    "name": "000000098716_sitting.jpg",
    "path": "/",
    "source_info": {
      "item_id": "0195ee46-09af-17f9-c638-19c50c0f0ede",
      "dataset": {
        "name": "DMDL-ASS1",
        "slug": "dmdl-ass1",
        "dataset_management_url": "https://darwin.v7labs.com/datasets/1669395/dataset-management"
      },
      "team": {
        "name": "Smart Agriculture ",
        "slug": "smart-agriculture"
      },
      "workview_url": "https://darwin.v7labs.com/workview?dataset=1669395&item=0195ee46-09af-17f9-c638-19c50c0f0ede"
    },
    "slots": [
      {
        "type": "image",
        "slot_name": "0",
        "width": 640,
        "height": 359,
        "thumbnail_url": "https://darwin.v7labs.com/api/v2/teams/smart-agriculture/files/d9380afa-c35b-422f-9fd4-df9b49842165/thumbnail",
        "source_files": [
          {
            "file_name": "000000098716_sitting.jpg",
            "url": "https://darwin.v7labs.com/api/v2/teams/smart-agriculture/uploads/628b89f3-fdc7-42f3-a3e2-5f7a0ff0bba4"
          }
        ]
      }
    ]
  },
  "annotations": [
    {
      "bounding_box": {
        "h": 199.1946,
        "w": 253.4228,
        "x": 254.4966,
        "y": 104.1611
      },
      "id": "661aed65-b827-474d-ba5d-9b4ca25333b0",
      "name": "sitting",
      "properties": [],
      "slot_names": [
        "0"
      ]
    }
  ],
  "properties": []
}