{
  "version": "2.0",
  "schema_ref": "https://darwin-public.s3.eu-west-1.amazonaws.com/darwin_json/2.0/schema.json",
  "item": {
    "name": "000000295478_walking_running.jpg",
    "path": "/",
    "source_info": {
      "item_id": "0195ee46-09ba-b3c4-8ba3-1ad4c9efe5b3",
      "dataset": {
        "name": "DMDL-ASS1",
        "slug": "dmdl-ass1",
        "dataset_management_url": "https://darwin.v7labs.com/datasets/1669395/dataset-management"
      },
      "team": {
        "name": "Smart Agriculture ",
        "slug": "smart-agriculture"
      },
      "workview_url": "https://darwin.v7labs.com/workview?dataset=1669395&item=0195ee46-09ba-b3c4-8ba3-1ad4c9efe5b3"
    },
    "slots": [
      {
        "type": "image",
        "slot_name": "0",
        "width": 512,
        "height": 640,
        "thumbnail_url": "https://darwin.v7labs.com/api/v2/teams/smart-agriculture/files/1015dd87-9cde-4937-8d52-786b497f166c/thumbnail",
        "source_files": [
          {
            "file_name": "000000295478_walking_running.jpg",
            "url": "https://darwin.v7labs.com/api/v2/teams/smart-agriculture/uploads/b9856862-e4ff-49c6-8d20-3a5c11c812c0"
          }
        ]
      }
    ]
  },
  "annotations": [
    {
      "bounding_box": {
        "h": 584.581,
        "w": 222.5698,
        "x": 155.8883,
        "y": 32.1788
      },
      "id": "793bdc95-5874-4a85-bac2-dbb38e0286d7",
      "name": "walking_running",
      "properties": [],
      "slot_names": [
        "0"
      ]
    }
  ],
  "properties": []
}