{
  "version": "2.0",
  "schema_ref": "https://darwin-public.s3.eu-west-1.amazonaws.com/darwin_json/2.0/schema.json",
  "item": {
    "name": "000000551794_sitting.jpg",
    "path": "/",
    "source_info": {
      "item_id": "0195ee46-09c6-7d17-0417-655a8db64364",
      "dataset": {
        "name": "DMDL-ASS1",
        "slug": "dmdl-ass1",
        "dataset_management_url": "https://darwin.v7labs.com/datasets/1669395/dataset-management"
      },
      "team": {
        "name": "Smart Agriculture ",
        "slug": "smart-agriculture"
      },
      "workview_url": "https://darwin.v7labs.com/workview?dataset=1669395&item=0195ee46-09c6-7d17-0417-655a8db64364"
    },
    "slots": [
      {
        "type": "image",
        "slot_name": "0",
        "width": 640,
        "height": 480,
        "thumbnail_url": "https://darwin.v7labs.com/api/v2/teams/smart-agriculture/files/3ec39a71-52cc-41c0-8ded-af43d5835d53/thumbnail",
        "source_files": [
          {
            "file_name": "000000551794_sitting.jpg",
            "url": "https://darwin.v7labs.com/api/v2/teams/smart-agriculture/uploads/4ac5fb8f-d971-499a-a8d1-4e1e24a12a01"
          }
        ]
      }
    ]
  },
  "annotations": [
    {
      "bounding_box": {
        "h": 258.1006,
        "w": 120.6704,
        "x": 187.2626,
        "y": 201.1173
      },
      "id": "29516c30-3a26-4159-ae20-f0791bb60423",
      "name": "sitting",
      "properties": [],
      "slot_names": [
        "0"
      ]
    }
  ],
  "properties": []
}