{
  "version": "2.0",
  "schema_ref": "https://darwin-public.s3.eu-west-1.amazonaws.com/darwin_json/2.0/schema.json",
  "item": {
    "name": "000000477689_standing.jpg",
    "path": "/",
    "source_info": {
      "item_id": "0195ee46-09c3-91a0-ce59-b6519bf0ae57",
      "dataset": {
        "name": "DMDL-ASS1",
        "slug": "dmdl-ass1",
        "dataset_management_url": "https://darwin.v7labs.com/datasets/1669395/dataset-management"
      },
      "team": {
        "name": "Smart Agriculture ",
        "slug": "smart-agriculture"
      },
      "workview_url": "https://darwin.v7labs.com/workview?dataset=1669395&item=0195ee46-09c3-91a0-ce59-b6519bf0ae57"
    },
    "slots": [
      {
        "type": "image",
        "slot_name": "0",
        "width": 459,
        "height": 640,
        "thumbnail_url": "https://darwin.v7labs.com/api/v2/teams/smart-agriculture/files/f45328dc-2409-40f3-b501-19e127f9e3ad/thumbnail",
        "source_files": [
          {
            "file_name": "000000477689_standing.jpg",
            "url": "https://darwin.v7labs.com/api/v2/teams/smart-agriculture/uploads/ac5395e5-614f-4e5b-b96f-d7247ad9552e"
          }
        ]
      }
    ]
  },
  "annotations": [
    {
      "bounding_box": {
        "h": 512.1788,
        "w": 331.6201,
        "x": 68.6061,
        "y": 66.1453
      },
      "id": "0ad2cf2c-c962-46a4-9085-4b272aef2b56",
      "name": "standing",
      "properties": [],
      "slot_names": [
        "0"
      ]
    }
  ],
  "properties": []
}