{
  "version": "2.0",
  "schema_ref": "https://darwin-public.s3.eu-west-1.amazonaws.com/darwin_json/2.0/schema.json",
  "item": {
    "name": "000000474854_sitting.jpg",
    "path": "/",
    "source_info": {
      "item_id": "0195ee46-09c3-9f45-53fe-f818c7808c19",
      "dataset": {
        "name": "DMDL-ASS1",
        "slug": "dmdl-ass1",
        "dataset_management_url": "https://darwin.v7labs.com/datasets/1669395/dataset-management"
      },
      "team": {
        "name": "Smart Agriculture ",
        "slug": "smart-agriculture"
      },
      "workview_url": "https://darwin.v7labs.com/workview?dataset=1669395&item=0195ee46-09c3-9f45-53fe-f818c7808c19"
    },
    "slots": [
      {
        "type": "image",
        "slot_name": "0",
        "width": 424,
        "height": 640,
        "thumbnail_url": "https://darwin.v7labs.com/api/v2/teams/smart-agriculture/files/e7255452-c8b7-4ee8-8b44-a2a87485c31f/thumbnail",
        "source_files": [
          {
            "file_name": "000000474854_sitting.jpg",
            "url": "https://darwin.v7labs.com/api/v2/teams/smart-agriculture/uploads/7f5759c0-08e0-4e0c-afc8-377d3c5b8ed3"
          }
        ]
      }
    ]
  },
  "annotations": [
    {
      "bounding_box": {
        "h": 428.1564,
        "w": 309.2737,
        "x": 50.2123,
        "y": 126.0335
      },
      "id": "5f3cacbd-e7a1-48c8-a64f-becba836dc8f",
      "name": "sitting",
      "properties": [],
      "slot_names": [
        "0"
      ]
    }
  ],
  "properties": []
}