{
  "version": "2.0",
  "schema_ref": "https://darwin-public.s3.eu-west-1.amazonaws.com/darwin_json/2.0/schema.json",
  "item": {
    "name": "000000198928_standing.jpg",
    "path": "/",
    "source_info": {
      "item_id": "0195ee46-09b4-c255-1d92-a94203edde8e",
      "dataset": {
        "name": "DMDL-ASS1",
        "slug": "dmdl-ass1",
        "dataset_management_url": "https://darwin.v7labs.com/datasets/1669395/dataset-management"
      },
      "team": {
        "name": "Smart Agriculture ",
        "slug": "smart-agriculture"
      },
      "workview_url": "https://darwin.v7labs.com/workview?dataset=1669395&item=0195ee46-09b4-c255-1d92-a94203edde8e"
    },
    "slots": [
      {
        "type": "image",
        "slot_name": "0",
        "width": 480,
        "height": 640,
        "thumbnail_url": "https://darwin.v7labs.com/api/v2/teams/smart-agriculture/files/fd7b1deb-0ef2-4f21-8e81-8cb9df0c5d64/thumbnail",
        "source_files": [
          {
            "file_name": "000000198928_standing.jpg",
            "url": "https://darwin.v7labs.com/api/v2/teams/smart-agriculture/uploads/3e12fc4b-81e3-40cb-9e8d-df35eb916ac2"
          }
        ]
      }
    ]
  },
  "annotations": [
    {
      "bounding_box": {
        "h": 217.2067,
        "w": 59.8883,
        "x": 240.0,
        "y": 390.6145
      },
      "id": "4218ac02-5ce3-47b8-8569-d3f95e5c9ebe",
      "name": "standing",
      "properties": [],
      "slot_names": [
        "0"
      ]
    }
  ],
  "properties": []
}