{
  "version": "2.0",
  "schema_ref": "https://darwin-public.s3.eu-west-1.amazonaws.com/darwin_json/2.0/schema.json",
  "item": {
    "name": "000000096825_walking_running.jpg",
    "path": "/",
    "source_info": {
      "item_id": "0195ee46-09af-56ae-cf49-26fa4b07d371",
      "dataset": {
        "name": "DMDL-ASS1",
        "slug": "dmdl-ass1",
        "dataset_management_url": "https://darwin.v7labs.com/datasets/1669395/dataset-management"
      },
      "team": {
        "name": "Smart Agriculture ",
        "slug": "smart-agriculture"
      },
      "workview_url": "https://darwin.v7labs.com/workview?dataset=1669395&item=0195ee46-09af-56ae-cf49-26fa4b07d371"
    },
    "slots": [
      {
        "type": "image",
        "slot_name": "0",
        "width": 640,
        "height": 503,
        "thumbnail_url": "https://darwin.v7labs.com/api/v2/teams/smart-agriculture/files/2f797f1b-754c-4c09-899a-1a4701933863/thumbnail",
        "source_files": [
          {
            "file_name": "000000096825_walking_running.jpg",
            "url": "https://darwin.v7labs.com/api/v2/teams/smart-agriculture/uploads/38ff7212-2db8-47a0-866f-cf2cd8058d3f"
          }
        ]
      }
    ]
  },
  "annotations": [
    {
      "bounding_box": {
        "h": 162.9832,
        "w": 75.169,
        "x": 298.9246,
        "y": 240.2598
      },
      "id": "85023281-47ea-4656-aad7-044354700a28",
      "name": "walking_running",
      "properties": [],
      "slot_names": [
        "0"
      ]
    }
  ],
  "properties": []
}