{
  "version": "2.0",
  "schema_ref": "https://darwin-public.s3.eu-west-1.amazonaws.com/darwin_json/2.0/schema.json",
  "item": {
    "name": "000000492284_standing.jpg",
    "path": "/",
    "source_info": {
      "item_id": "0195ee46-09c4-b2e9-c93f-85a11f346da9",
      "dataset": {
        "name": "DMDL-ASS1",
        "slug": "dmdl-ass1",
        "dataset_management_url": "https://darwin.v7labs.com/datasets/1669395/dataset-management"
      },
      "team": {
        "name": "Smart Agriculture ",
        "slug": "smart-agriculture"
      },
      "workview_url": "https://darwin.v7labs.com/workview?dataset=1669395&item=0195ee46-09c4-b2e9-c93f-85a11f346da9"
    },
    "slots": [
      {
        "type": "image",
        "slot_name": "0",
        "width": 640,
        "height": 480,
        "thumbnail_url": "https://darwin.v7labs.com/api/v2/teams/smart-agriculture/files/ab2a9588-3a16-4eb7-9901-5d5c4b8652e7/thumbnail",
        "source_files": [
          {
            "file_name": "000000492284_standing.jpg",
            "url": "https://darwin.v7labs.com/api/v2/teams/smart-agriculture/uploads/d1ab9144-0ee7-403a-a537-4d2418660cb2"
          }
        ]
      }
    ]
  },
  "annotations": [
    {
      "bounding_box": {
        "h": 462.5698,
        "w": 138.7709,
        "x": 364.9162,
        "y": 13.4078
      },
      "id": "f5fef6d0-12c0-4ca2-b2a2-b2cb31bcc06d",
      "name": "standing",
      "properties": [],
      "slot_names": [
        "0"
      ]
    }
  ],
  "properties": []
}