{
  "version": "2.0",
  "schema_ref": "https://darwin-public.s3.eu-west-1.amazonaws.com/darwin_json/2.0/schema.json",
  "item": {
    "name": "000000202228_standing.jpg",
    "path": "/",
    "source_info": {
      "item_id": "0195ee46-09b4-d600-a345-5cd02765065b",
      "dataset": {
        "name": "DMDL-ASS1",
        "slug": "dmdl-ass1",
        "dataset_management_url": "https://darwin.v7labs.com/datasets/1669395/dataset-management"
      },
      "team": {
        "name": "Smart Agriculture ",
        "slug": "smart-agriculture"
      },
      "workview_url": "https://darwin.v7labs.com/workview?dataset=1669395&item=0195ee46-09b4-d600-a345-5cd02765065b"
    },
    "slots": [
      {
        "type": "image",
        "slot_name": "0",
        "width": 480,
        "height": 640,
        "thumbnail_url": "https://darwin.v7labs.com/api/v2/teams/smart-agriculture/files/42431b87-9387-42c5-af32-52f613d9cec6/thumbnail",
        "source_files": [
          {
            "file_name": "000000202228_standing.jpg",
            "url": "https://darwin.v7labs.com/api/v2/teams/smart-agriculture/uploads/d4619d8c-fc48-410b-972c-defe09749a71"
          }
        ]
      }
    ]
  },
  "annotations": [
    {
      "bounding_box": {
        "h": 307.486,
        "w": 174.3017,
        "x": 130.9497,
        "y": 168.9385
      },
      "id": "51bb208d-18cf-4f69-8250-48de7921c234",
      "name": "standing",
      "properties": [],
      "slot_names": [
        "0"
      ]
    }
  ],
  "properties": []
}