{
  "version": "2.0",
  "schema_ref": "https://darwin-public.s3.eu-west-1.amazonaws.com/darwin_json/2.0/schema.json",
  "item": {
    "name": "000000017436_sitting.jpg",
    "path": "/",
    "source_info": {
      "item_id": "0195ee46-09ac-8064-4f9c-bf152f64dfd9",
      "dataset": {
        "name": "DMDL-ASS1",
        "slug": "dmdl-ass1",
        "dataset_management_url": "https://darwin.v7labs.com/datasets/1669395/dataset-management"
      },
      "team": {
        "name": "Smart Agriculture ",
        "slug": "smart-agriculture"
      },
      "workview_url": "https://darwin.v7labs.com/workview?dataset=1669395&item=0195ee46-09ac-8064-4f9c-bf152f64dfd9"
    },
    "slots": [
      {
        "type": "image",
        "slot_name": "0",
        "width": 481,
        "height": 640,
        "thumbnail_url": "https://darwin.v7labs.com/api/v2/teams/smart-agriculture/files/a22efa4e-54c3-46a3-9954-dc469db1e25d/thumbnail",
        "source_files": [
          {
            "file_name": "000000017436_sitting.jpg",
            "url": "https://darwin.v7labs.com/api/v2/teams/smart-agriculture/uploads/3f40007c-354b-462d-b2d3-71561eeb4931"
          }
        ]
      }
    ]
  },
  "annotations": [
    {
      "bounding_box": {
        "h": 153.743,
        "w": 92.067,
        "x": 101.9525,
        "y": 483.5754
      },
      "id": "a50c8929-1881-41ef-baa5-49217bdeb0c5",
      "name": "sitting",
      "properties": [],
      "slot_names": [
        "0"
      ]
    }
  ],
  "properties": []
}