{
  "version": "2.0",
  "schema_ref": "https://darwin-public.s3.eu-west-1.amazonaws.com/darwin_json/2.0/schema.json",
  "item": {
    "name": "000000116439_sitting.jpg",
    "path": "/",
    "source_info": {
      "item_id": "0195ee46-09b0-f0d8-2fc1-5ae9a8fc8c7c",
      "dataset": {
        "name": "DMDL-ASS1",
        "slug": "dmdl-ass1",
        "dataset_management_url": "https://darwin.v7labs.com/datasets/1669395/dataset-management"
      },
      "team": {
        "name": "Smart Agriculture ",
        "slug": "smart-agriculture"
      },
      "workview_url": "https://darwin.v7labs.com/workview?dataset=1669395&item=0195ee46-09b0-f0d8-2fc1-5ae9a8fc8c7c"
    },
    "slots": [
      {
        "type": "image",
        "slot_name": "0",
        "width": 429,
        "height": 640,
        "thumbnail_url": "https://darwin.v7labs.com/api/v2/teams/smart-agriculture/files/1515c0bd-4895-441b-9035-52f4568cdf3c/thumbnail",
        "source_files": [
          {
            "file_name": "000000116439_sitting.jpg",
            "url": "https://darwin.v7labs.com/api/v2/teams/smart-agriculture/uploads/601872b3-3b34-4d11-b64a-b85c57672ede"
          }
        ]
      }
    ]
  },
  "annotations": [
    {
      "bounding_box": {
        "h": 184.1341,
        "w": 142.1229,
        "x": 105.4497,
        "y": 259.2179
      },
      "id": "96519f9c-2826-42b4-89e4-c0c8ec37f629",
      "name": "sitting",
      "properties": [],
      "slot_names": [
        "0"
      ]
    }
  ],
  "properties": []
}