{
  "version": "2.0",
  "schema_ref": "https://darwin-public.s3.eu-west-1.amazonaws.com/darwin_json/2.0/schema.json",
  "item": {
    "name": "000000512836_walking_running.jpg",
    "path": "/",
    "source_info": {
      "item_id": "0195ee46-09c4-0dc8-004e-30eff3a157ba",
      "dataset": {
        "name": "DMDL-ASS1",
        "slug": "dmdl-ass1",
        "dataset_management_url": "https://darwin.v7labs.com/datasets/1669395/dataset-management"
      },
      "team": {
        "name": "Smart Agriculture ",
        "slug": "smart-agriculture"
      },
      "workview_url": "https://darwin.v7labs.com/workview?dataset=1669395&item=0195ee46-09c4-0dc8-004e-30eff3a157ba"
    },
    "slots": [
      {
        "type": "image",
        "slot_name": "0",
        "width": 480,
        "height": 640,
        "thumbnail_url": "https://darwin.v7labs.com/api/v2/teams/smart-agriculture/files/627f90ef-e1ea-4b14-8f72-9ae161ae4deb/thumbnail",
        "source_files": [
          {
            "file_name": "000000512836_walking_running.jpg",
            "url": "https://darwin.v7labs.com/api/v2/teams/smart-agriculture/uploads/26ec673e-0c5e-4c9b-ae5c-e3c0b58ed11d"
          }
        ]
      }
    ]
  },
  "annotations": [
    {
      "bounding_box": {
        "h": 405.8101,
        "w": 139.4413,
        "x": 138.1006,
        "y": 136.7598
      },
      "id": "79f3bc1f-08e1-463d-91bd-5ab4e16f9d2a",
      "name": "walking_running",
      "properties": [],
      "slot_names": [
        "0"
      ]
    }
  ],
  "properties": []
}