{
  "version": "2.0",
  "schema_ref": "https://darwin-public.s3.eu-west-1.amazonaws.com/darwin_json/2.0/schema.json",
  "item": {
    "name": "000000273132_sitting.jpg",
    "path": "/",
    "source_info": {
      "item_id": "0195ee46-09b8-d4b2-934e-45721c8ea4a7",
      "dataset": {
        "name": "DMDL-ASS1",
        "slug": "dmdl-ass1",
        "dataset_management_url": "https://darwin.v7labs.com/datasets/1669395/dataset-management"
      },
      "team": {
        "name": "Smart Agriculture ",
        "slug": "smart-agriculture"
      },
      "workview_url": "https://darwin.v7labs.com/workview?dataset=1669395&item=0195ee46-09b8-d4b2-934e-45721c8ea4a7"
    },
    "slots": [
      {
        "type": "image",
        "slot_name": "0",
        "width": 640,
        "height": 633,
        "thumbnail_url": "https://darwin.v7labs.com/api/v2/teams/smart-agriculture/files/0af8d564-46a7-4a64-b3f9-5688715d570d/thumbnail",
        "source_files": [
          {
            "file_name": "000000273132_sitting.jpg",
            "url": "https://darwin.v7labs.com/api/v2/teams/smart-agriculture/uploads/eec3e721-e123-4643-bccf-fb0377f5a543"
          }
        ]
      }
    ]
  },
  "annotations": [
    {
      "bounding_box": {
        "h": 439.3869,
        "w": 318.2682,
        "x": 169.7067,
        "y": 183.0042
      },
      "id": "ce26daab-407d-4d4d-81d3-2047c07d9c0a",
      "name": "sitting",
      "properties": [],
      "slot_names": [
        "0"
      ]
    }
  ],
  "properties": []
}