{
  "version": "2.0",
  "schema_ref": "https://darwin-public.s3.eu-west-1.amazonaws.com/darwin_json/2.0/schema.json",
  "item": {
    "name": "000000001268_sitting.jpg",
    "path": "/",
    "source_info": {
      "item_id": "0195ee46-09ab-a61d-59bb-8a71c3cf99be",
      "dataset": {
        "name": "DMDL-ASS1",
        "slug": "dmdl-ass1",
        "dataset_management_url": "https://darwin.v7labs.com/datasets/1669395/dataset-management"
      },
      "team": {
        "name": "Smart Agriculture ",
        "slug": "smart-agriculture"
      },
      "workview_url": "https://darwin.v7labs.com/workview?dataset=1669395&item=0195ee46-09ab-a61d-59bb-8a71c3cf99be"
    },
    "slots": [
      {
        "type": "image",
        "slot_name": "0",
        "width": 640,
        "height": 427,
        "thumbnail_url": "https://darwin.v7labs.com/api/v2/teams/smart-agriculture/files/328e0315-e3a0-498b-9f2d-72626fa47a27/thumbnail",
        "source_files": [
          {
            "file_name": "000000001268_sitting.jpg",
            "url": "https://darwin.v7labs.com/api/v2/teams/smart-agriculture/uploads/f089165e-5ac6-494a-b91d-15476d3bfc7d"
          }
        ]
      }
    ]
  },
  "annotations": [
    {
      "bounding_box": {
        "h": 99.5936,
        "w": 79.317,
        "x": 395.1425,
        "y": 203.9581
      },
      "id": "be03ca17-c4cf-450d-83b1-7c7a51a3cf00",
      "name": "sitting",
      "properties": [],
      "slot_names": [
        "0"
      ]
    },
    {
      "bounding_box": {
        "h": 94.8226,
        "w": 86.4735,
        "x": 2.1355,
        "y": 206.3436
      },
      "id": "eca718fd-413f-4671-8829-ab69438438e3",
      "name": "sitting",
      "properties": [],
      "slot_names": [
        "0"
      ]
    }
  ],
  "properties": []
}