{
  "version": "2.0",
  "schema_ref": "https://darwin-public.s3.eu-west-1.amazonaws.com/darwin_json/2.0/schema.json",
  "item": {
    "name": "000000400815_sitting.jpg",
    "path": "/",
    "source_info": {
      "item_id": "0195ee46-09bf-f5f5-0446-fd26602b9792",
      "dataset": {
        "name": "DMDL-ASS1",
        "slug": "dmdl-ass1",
        "dataset_management_url": "https://darwin.v7labs.com/datasets/1669395/dataset-management"
      },
      "team": {
        "name": "Smart Agriculture ",
        "slug": "smart-agriculture"
      },
      "workview_url": "https://darwin.v7labs.com/workview?dataset=1669395&item=0195ee46-09bf-f5f5-0446-fd26602b9792"
    },
    "slots": [
      {
        "type": "image",
        "slot_name": "0",
        "width": 640,
        "height": 427,
        "thumbnail_url": "https://darwin.v7labs.com/api/v2/teams/smart-agriculture/files/1ac52d77-434b-4518-b2cf-c202526d6692/thumbnail",
        "source_files": [
          {
            "file_name": "000000400815_sitting.jpg",
            "url": "https://darwin.v7labs.com/api/v2/teams/smart-agriculture/uploads/22ac3815-3a50-4694-a650-bbddbff2a7d5"
          }
        ]
      }
    ]
  },
  "annotations": [
    {
      "bounding_box": {
        "h": 280.8897,
        "w": 231.3911,
        "x": 198.3408,
        "y": 140.1466
      },
      "id": "9e57c17f-7655-43c7-bd9d-6bec465611e0",
      "name": "sitting",
      "properties": [],
      "slot_names": [
        "0"
      ]
    }
  ],
  "properties": []
}