{
  "version": "2.0",
  "schema_ref": "https://darwin-public.s3.eu-west-1.amazonaws.com/darwin_json/2.0/schema.json",
  "item": {
    "name": "000000308394_sitting.jpg",
    "path": "/",
    "source_info": {
      "item_id": "0195ee46-09ba-f561-ca49-dff3ac4d4112",
      "dataset": {
        "name": "DMDL-ASS1",
        "slug": "dmdl-ass1",
        "dataset_management_url": "https://darwin.v7labs.com/datasets/1669395/dataset-management"
      },
      "team": {
        "name": "Smart Agriculture ",
        "slug": "smart-agriculture"
      },
      "workview_url": "https://darwin.v7labs.com/workview?dataset=1669395&item=0195ee46-09ba-f561-ca49-dff3ac4d4112"
    },
    "slots": [
      {
        "type": "image",
        "slot_name": "0",
        "width": 640,
        "height": 428,
        "thumbnail_url": "https://darwin.v7labs.com/api/v2/teams/smart-agriculture/files/02c9d96c-df9c-45b7-9fdf-478fcc853336/thumbnail",
        "source_files": [
          {
            "file_name": "000000308394_sitting.jpg",
            "url": "https://darwin.v7labs.com/api/v2/teams/smart-agriculture/uploads/f94fa1d0-a291-45dc-9ee3-4359e793eb97"
          }
        ]
      }
    ]
  },
  "annotations": [
    {
      "bounding_box": {
        "h": 263.0168,
        "w": 157.2123,
        "x": 70.1341,
        "y": 156.0168
      },
      "id": "8bcf25f5-9043-4c13-830e-3d1422921dfe",
      "name": "sitting",
      "properties": [],
      "slot_names": [
        "0"
      ]
    }
  ],
  "properties": []
}