{
  "version": "2.0",
  "schema_ref": "https://darwin-public.s3.eu-west-1.amazonaws.com/darwin_json/2.0/schema.json",
  "item": {
    "name": "000000294350_standing.jpg",
    "path": "/",
    "source_info": {
      "item_id": "0195ee46-09b9-6d2d-f85b-cd8f71442b20",
      "dataset": {
        "name": "DMDL-ASS1",
        "slug": "dmdl-ass1",
        "dataset_management_url": "https://darwin.v7labs.com/datasets/1669395/dataset-management"
      },
      "team": {
        "name": "Smart Agriculture ",
        "slug": "smart-agriculture"
      },
      "workview_url": "https://darwin.v7labs.com/workview?dataset=1669395&item=0195ee46-09b9-6d2d-f85b-cd8f71442b20"
    },
    "slots": [
      {
        "type": "image",
        "slot_name": "0",
        "width": 640,
        "height": 425,
        "thumbnail_url": "https://darwin.v7labs.com/api/v2/teams/smart-agriculture/files/70812f06-5b64-4a1e-a730-487540c9eaa4/thumbnail",
        "source_files": [
          {
            "file_name": "000000294350_standing.jpg",
            "url": "https://darwin.v7labs.com/api/v2/teams/smart-agriculture/uploads/2d081850-f15f-4a0a-9057-051aa3bd9eeb"
          }
        ]
      }
    ]
  },
  "annotations": [
    {
      "bounding_box": {
        "h": 335.9637,
        "w": 178.0726,
        "x": 335.433,
        "y": 86.662
      },
      "id": "908824a6-d0a0-471b-8470-563db5d51c09",
      "name": "standing",
      "properties": [],
      "slot_names": [
        "0"
      ]
    }
  ],
  "properties": []
}