{
  "version": "2.0",
  "schema_ref": "https://darwin-public.s3.eu-west-1.amazonaws.com/darwin_json/2.0/schema.json",
  "item": {
    "name": "000000122046_sitting.jpg",
    "path": "/",
    "source_info": {
      "item_id": "0195ee46-09b0-7d07-155e-7acdf8f000bb",
      "dataset": {
        "name": "DMDL-ASS1",
        "slug": "dmdl-ass1",
        "dataset_management_url": "https://darwin.v7labs.com/datasets/1669395/dataset-management"
      },
      "team": {
        "name": "Smart Agriculture ",
        "slug": "smart-agriculture"
      },
      "workview_url": "https://darwin.v7labs.com/workview?dataset=1669395&item=0195ee46-09b0-7d07-155e-7acdf8f000bb"
    },
    "slots": [
      {
        "type": "image",
        "slot_name": "0",
        "width": 427,
        "height": 640,
        "thumbnail_url": "https://darwin.v7labs.com/api/v2/teams/smart-agriculture/files/004b5055-7f29-4537-aa17-4cefdb373905/thumbnail",
        "source_files": [
          {
            "file_name": "000000122046_sitting.jpg",
            "url": "https://darwin.v7labs.com/api/v2/teams/smart-agriculture/uploads/c5835725-bc51-4d22-8cf3-f09837d09aa4"
          }
        ]
      }
    ]
  },
  "annotations": [
    {
      "bounding_box": {
        "h": 430.838,
        "w": 220.7821,
        "x": 79.4218,
        "y": 192.1788
      },
      "id": "b47089f1-d330-42b6-bb57-c6c6774a743f",
      "name": "sitting",
      "properties": [],
      "slot_names": [
        "0"
      ]
    }
  ],
  "properties": []
}