{
  "version": "2.0",
  "schema_ref": "https://darwin-public.s3.eu-west-1.amazonaws.com/darwin_json/2.0/schema.json",
  "item": {
    "name": "000000185250_standing.jpg",
    "path": "/",
    "source_info": {
      "item_id": "0195ee46-09b3-5316-16b6-c21ca0997312",
      "dataset": {
        "name": "DMDL-ASS1",
        "slug": "dmdl-ass1",
        "dataset_management_url": "https://darwin.v7labs.com/datasets/1669395/dataset-management"
      },
      "team": {
        "name": "Smart Agriculture ",
        "slug": "smart-agriculture"
      },
      "workview_url": "https://darwin.v7labs.com/workview?dataset=1669395&item=0195ee46-09b3-5316-16b6-c21ca0997312"
    },
    "slots": [
      {
        "type": "image",
        "slot_name": "0",
        "width": 399,
        "height": 640,
        "thumbnail_url": "https://darwin.v7labs.com/api/v2/teams/smart-agriculture/files/9f7e6748-70fb-4736-b8da-ad5e96ca052d/thumbnail",
        "source_files": [
          {
            "file_name": "000000185250_standing.jpg",
            "url": "https://darwin.v7labs.com/api/v2/teams/smart-agriculture/uploads/f8a568fd-82ce-4cae-b4a3-865b42309d35"
          }
        ]
      }
    ]
  },
  "annotations": [
    {
      "bounding_box": {
        "h": 307.486,
        "w": 107.2626,
        "x": 116.3715,
        "y": 196.648
      },
      "id": "145109c6-b9c6-41ba-a8e0-e4d80e21f1ef",
      "name": "standing",
      "properties": [],
      "slot_names": [
        "0"
      ]
    }
  ],
  "properties": []
}