{
  "version": "2.0",
  "schema_ref": "https://darwin-public.s3.eu-west-1.amazonaws.com/darwin_json/2.0/schema.json",
  "item": {
    "name": "000000515025_sitting.jpg",
    "path": "/",
    "source_info": {
      "item_id": "0195ee46-09c5-8505-2700-4ca6254ac51c",
      "dataset": {
        "name": "DMDL-ASS1",
        "slug": "dmdl-ass1",
        "dataset_management_url": "https://darwin.v7labs.com/datasets/1669395/dataset-management"
      },
      "team": {
        "name": "Smart Agriculture ",
        "slug": "smart-agriculture"
      },
      "workview_url": "https://darwin.v7labs.com/workview?dataset=1669395&item=0195ee46-09c5-8505-2700-4ca6254ac51c"
    },
    "slots": [
      {
        "type": "image",
        "slot_name": "0",
        "width": 640,
        "height": 427,
        "thumbnail_url": "https://darwin.v7labs.com/api/v2/teams/smart-agriculture/files/5a22dc50-a88e-46cc-ae9c-44b44f1bab23/thumbnail",
        "source_files": [
          {
            "file_name": "000000515025_sitting.jpg",
            "url": "https://darwin.v7labs.com/api/v2/teams/smart-agriculture/uploads/770c7bc7-2547-41c6-98be-4c853922cee4"
          }
        ]
      }
    ]
  },
  "annotations": [
    {
      "bounding_box": {
        "h": 284.4679,
        "w": 171.7542,
        "x": 244.2612,
        "y": 10.1383
      },
      "id": "48cc25f8-348a-4cf1-ab8b-dafa76e7f023",
      "name": "sitting",
      "properties": [],
      "slot_names": [
        "0"
      ]
    }
  ],
  "properties": []
}