{
  "version": "2.0",
  "schema_ref": "https://darwin-public.s3.eu-west-1.amazonaws.com/darwin_json/2.0/schema.json",
  "item": {
    "name": "000000414385_walking_running.jpg",
    "path": "/",
    "source_info": {
      "item_id": "0195ee46-09bf-0ea7-2d44-ac218472749d",
      "dataset": {
        "name": "DMDL-ASS1",
        "slug": "dmdl-ass1",
        "dataset_management_url": "https://darwin.v7labs.com/datasets/1669395/dataset-management"
      },
      "team": {
        "name": "Smart Agriculture ",
        "slug": "smart-agriculture"
      },
      "workview_url": "https://darwin.v7labs.com/workview?dataset=1669395&item=0195ee46-09bf-0ea7-2d44-ac218472749d"
    },
    "slots": [
      {
        "type": "image",
        "slot_name": "0",
        "width": 640,
        "height": 480,
        "thumbnail_url": "https://darwin.v7labs.com/api/v2/teams/smart-agriculture/files/b5c5baa7-65fd-468b-9356-d7f3174e9de1/thumbnail",
        "source_files": [
          {
            "file_name": "000000414385_walking_running.jpg",
            "url": "https://darwin.v7labs.com/api/v2/teams/smart-agriculture/uploads/ffe95e37-095a-487c-b4ce-ee95a0da93a6"
          }
        ]
      }
    ]
  },
  "annotations": [
    {
      "bounding_box": {
        "h": 134.7486,
        "w": 56.9832,
        "x": 412.514,
        "y": 247.3743
      },
      "id": "2cb8bfc5-3c47-4b0a-b60c-0d9361e39a46",
      "name": "walking_running",
      "properties": [],
      "slot_names": [
        "0"
      ]
    }
  ],
  "properties": []
}