{
  "version": "2.0",
  "schema_ref": "https://darwin-public.s3.eu-west-1.amazonaws.com/darwin_json/2.0/schema.json",
  "item": {
    "name": "000000054931_walking_running.jpg",
    "path": "/",
    "source_info": {
      "item_id": "0195ee46-09ae-b326-be8f-8e426e7d0ff6",
      "dataset": {
        "name": "DMDL-ASS1",
        "slug": "dmdl-ass1",
        "dataset_management_url": "https://darwin.v7labs.com/datasets/1669395/dataset-management"
      },
      "team": {
        "name": "Smart Agriculture ",
        "slug": "smart-agriculture"
      },
      "workview_url": "https://darwin.v7labs.com/workview?dataset=1669395&item=0195ee46-09ae-b326-be8f-8e426e7d0ff6"
    },
    "slots": [
      {
        "type": "image",
        "slot_name": "0",
        "width": 427,
        "height": 640,
        "thumbnail_url": "https://darwin.v7labs.com/api/v2/teams/smart-agriculture/files/901f6b73-9df3-47c1-a401-0ada3d7111bd/thumbnail",
        "source_files": [
          {
            "file_name": "000000054931_walking_running.jpg",
            "url": "https://darwin.v7labs.com/api/v2/teams/smart-agriculture/uploads/2085ca2a-0d08-42a2-b95a-31d8dec252c5"
          }
        ]
      }
    ]
  },
  "annotations": [
    {
      "bounding_box": {
        "h": 467.486,
        "w": 176.9832,
        "x": 209.9246,
        "y": 153.743
      },
      "id": "01610589-0245-4022-b127-2e1e7e190829",
      "name": "walking_running",
      "properties": [],
      "slot_names": [
        "0"
      ]
    }
  ],
  "properties": []
}