{
  "version": "2.0",
  "schema_ref": "https://darwin-public.s3.eu-west-1.amazonaws.com/darwin_json/2.0/schema.json",
  "item": {
    "name": "000000277005_walking_running.jpg",
    "path": "/",
    "source_info": {
      "item_id": "0195ee46-09b8-d74d-c28a-299e9739d3f2",
      "dataset": {
        "name": "DMDL-ASS1",
        "slug": "dmdl-ass1",
        "dataset_management_url": "https://darwin.v7labs.com/datasets/1669395/dataset-management"
      },
      "team": {
        "name": "Smart Agriculture ",
        "slug": "smart-agriculture"
      },
      "workview_url": "https://darwin.v7labs.com/workview?dataset=1669395&item=0195ee46-09b8-d74d-c28a-299e9739d3f2"
    },
    "slots": [
      {
        "type": "image",
        "slot_name": "0",
        "width": 640,
        "height": 426,
        "thumbnail_url": "https://darwin.v7labs.com/api/v2/teams/smart-agriculture/files/84dfa823-eaf8-4e72-837c-394316635a3e/thumbnail",
        "source_files": [
          {
            "file_name": "000000277005_walking_running.jpg",
            "url": "https://darwin.v7labs.com/api/v2/teams/smart-agriculture/uploads/c5cdf725-7245-4543-bbb6-8f43b11428a1"
          }
        ]
      }
    ]
  },
  "annotations": [
    {
      "bounding_box": {
        "h": 134.4637,
        "w": 51.1676,
        "x": 183.7514,
        "y": 255.243
      },
      "id": "c43b3d77-75c4-4767-be34-3707485c1a82",
      "name": "walking_running",
      "properties": [],
      "slot_names": [
        "0"
      ]
    }
  ],
  "properties": []
}