{
  "version": "2.0",
  "schema_ref": "https://darwin-public.s3.eu-west-1.amazonaws.com/darwin_json/2.0/schema.json",
  "item": {
    "name": "000000431693_walking_running.jpg",
    "path": "/",
    "source_info": {
      "item_id": "0195ee46-09c0-dba5-c6b0-e8c2aab951af",
      "dataset": {
        "name": "DMDL-ASS1",
        "slug": "dmdl-ass1",
        "dataset_management_url": "https://darwin.v7labs.com/datasets/1669395/dataset-management"
      },
      "team": {
        "name": "Smart Agriculture ",
        "slug": "smart-agriculture"
      },
      "workview_url": "https://darwin.v7labs.com/workview?dataset=1669395&item=0195ee46-09c0-dba5-c6b0-e8c2aab951af"
    },
    "slots": [
      {
        "type": "image",
        "slot_name": "0",
        "width": 640,
        "height": 426,
        "thumbnail_url": "https://darwin.v7labs.com/api/v2/teams/smart-agriculture/files/d2d3e546-0ba3-44a2-9143-442b5f04c14a/thumbnail",
        "source_files": [
          {
            "file_name": "000000431693_walking_running.jpg",
            "url": "https://darwin.v7labs.com/api/v2/teams/smart-agriculture/uploads/7bdf98b1-91d0-4768-a91c-463f5e7847f4"
          }
        ]
      }
    ]
  },
  "annotations": [
    {
      "bounding_box": {
        "h": 221.9246,
        "w": 299.8659,
        "x": 168.8771,
        "y": 146.3631
      },
      "id": "ba824242-0571-4d41-a70a-1270e49fe33d",
      "name": "walking_running",
      "properties": [],
      "slot_names": [
        "0"
      ]
    }
  ],
  "properties": []
}