{
  "version": "2.0",
  "schema_ref": "https://darwin-public.s3.eu-west-1.amazonaws.com/darwin_json/2.0/schema.json",
  "item": {
    "name": "000000481567_standing.jpg",
    "path": "/",
    "source_info": {
      "item_id": "0195ee46-09c3-d784-6a7b-587caeb32504",
      "dataset": {
        "name": "DMDL-ASS1",
        "slug": "dmdl-ass1",
        "dataset_management_url": "https://darwin.v7labs.com/datasets/1669395/dataset-management"
      },
      "team": {
        "name": "Smart Agriculture ",
        "slug": "smart-agriculture"
      },
      "workview_url": "https://darwin.v7labs.com/workview?dataset=1669395&item=0195ee46-09c3-d784-6a7b-587caeb32504"
    },
    "slots": [
      {
        "type": "image",
        "slot_name": "0",
        "width": 640,
        "height": 480,
        "thumbnail_url": "https://darwin.v7labs.com/api/v2/teams/smart-agriculture/files/e4151022-deb6-4f0f-a1a4-25438596e10f/thumbnail",
        "source_files": [
          {
            "file_name": "000000481567_standing.jpg",
            "url": "https://darwin.v7labs.com/api/v2/teams/smart-agriculture/uploads/c67f84fd-6862-4b82-b4f6-cd1f5678e5e8"
          }
        ]
      }
    ]
  },
  "annotations": [
    {
      "bounding_box": {
        "h": 161.5642,
        "w": 126.0335,
        "x": 254.9721,
        "y": 86.4804
      },
      "id": "ada2be9b-faaa-450e-b219-5dde0855e572",
      "name": "standing",
      "properties": [],
      "slot_names": [
        "0"
      ]
    }
  ],
  "properties": []
}