{
  "version": "2.0",
  "schema_ref": "https://darwin-public.s3.eu-west-1.amazonaws.com/darwin_json/2.0/schema.json",
  "item": {
    "name": "000000088951_sitting.jpg",
    "path": "/",
    "source_info": {
      "item_id": "0195ee46-09af-5469-5c80-ddaadb1da44c",
      "dataset": {
        "name": "DMDL-ASS1",
        "slug": "dmdl-ass1",
        "dataset_management_url": "https://darwin.v7labs.com/datasets/1669395/dataset-management"
      },
      "team": {
        "name": "Smart Agriculture ",
        "slug": "smart-agriculture"
      },
      "workview_url": "https://darwin.v7labs.com/workview?dataset=1669395&item=0195ee46-09af-5469-5c80-ddaadb1da44c"
    },
    "slots": [
      {
        "type": "image",
        "slot_name": "0",
        "width": 500,
        "height": 374,
        "thumbnail_url": "https://darwin.v7labs.com/api/v2/teams/smart-agriculture/files/3e55819f-438c-44f9-b305-af62a4bc5282/thumbnail",
        "source_files": [
          {
            "file_name": "000000088951_sitting.jpg",
            "url": "https://darwin.v7labs.com/api/v2/teams/smart-agriculture/uploads/11046e74-3208-41fd-b7cf-0fd0ead5ffc2"
          }
        ]
      }
    ]
  },
  "annotations": [
    {
      "bounding_box": {
        "h": 137.8994,
        "w": 113.8715,
        "x": 125.1592,
        "y": 186.4777
      },
      "id": "388d2ad1-df86-43a7-b275-54a226f74b94",
      "name": "sitting",
      "properties": [],
      "slot_names": [
        "0"
      ]
    }
  ],
  "properties": []
}