{
  "version": "2.0",
  "schema_ref": "https://darwin-public.s3.eu-west-1.amazonaws.com/darwin_json/2.0/schema.json",
  "item": {
    "name": "000000013177_sitting.jpg",
    "path": "/",
    "source_info": {
      "item_id": "0195ee46-09ac-3a5b-f5b9-f5ec2adf8758",
      "dataset": {
        "name": "DMDL-ASS1",
        "slug": "dmdl-ass1",
        "dataset_management_url": "https://darwin.v7labs.com/datasets/1669395/dataset-management"
      },
      "team": {
        "name": "Smart Agriculture ",
        "slug": "smart-agriculture"
      },
      "workview_url": "https://darwin.v7labs.com/workview?dataset=1669395&item=0195ee46-09ac-3a5b-f5b9-f5ec2adf8758"
    },
    "slots": [
      {
        "type": "image",
        "slot_name": "0",
        "width": 640,
        "height": 427,
        "thumbnail_url": "https://darwin.v7labs.com/api/v2/teams/smart-agriculture/files/de07bdda-9a3b-4738-9073-eb539b6e5dd5/thumbnail",
        "source_files": [
          {
            "file_name": "000000013177_sitting.jpg",
            "url": "https://darwin.v7labs.com/api/v2/teams/smart-agriculture/uploads/931f4e43-0cb1-46c3-9a48-73cd717e3bd7"
          }
        ]
      }
    ]
  },
  "annotations": [
    {
      "bounding_box": {
        "h": 360.8031,
        "w": 313.6899,
        "x": 309.2654,
        "y": 53.0768
      },
      "id": "b5823e49-91e1-4bd4-9e5b-7fc7565cb9b8",
      "name": "sitting",
      "properties": [],
      "slot_names": [
        "0"
      ]
    }
  ],
  "properties": []
}