{
  "version": "2.0",
  "schema_ref": "https://darwin-public.s3.eu-west-1.amazonaws.com/darwin_json/2.0/schema.json",
  "item": {
    "name": "000000475191_walking_running.jpg",
    "path": "/",
    "source_info": {
      "item_id": "0195ee46-09c3-0050-ce7d-dc62ba3f51e6",
      "dataset": {
        "name": "DMDL-ASS1",
        "slug": "dmdl-ass1",
        "dataset_management_url": "https://darwin.v7labs.com/datasets/1669395/dataset-management"
      },
      "team": {
        "name": "Smart Agriculture ",
        "slug": "smart-agriculture"
      },
      "workview_url": "https://darwin.v7labs.com/workview?dataset=1669395&item=0195ee46-09c3-0050-ce7d-dc62ba3f51e6"
    },
    "slots": [
      {
        "type": "image",
        "slot_name": "0",
        "width": 640,
        "height": 480,
        "thumbnail_url": "https://darwin.v7labs.com/api/v2/teams/smart-agriculture/files/6d115519-56c4-4b97-9e4a-67b00e08f366/thumbnail",
        "source_files": [
          {
            "file_name": "000000475191_walking_running.jpg",
            "url": "https://darwin.v7labs.com/api/v2/teams/smart-agriculture/uploads/5436b124-0e4f-4c2d-a2e1-dcaeef8d058f"
          }
        ]
      }
    ]
  },
  "annotations": [
    {
      "bounding_box": {
        "h": 318.4358,
        "w": 233.9665,
        "x": 193.2961,
        "y": 101.8994
      },
      "id": "cd93165a-6fd2-42ed-b460-b94768f42d88",
      "name": "walking_running",
      "properties": [],
      "slot_names": [
        "0"
      ]
    }
  ],
  "properties": []
}