{
  "version": "2.0",
  "schema_ref": "https://darwin-public.s3.eu-west-1.amazonaws.com/darwin_json/2.0/schema.json",
  "item": {
    "name": "000000366884_sitting.jpg",
    "path": "/",
    "source_info": {
      "item_id": "0195ee46-09bd-bfe8-58b8-366e6a0a8bd0",
      "dataset": {
        "name": "DMDL-ASS1",
        "slug": "dmdl-ass1",
        "dataset_management_url": "https://darwin.v7labs.com/datasets/1669395/dataset-management"
      },
      "team": {
        "name": "Smart Agriculture ",
        "slug": "smart-agriculture"
      },
      "workview_url": "https://darwin.v7labs.com/workview?dataset=1669395&item=0195ee46-09bd-bfe8-58b8-366e6a0a8bd0"
    },
    "slots": [
      {
        "type": "image",
        "slot_name": "0",
        "width": 640,
        "height": 480,
        "thumbnail_url": "https://darwin.v7labs.com/api/v2/teams/smart-agriculture/files/4301abdd-65e6-4efb-a39c-2fee62b88f16/thumbnail",
        "source_files": [
          {
            "file_name": "000000366884_sitting.jpg",
            "url": "https://darwin.v7labs.com/api/v2/teams/smart-agriculture/uploads/840b21c5-027d-40ea-9e4a-dc87389ecf8b"
          }
        ]
      }
    ]
  },
  "annotations": [
    {
      "bounding_box": {
        "h": 120.6704,
        "w": 85.1397,
        "x": 417.2067,
        "y": 172.2905
      },
      "id": "e3382dba-f984-4056-a109-2095088017aa",
      "name": "sitting",
      "properties": [],
      "slot_names": [
        "0"
      ]
    }
  ],
  "properties": []
}