{
  "version": "2.0",
  "schema_ref": "https://darwin-public.s3.eu-west-1.amazonaws.com/darwin_json/2.0/schema.json",
  "item": {
    "name": "000000338624_walking_running.jpg",
    "path": "/",
    "source_info": {
      "item_id": "0195ee46-09bb-24da-9170-045bdaa1855b",
      "dataset": {
        "name": "DMDL-ASS1",
        "slug": "dmdl-ass1",
        "dataset_management_url": "https://darwin.v7labs.com/datasets/1669395/dataset-management"
      },
      "team": {
        "name": "Smart Agriculture ",
        "slug": "smart-agriculture"
      },
      "workview_url": "https://darwin.v7labs.com/workview?dataset=1669395&item=0195ee46-09bb-24da-9170-045bdaa1855b"
    },
    "slots": [
      {
        "type": "image",
        "slot_name": "0",
        "width": 640,
        "height": 360,
        "thumbnail_url": "https://darwin.v7labs.com/api/v2/teams/smart-agriculture/files/0db4c702-7b7b-4e23-a219-69829525d9f2/thumbnail",
        "source_files": [
          {
            "file_name": "000000338624_walking_running.jpg",
            "url": "https://darwin.v7labs.com/api/v2/teams/smart-agriculture/uploads/2a8e3108-65b1-41c7-85a4-2c2fe2dba92d"
          }
        ]
      }
    ]
  },
  "annotations": [
    {
      "bounding_box": {
        "h": 212.0805,
        "w": 71.4094,
        "x": 231.4094,
        "y": 26.3087
      },
      "id": "19d183fe-25f5-41aa-9f43-60f151282e8a",
      "name": "walking_running",
      "properties": [],
      "slot_names": [
        "0"
      ]
    }
  ],
  "properties": []
}