{
  "version": "2.0",
  "schema_ref": "https://darwin-public.s3.eu-west-1.amazonaws.com/darwin_json/2.0/schema.json",
  "item": {
    "name": "000000431545_walking_running.jpg",
    "path": "/",
    "source_info": {
      "item_id": "0195ee46-09c0-ede1-a6b7-a3c5eca4b150",
      "dataset": {
        "name": "DMDL-ASS1",
        "slug": "dmdl-ass1",
        "dataset_management_url": "https://darwin.v7labs.com/datasets/1669395/dataset-management"
      },
      "team": {
        "name": "Smart Agriculture ",
        "slug": "smart-agriculture"
      },
      "workview_url": "https://darwin.v7labs.com/workview?dataset=1669395&item=0195ee46-09c0-ede1-a6b7-a3c5eca4b150"
    },
    "slots": [
      {
        "type": "image",
        "slot_name": "0",
        "width": 500,
        "height": 334,
        "thumbnail_url": "https://darwin.v7labs.com/api/v2/teams/smart-agriculture/files/c9d90d90-3d8f-48b6-88f2-a651f76f0202/thumbnail",
        "source_files": [
          {
            "file_name": "000000431545_walking_running.jpg",
            "url": "https://darwin.v7labs.com/api/v2/teams/smart-agriculture/uploads/594a8e2d-b6c1-46b9-aa4a-dcb50e114483"
          }
        ]
      }
    ]
  },
  "annotations": [
    {
      "bounding_box": {
        "h": 216.4469,
        "w": 95.6285,
        "x": 145.9749,
        "y": 81.6341
      },
      "id": "8a07a217-6751-4b65-8d4b-c2125ebf769a",
      "name": "walking_running",
      "properties": [],
      "slot_names": [
        "0"
      ]
    }
  ],
  "properties": []
}