{
  "version": "2.0",
  "schema_ref": "https://darwin-public.s3.eu-west-1.amazonaws.com/darwin_json/2.0/schema.json",
  "item": {
    "name": "000000248284_walking_running.jpg",
    "path": "/",
    "source_info": {
      "item_id": "0195ee46-09b6-f9d8-31ff-c70e553ac601",
      "dataset": {
        "name": "DMDL-ASS1",
        "slug": "dmdl-ass1",
        "dataset_management_url": "https://darwin.v7labs.com/datasets/1669395/dataset-management"
      },
      "team": {
        "name": "Smart Agriculture ",
        "slug": "smart-agriculture"
      },
      "workview_url": "https://darwin.v7labs.com/workview?dataset=1669395&item=0195ee46-09b6-f9d8-31ff-c70e553ac601"
    },
    "slots": [
      {
        "type": "image",
        "slot_name": "0",
        "width": 427,
        "height": 640,
        "thumbnail_url": "https://darwin.v7labs.com/api/v2/teams/smart-agriculture/files/d77d4a1f-2876-4b7e-ae95-f242dd55c608/thumbnail",
        "source_files": [
          {
            "file_name": "000000248284_walking_running.jpg",
            "url": "https://darwin.v7labs.com/api/v2/teams/smart-agriculture/uploads/e25129b5-eb9d-44b8-9ccf-8a253c08eeb0"
          }
        ]
      }
    ]
  },
  "annotations": [
    {
      "bounding_box": {
        "h": 281.5642,
        "w": 118.8827,
        "x": 273.3883,
        "y": 148.3799
      },
      "id": "9b321f5d-e622-4200-9f31-66e84f631652",
      "name": "walking_running",
      "properties": [],
      "slot_names": [
        "0"
      ]
    }
  ],
  "properties": []
}