{
  "version": "2.0",
  "schema_ref": "https://darwin-public.s3.eu-west-1.amazonaws.com/darwin_json/2.0/schema.json",
  "item": {
    "name": "000000393226_walking_running.jpg",
    "path": "/",
    "source_info": {
      "item_id": "0195ee46-09be-a547-6c65-df2d25d688de",
      "dataset": {
        "name": "DMDL-ASS1",
        "slug": "dmdl-ass1",
        "dataset_management_url": "https://darwin.v7labs.com/datasets/1669395/dataset-management"
      },
      "team": {
        "name": "Smart Agriculture ",
        "slug": "smart-agriculture"
      },
      "workview_url": "https://darwin.v7labs.com/workview?dataset=1669395&item=0195ee46-09be-a547-6c65-df2d25d688de"
    },
    "slots": [
      {
        "type": "image",
        "slot_name": "0",
        "width": 640,
        "height": 480,
        "thumbnail_url": "https://darwin.v7labs.com/api/v2/teams/smart-agriculture/files/cac0016b-d60c-43d1-ac64-c7c4fde63fe6/thumbnail",
        "source_files": [
          {
            "file_name": "000000393226_walking_running.jpg",
            "url": "https://darwin.v7labs.com/api/v2/teams/smart-agriculture/uploads/01024bda-4955-4683-8cf6-1d195ed196d0"
          }
        ]
      }
    ]
  },
  "annotations": [
    {
      "bounding_box": {
        "h": 158.8827,
        "w": 75.0838,
        "x": 89.3855,
        "y": 193.0726
      },
      "id": "a82058fb-99d8-4269-9984-f53d3e6f283e",
      "name": "walking_running",
      "properties": [],
      "slot_names": [
        "0"
      ]
    }
  ],
  "properties": []
}