{
  "version": "2.0",
  "schema_ref": "https://darwin-public.s3.eu-west-1.amazonaws.com/darwin_json/2.0/schema.json",
  "item": {
    "name": "000000324158_walking_running.jpg",
    "path": "/",
    "source_info": {
      "item_id": "0195ee46-09ba-97fb-161d-81c59ad54137",
      "dataset": {
        "name": "DMDL-ASS1",
        "slug": "dmdl-ass1",
        "dataset_management_url": "https://darwin.v7labs.com/datasets/1669395/dataset-management"
      },
      "team": {
        "name": "Smart Agriculture ",
        "slug": "smart-agriculture"
      },
      "workview_url": "https://darwin.v7labs.com/workview?dataset=1669395&item=0195ee46-09ba-97fb-161d-81c59ad54137"
    },
    "slots": [
      {
        "type": "image",
        "slot_name": "0",
        "width": 500,
        "height": 334,
        "thumbnail_url": "https://darwin.v7labs.com/api/v2/teams/smart-agriculture/files/dcc40859-4463-460d-8c4f-38b4e723d43f/thumbnail",
        "source_files": [
          {
            "file_name": "000000324158_walking_running.jpg",
            "url": "https://darwin.v7labs.com/api/v2/teams/smart-agriculture/uploads/8c4b85a9-62c5-4dc0-bd86-14f777e33597"
          }
        ]
      }
    ]
  },
  "annotations": [
    {
      "bounding_box": {
        "h": 172.1313,
        "w": 84.433,
        "x": 196.8212,
        "y": 97.4944
      },
      "id": "13631e33-38eb-48d5-8595-b8026e825e70",
      "name": "walking_running",
      "properties": [],
      "slot_names": [
        "0"
      ]
    }
  ],
  "properties": []
}