{
  "version": "2.0",
  "schema_ref": "https://darwin-public.s3.eu-west-1.amazonaws.com/darwin_json/2.0/schema.json",
  "item": {
    "name": "000000511076_sitting.jpg",
    "path": "/",
    "source_info": {
      "item_id": "0195ee46-09c4-6b43-c734-0a0291a3ef85",
      "dataset": {
        "name": "DMDL-ASS1",
        "slug": "dmdl-ass1",
        "dataset_management_url": "https://darwin.v7labs.com/datasets/1669395/dataset-management"
      },
      "team": {
        "name": "Smart Agriculture ",
        "slug": "smart-agriculture"
      },
      "workview_url": "https://darwin.v7labs.com/workview?dataset=1669395&item=0195ee46-09c4-6b43-c734-0a0291a3ef85"
    },
    "slots": [
      {
        "type": "image",
        "slot_name": "0",
        "width": 640,
        "height": 427,
        "thumbnail_url": "https://darwin.v7labs.com/api/v2/teams/smart-agriculture/files/d18584ce-80b5-4ec8-ba50-93181d795aae/thumbnail",
        "source_files": [
          {
            "file_name": "000000511076_sitting.jpg",
            "url": "https://darwin.v7labs.com/api/v2/teams/smart-agriculture/uploads/d2fda142-7c33-4fde-aa00-7fb488dd99be"
          }
        ]
      }
    ]
  },
  "annotations": [
    {
      "bounding_box": {
        "h": 304.148,
        "w": 168.176,
        "x": 383.8115,
        "y": 70.9679
      },
      "id": "89729430-79f9-4952-a70f-83a55e403fe8",
      "name": "sitting",
      "properties": [],
      "slot_names": [
        "0"
      ]
    }
  ],
  "properties": []
}