{
  "version": "2.0",
  "schema_ref": "https://darwin-public.s3.eu-west-1.amazonaws.com/darwin_json/2.0/schema.json",
  "item": {
    "name": "000000549930_walking_running.jpg",
    "path": "/",
    "source_info": {
      "item_id": "0195ee46-09c6-949c-64eb-ca2a07c9480b",
      "dataset": {
        "name": "DMDL-ASS1",
        "slug": "dmdl-ass1",
        "dataset_management_url": "https://darwin.v7labs.com/datasets/1669395/dataset-management"
      },
      "team": {
        "name": "Smart Agriculture ",
        "slug": "smart-agriculture"
      },
      "workview_url": "https://darwin.v7labs.com/workview?dataset=1669395&item=0195ee46-09c6-949c-64eb-ca2a07c9480b"
    },
    "slots": [
      {
        "type": "image",
        "slot_name": "0",
        "width": 640,
        "height": 558,
        "thumbnail_url": "https://darwin.v7labs.com/api/v2/teams/smart-agriculture/files/43d1b6c8-60e8-40b8-924c-727abf385be5/thumbnail",
        "source_files": [
          {
            "file_name": "000000549930_walking_running.jpg",
            "url": "https://darwin.v7labs.com/api/v2/teams/smart-agriculture/uploads/4c61d120-8a6e-420d-afe6-8023fa852300"
          }
        ]
      }
    ]
  },
  "annotations": [
    {
      "bounding_box": {
        "h": 390.4441,
        "w": 273.5447,
        "x": 104.905,
        "y": 158.9832
      },
      "id": "e3c4c134-1f0b-48aa-b248-2dd1f929272d",
      "name": "walking_running",
      "properties": [],
      "slot_names": [
        "0"
      ]
    }
  ],
  "properties": []
}