{
  "version": "2.0",
  "schema_ref": "https://darwin-public.s3.eu-west-1.amazonaws.com/darwin_json/2.0/schema.json",
  "item": {
    "name": "000000089697_sitting.jpg",
    "path": "/",
    "source_info": {
      "item_id": "0195ee46-09af-9e0a-2ffa-5244925525f8",
      "dataset": {
        "name": "DMDL-ASS1",
        "slug": "dmdl-ass1",
        "dataset_management_url": "https://darwin.v7labs.com/datasets/1669395/dataset-management"
      },
      "team": {
        "name": "Smart Agriculture ",
        "slug": "smart-agriculture"
      },
      "workview_url": "https://darwin.v7labs.com/workview?dataset=1669395&item=0195ee46-09af-9e0a-2ffa-5244925525f8"
    },
    "slots": [
      {
        "type": "image",
        "slot_name": "0",
        "width": 640,
        "height": 429,
        "thumbnail_url": "https://darwin.v7labs.com/api/v2/teams/smart-agriculture/files/ab35e353-07e1-4563-b87e-71ac7565019e/thumbnail",
        "source_files": [
          {
            "file_name": "000000089697_sitting.jpg",
            "url": "https://darwin.v7labs.com/api/v2/teams/smart-agriculture/uploads/db73f392-6337-4755-b233-90f772206125"
          }
        ]
      }
    ]
  },
  "annotations": [
    {
      "bounding_box": {
        "h": 118.6341,
        "w": 65.9078,
        "x": 194.7751,
        "y": 243.8589
      },
      "id": "37a04316-f6ea-4acf-a4e0-c4439456ff3d",
      "name": "sitting",
      "properties": [],
      "slot_names": [
        "0"
      ]
    },
    {
      "bounding_box": {
        "h": 139.0056,
        "w": 82.0852,
        "x": 275.0628,
        "y": 228.2807
      },
      "id": "4874b7b4-cc82-4153-91a4-e2a130394b5a",
      "name": "sitting",
      "properties": [],
      "slot_names": [
        "0"
      ]
    }
  ],
  "properties": []
}