{
  "version": "2.0",
  "schema_ref": "https://darwin-public.s3.eu-west-1.amazonaws.com/darwin_json/2.0/schema.json",
  "item": {
    "name": "000000363875_sitting.jpg",
    "path": "/",
    "source_info": {
      "item_id": "0195ee46-09bc-17b9-071e-d3eee595f683",
      "dataset": {
        "name": "DMDL-ASS1",
        "slug": "dmdl-ass1",
        "dataset_management_url": "https://darwin.v7labs.com/datasets/1669395/dataset-management"
      },
      "team": {
        "name": "Smart Agriculture ",
        "slug": "smart-agriculture"
      },
      "workview_url": "https://darwin.v7labs.com/workview?dataset=1669395&item=0195ee46-09bc-17b9-071e-d3eee595f683"
    },
    "slots": [
      {
        "type": "image",
        "slot_name": "0",
        "width": 558,
        "height": 640,
        "thumbnail_url": "https://darwin.v7labs.com/api/v2/teams/smart-agriculture/files/1bf587c1-5323-43da-9659-fdbea1dbcd86/thumbnail",
        "source_files": [
          {
            "file_name": "000000363875_sitting.jpg",
            "url": "https://darwin.v7labs.com/api/v2/teams/smart-agriculture/uploads/e9493e9c-82dc-42d7-8100-bbc94098ae56"
          }
        ]
      }
    ]
  },
  "annotations": [
    {
      "bounding_box": {
        "h": 397.7654,
        "w": 213.6313,
        "x": 134.1955,
        "y": 14.3017
      },
      "id": "db1a2863-fdd7-4acc-a545-fa09254a2ff8",
      "name": "sitting",
      "properties": [],
      "slot_names": [
        "0"
      ]
    }
  ],
  "properties": []
}