{
  "version": "2.0",
  "schema_ref": "https://darwin-public.s3.eu-west-1.amazonaws.com/darwin_json/2.0/schema.json",
  "item": {
    "name": "000000288685_standing.jpg",
    "path": "/",
    "source_info": {
      "item_id": "0195ee46-09b9-7773-6b44-e143820384b4",
      "dataset": {
        "name": "DMDL-ASS1",
        "slug": "dmdl-ass1",
        "dataset_management_url": "https://darwin.v7labs.com/datasets/1669395/dataset-management"
      },
      "team": {
        "name": "Smart Agriculture ",
        "slug": "smart-agriculture"
      },
      "workview_url": "https://darwin.v7labs.com/workview?dataset=1669395&item=0195ee46-09b9-7773-6b44-e143820384b4"
    },
    "slots": [
      {
        "type": "image",
        "slot_name": "0",
        "width": 640,
        "height": 436,
        "thumbnail_url": "https://darwin.v7labs.com/api/v2/teams/smart-agriculture/files/a41307dd-d016-4d3c-9d17-a07c7dab6963/thumbnail",
        "source_files": [
          {
            "file_name": "000000288685_standing.jpg",
            "url": "https://darwin.v7labs.com/api/v2/teams/smart-agriculture/uploads/99c4bc0a-8d18-4d34-bd74-5c3d74cff8f4"
          }
        ]
      }
    ]
  },
  "annotations": [
    {
      "bounding_box": {
        "h": 174.1564,
        "w": 59.676,
        "x": 93.4749,
        "y": 73.6816
      },
      "id": "9b412b7f-1908-4058-a582-994f195871a5",
      "name": "standing",
      "properties": [],
      "slot_names": [
        "0"
      ]
    }
  ],
  "properties": []
}