{
  "version": "2.0",
  "schema_ref": "https://darwin-public.s3.eu-west-1.amazonaws.com/darwin_json/2.0/schema.json",
  "item": {
    "name": "000000482436_standing.jpg",
    "path": "/",
    "source_info": {
      "item_id": "0195ee46-09c3-d082-5be4-74591f2f8962",
      "dataset": {
        "name": "DMDL-ASS1",
        "slug": "dmdl-ass1",
        "dataset_management_url": "https://darwin.v7labs.com/datasets/1669395/dataset-management"
      },
      "team": {
        "name": "Smart Agriculture ",
        "slug": "smart-agriculture"
      },
      "workview_url": "https://darwin.v7labs.com/workview?dataset=1669395&item=0195ee46-09c3-d082-5be4-74591f2f8962"
    },
    "slots": [
      {
        "type": "image",
        "slot_name": "0",
        "width": 640,
        "height": 401,
        "thumbnail_url": "https://darwin.v7labs.com/api/v2/teams/smart-agriculture/files/129f6015-dbf4-4d69-8c58-9aa5c0e1983a/thumbnail",
        "source_files": [
          {
            "file_name": "000000482436_standing.jpg",
            "url": "https://darwin.v7labs.com/api/v2/teams/smart-agriculture/uploads/c5fb9958-1e8b-4b17-b744-f1aeff523d64"
          }
        ]
      }
    ]
  },
  "annotations": [
    {
      "bounding_box": {
        "h": 294.5894,
        "w": 162.9763,
        "x": 84.7765,
        "y": 103.6103
      },
      "id": "277550d8-82b6-4818-8d99-33f4db347147",
      "name": "standing",
      "properties": [],
      "slot_names": [
        "0"
      ]
    }
  ],
  "properties": []
}