{
  "version": "2.0",
  "schema_ref": "https://darwin-public.s3.eu-west-1.amazonaws.com/darwin_json/2.0/schema.json",
  "item": {
    "name": "000000063047_walking_running.jpg",
    "path": "/",
    "source_info": {
      "item_id": "0195ee46-09ae-5195-87b2-279470d24736",
      "dataset": {
        "name": "DMDL-ASS1",
        "slug": "dmdl-ass1",
        "dataset_management_url": "https://darwin.v7labs.com/datasets/1669395/dataset-management"
      },
      "team": {
        "name": "Smart Agriculture ",
        "slug": "smart-agriculture"
      },
      "workview_url": "https://darwin.v7labs.com/workview?dataset=1669395&item=0195ee46-09ae-5195-87b2-279470d24736"
    },
    "slots": [
      {
        "type": "image",
        "slot_name": "0",
        "width": 640,
        "height": 561,
        "thumbnail_url": "https://darwin.v7labs.com/api/v2/teams/smart-agriculture/files/56106f06-3b21-49e8-ae9b-caee8b25ad73/thumbnail",
        "source_files": [
          {
            "file_name": "000000063047_walking_running.jpg",
            "url": "https://darwin.v7labs.com/api/v2/teams/smart-agriculture/uploads/f11b7994-5bca-44fb-b87e-8cd0f99bf1fb"
          }
        ]
      }
    ]
  },
  "annotations": [
    {
      "bounding_box": {
        "h": 343.9651,
        "w": 305.5726,
        "x": 86.5112,
        "y": 204.4986
      },
      "id": "7bc9a96f-9fef-4b87-be6e-bb0eeab3290c",
      "name": "walking_running",
      "properties": [],
      "slot_names": [
        "0"
      ]
    }
  ],
  "properties": []
}