{
  "version": "2.0",
  "schema_ref": "https://darwin-public.s3.eu-west-1.amazonaws.com/darwin_json/2.0/schema.json",
  "item": {
    "name": "000000093437_standing.jpg",
    "path": "/",
    "source_info": {
      "item_id": "0195ee46-09af-86bb-1d44-f143ab3f786d",
      "dataset": {
        "name": "DMDL-ASS1",
        "slug": "dmdl-ass1",
        "dataset_management_url": "https://darwin.v7labs.com/datasets/1669395/dataset-management"
      },
      "team": {
        "name": "Smart Agriculture ",
        "slug": "smart-agriculture"
      },
      "workview_url": "https://darwin.v7labs.com/workview?dataset=1669395&item=0195ee46-09af-86bb-1d44-f143ab3f786d"
    },
    "slots": [
      {
        "type": "image",
        "slot_name": "0",
        "width": 640,
        "height": 361,
        "thumbnail_url": "https://darwin.v7labs.com/api/v2/teams/smart-agriculture/files/ba828cd9-b8a3-41bb-8484-32406ffb2aa3/thumbnail",
        "source_files": [
          {
            "file_name": "000000093437_standing.jpg",
            "url": "https://darwin.v7labs.com/api/v2/teams/smart-agriculture/uploads/ef96c1d3-b151-48bc-a636-84f7cd2c9649"
          }
        ]
      }
    ]
  },
  "annotations": [
    {
      "bounding_box": {
        "h": 358.1208,
        "w": 348.9933,
        "x": 86.9799,
        "y": 2.6846
      },
      "id": "3b25183c-99bb-437b-9c58-21e52e8da715",
      "name": "standing",
      "properties": [],
      "slot_names": [
        "0"
      ]
    }
  ],
  "properties": []
}