{
  "version": "2.0",
  "schema_ref": "https://darwin-public.s3.eu-west-1.amazonaws.com/darwin_json/2.0/schema.json",
  "item": {
    "name": "000000182805_sitting.jpg",
    "path": "/",
    "source_info": {
      "item_id": "0195ee46-09b3-f669-b34b-3cf6e3be87f2",
      "dataset": {
        "name": "DMDL-ASS1",
        "slug": "dmdl-ass1",
        "dataset_management_url": "https://darwin.v7labs.com/datasets/1669395/dataset-management"
      },
      "team": {
        "name": "Smart Agriculture ",
        "slug": "smart-agriculture"
      },
      "workview_url": "https://darwin.v7labs.com/workview?dataset=1669395&item=0195ee46-09b3-f669-b34b-3cf6e3be87f2"
    },
    "slots": [
      {
        "type": "image",
        "slot_name": "0",
        "width": 640,
        "height": 360,
        "thumbnail_url": "https://darwin.v7labs.com/api/v2/teams/smart-agriculture/files/50fa46cf-fede-4cc5-8958-d84aa3e11a40/thumbnail",
        "source_files": [
          {
            "file_name": "000000182805_sitting.jpg",
            "url": "https://darwin.v7labs.com/api/v2/teams/smart-agriculture/uploads/211a3b36-c921-4a9c-bac5-2285f236b44e"
          }
        ]
      }
    ]
  },
  "annotations": [
    {
      "bounding_box": {
        "h": 345.2349,
        "w": 269.5302,
        "x": 83.7584,
        "y": 1.0738
      },
      "id": "b262c209-b657-42f3-91a3-a15de16d727b",
      "name": "sitting",
      "properties": [],
      "slot_names": [
        "0"
      ]
    }
  ],
  "properties": []
}