{
  "version": "2.0",
  "schema_ref": "https://darwin-public.s3.eu-west-1.amazonaws.com/darwin_json/2.0/schema.json",
  "item": {
    "name": "000000481573_standing.jpg",
    "path": "/",
    "source_info": {
      "item_id": "0195ee46-09c3-076a-f4d1-3c391729c52d",
      "dataset": {
        "name": "DMDL-ASS1",
        "slug": "dmdl-ass1",
        "dataset_management_url": "https://darwin.v7labs.com/datasets/1669395/dataset-management"
      },
      "team": {
        "name": "Smart Agriculture ",
        "slug": "smart-agriculture"
      },
      "workview_url": "https://darwin.v7labs.com/workview?dataset=1669395&item=0195ee46-09c3-076a-f4d1-3c391729c52d"
    },
    "slots": [
      {
        "type": "image",
        "slot_name": "0",
        "width": 640,
        "height": 639,
        "thumbnail_url": "https://darwin.v7labs.com/api/v2/teams/smart-agriculture/files/c432aa83-1724-4cbe-b03f-bede754e2416/thumbnail",
        "source_files": [
          {
            "file_name": "000000481573_standing.jpg",
            "url": "https://darwin.v7labs.com/api/v2/teams/smart-agriculture/uploads/52ff2e4d-530f-4d05-8bf7-0010605c0bf2"
          }
        ]
      }
    ]
  },
  "annotations": [
    {
      "bounding_box": {
        "h": 531.905,
        "w": 149.933,
        "x": 403.8911,
        "y": 79.4288
      },
      "id": "2e283e15-4b4f-4e26-89f5-cc29b6b82163",
      "name": "standing",
      "properties": [],
      "slot_names": [
        "0"
      ]
    }
  ],
  "properties": []
}