{
  "version": "2.0",
  "schema_ref": "https://darwin-public.s3.eu-west-1.amazonaws.com/darwin_json/2.0/schema.json",
  "item": {
    "name": "000000404922_walking_running.jpg",
    "path": "/",
    "source_info": {
      "item_id": "0195ee46-09bf-f6e1-40ea-ca978f62e49b",
      "dataset": {
        "name": "DMDL-ASS1",
        "slug": "dmdl-ass1",
        "dataset_management_url": "https://darwin.v7labs.com/datasets/1669395/dataset-management"
      },
      "team": {
        "name": "Smart Agriculture ",
        "slug": "smart-agriculture"
      },
      "workview_url": "https://darwin.v7labs.com/workview?dataset=1669395&item=0195ee46-09bf-f6e1-40ea-ca978f62e49b"
    },
    "slots": [
      {
        "type": "image",
        "slot_name": "0",
        "width": 368,
        "height": 500,
        "thumbnail_url": "https://darwin.v7labs.com/api/v2/teams/smart-agriculture/files/fc703244-609c-4051-907a-71ff69eea9e9/thumbnail",
        "source_files": [
          {
            "file_name": "000000404922_walking_running.jpg",
            "url": "https://darwin.v7labs.com/api/v2/teams/smart-agriculture/uploads/9281b2e2-41a6-4419-afc7-27cad79b184d"
          }
        ]
      }
    ]
  },
  "annotations": [
    {
      "bounding_box": {
        "h": 448.324,
        "w": 117.3184,
        "x": 121.1508,
        "y": 21.648
      },
      "id": "6cf7fe46-d830-4ca0-8fe0-3d28f06412de",
      "name": "walking_running",
      "properties": [],
      "slot_names": [
        "0"
      ]
    },
    {
      "bounding_box": {
        "h": 330.3073,
        "w": 80.3073,
        "x": 246.1508,
        "y": 146.648
      },
      "id": "f52bd7ff-56c8-4b45-b1a5-9adeaceebb54",
      "name": "walking_running",
      "properties": [],
      "slot_names": [
        "0"
      ]
    },
    {
      "bounding_box": {
        "h": 277.933,
        "w": 72.6257,
        "x": 47.8268,
        "y": 183.6592
      },
      "id": "23336ea1-ddce-47e2-8fc3-81d785367bb6",
      "name": "walking_running",
      "properties": [],
      "slot_names": [
        "0"
      ]
    }
  ],
  "properties": []
}