{
  "version": "2.0",
  "schema_ref": "https://darwin-public.s3.eu-west-1.amazonaws.com/darwin_json/2.0/schema.json",
  "item": {
    "name": "000000488710_standing.jpg",
    "path": "/",
    "source_info": {
      "item_id": "0195ee46-09c3-ebb5-30b2-6007f7b260f4",
      "dataset": {
        "name": "DMDL-ASS1",
        "slug": "dmdl-ass1",
        "dataset_management_url": "https://darwin.v7labs.com/datasets/1669395/dataset-management"
      },
      "team": {
        "name": "Smart Agriculture ",
        "slug": "smart-agriculture"
      },
      "workview_url": "https://darwin.v7labs.com/workview?dataset=1669395&item=0195ee46-09c3-ebb5-30b2-6007f7b260f4"
    },
    "slots": [
      {
        "type": "image",
        "slot_name": "0",
        "width": 500,
        "height": 400,
        "thumbnail_url": "https://darwin.v7labs.com/api/v2/teams/smart-agriculture/files/18bfd4f8-42d8-4abc-b29a-efa3d7ec6514/thumbnail",
        "source_files": [
          {
            "file_name": "000000488710_standing.jpg",
            "url": "https://darwin.v7labs.com/api/v2/teams/smart-agriculture/uploads/b9ffad37-420a-4235-b345-b1f73b51a7db"
          }
        ]
      }
    ]
  },
  "annotations": [
    {
      "bounding_box": {
        "h": 358.1006,
        "w": 253.6313,
        "x": -0.2793,
        "y": 26.257
      },
      "id": "187f5175-988d-4d2e-82f2-2501375dec5f",
      "name": "standing",
      "properties": [],
      "slot_names": [
        "0"
      ]
    }
  ],
  "properties": []
}