{
  "version": "2.0",
  "schema_ref": "https://darwin-public.s3.eu-west-1.amazonaws.com/darwin_json/2.0/schema.json",
  "item": {
    "name": "000000375493_standing.jpg",
    "path": "/",
    "source_info": {
      "item_id": "0195ee46-09bd-c241-1243-cea18ac5ac4c",
      "dataset": {
        "name": "DMDL-ASS1",
        "slug": "dmdl-ass1",
        "dataset_management_url": "https://darwin.v7labs.com/datasets/1669395/dataset-management"
      },
      "team": {
        "name": "Smart Agriculture ",
        "slug": "smart-agriculture"
      },
      "workview_url": "https://darwin.v7labs.com/workview?dataset=1669395&item=0195ee46-09bd-c241-1243-cea18ac5ac4c"
    },
    "slots": [
      {
        "type": "image",
        "slot_name": "0",
        "width": 640,
        "height": 480,
        "thumbnail_url": "https://darwin.v7labs.com/api/v2/teams/smart-agriculture/files/13f5ae01-2e95-470d-b219-603b20948a31/thumbnail",
        "source_files": [
          {
            "file_name": "000000375493_standing.jpg",
            "url": "https://darwin.v7labs.com/api/v2/teams/smart-agriculture/uploads/b3271dc7-d6d8-4892-8715-62a2746337c4"
          }
        ]
      }
    ]
  },
  "annotations": [
    {
      "bounding_box": {
        "h": 433.743,
        "w": 99.2179,
        "x": 262.3464,
        "y": 30.838
      },
      "id": "af3a2414-6309-47b1-9838-23d2b380cd9c",
      "name": "standing",
      "properties": [],
      "slot_names": [
        "0"
      ]
    }
  ],
  "properties": []
}