{
  "version": "2.0",
  "schema_ref": "https://darwin-public.s3.eu-west-1.amazonaws.com/darwin_json/2.0/schema.json",
  "item": {
    "name": "000000427160_walking_running.jpg",
    "path": "/",
    "source_info": {
      "item_id": "0195ee46-09c0-bf25-023a-08c549d6250c",
      "dataset": {
        "name": "DMDL-ASS1",
        "slug": "dmdl-ass1",
        "dataset_management_url": "https://darwin.v7labs.com/datasets/1669395/dataset-management"
      },
      "team": {
        "name": "Smart Agriculture ",
        "slug": "smart-agriculture"
      },
      "workview_url": "https://darwin.v7labs.com/workview?dataset=1669395&item=0195ee46-09c0-bf25-023a-08c549d6250c"
    },
    "slots": [
      {
        "type": "image",
        "slot_name": "0",
        "width": 640,
        "height": 512,
        "thumbnail_url": "https://darwin.v7labs.com/api/v2/teams/smart-agriculture/files/2e9f7e39-fe11-42a1-8141-280fad8b8ba0/thumbnail",
        "source_files": [
          {
            "file_name": "000000427160_walking_running.jpg",
            "url": "https://darwin.v7labs.com/api/v2/teams/smart-agriculture/uploads/bfcc46e5-c7de-4ea0-ba54-08f890c51b02"
          }
        ]
      }
    ]
  },
  "annotations": [
    {
      "bounding_box": {
        "h": 300.3352,
        "w": 258.1453,
        "x": 16.0894,
        "y": 206.6592
      },
      "id": "54c8911c-622d-4ce4-b82d-83704db51a2e",
      "name": "walking_running",
      "properties": [],
      "slot_names": [
        "0"
      ]
    }
  ],
  "properties": []
}