{
  "version": "2.0",
  "schema_ref": "https://darwin-public.s3.eu-west-1.amazonaws.com/darwin_json/2.0/schema.json",
  "item": {
    "name": "000000391375_sitting.jpg",
    "path": "/",
    "source_info": {
      "item_id": "0195ee46-09be-da82-3cc1-78493682a449",
      "dataset": {
        "name": "DMDL-ASS1",
        "slug": "dmdl-ass1",
        "dataset_management_url": "https://darwin.v7labs.com/datasets/1669395/dataset-management"
      },
      "team": {
        "name": "Smart Agriculture ",
        "slug": "smart-agriculture"
      },
      "workview_url": "https://darwin.v7labs.com/workview?dataset=1669395&item=0195ee46-09be-da82-3cc1-78493682a449"
    },
    "slots": [
      {
        "type": "image",
        "slot_name": "0",
        "width": 640,
        "height": 459,
        "thumbnail_url": "https://darwin.v7labs.com/api/v2/teams/smart-agriculture/files/ff8590a2-f829-427f-b345-eb97f92e271f/thumbnail",
        "source_files": [
          {
            "file_name": "000000391375_sitting.jpg",
            "url": "https://darwin.v7labs.com/api/v2/teams/smart-agriculture/uploads/8ad02c49-3efc-4ac6-92f2-e5ed2fa2102b"
          }
        ]
      }
    ]
  },
  "annotations": [
    {
      "bounding_box": {
        "h": 237.1927,
        "w": 141.6746,
        "x": 252.6885,
        "y": 178.2151
      },
      "id": "590e8d28-7f7b-4bc9-bde3-52cea19404ea",
      "name": "sitting",
      "properties": [],
      "slot_names": [
        "0"
      ]
    }
  ],
  "properties": []
}