{
  "version": "2.0",
  "schema_ref": "https://darwin-public.s3.eu-west-1.amazonaws.com/darwin_json/2.0/schema.json",
  "item": {
    "name": "000000400803_standing.jpg",
    "path": "/",
    "source_info": {
      "item_id": "0195ee46-09bf-15a6-a395-977d0dd16a47",
      "dataset": {
        "name": "DMDL-ASS1",
        "slug": "dmdl-ass1",
        "dataset_management_url": "https://darwin.v7labs.com/datasets/1669395/dataset-management"
      },
      "team": {
        "name": "Smart Agriculture ",
        "slug": "smart-agriculture"
      },
      "workview_url": "https://darwin.v7labs.com/workview?dataset=1669395&item=0195ee46-09bf-15a6-a395-977d0dd16a47"
    },
    "slots": [
      {
        "type": "image",
        "slot_name": "0",
        "width": 640,
        "height": 427,
        "thumbnail_url": "https://darwin.v7labs.com/api/v2/teams/smart-agriculture/files/cfabd913-8296-4133-b09f-7d036e18a377/thumbnail",
        "source_files": [
          {
            "file_name": "000000400803_standing.jpg",
            "url": "https://darwin.v7labs.com/api/v2/teams/smart-agriculture/uploads/095c2ae8-9df7-4b28-8729-f9f522b0a92f"
          }
        ]
      }
    ]
  },
  "annotations": [
    {
      "bounding_box": {
        "h": 75.7388,
        "w": 62.6187,
        "x": 179.8534,
        "y": 254.0531
      },
      "id": "d2828fa5-7aba-420c-bada-924a58b56f24",
      "name": "standing",
      "properties": [],
      "slot_names": [
        "0"
      ]
    }
  ],
  "properties": []
}