{
  "version": "2.0",
  "schema_ref": "https://darwin-public.s3.eu-west-1.amazonaws.com/darwin_json/2.0/schema.json",
  "item": {
    "name": "000000147740_walking_running.jpg",
    "path": "/",
    "source_info": {
      "item_id": "0195ee46-09b1-8f70-502a-08b20114dc8b",
      "dataset": {
        "name": "DMDL-ASS1",
        "slug": "dmdl-ass1",
        "dataset_management_url": "https://darwin.v7labs.com/datasets/1669395/dataset-management"
      },
      "team": {
        "name": "Smart Agriculture ",
        "slug": "smart-agriculture"
      },
      "workview_url": "https://darwin.v7labs.com/workview?dataset=1669395&item=0195ee46-09b1-8f70-502a-08b20114dc8b"
    },
    "slots": [
      {
        "type": "image",
        "slot_name": "0",
        "width": 640,
        "height": 480,
        "thumbnail_url": "https://darwin.v7labs.com/api/v2/teams/smart-agriculture/files/8f9b2f8a-070c-47c4-877c-fa5c15545c88/thumbnail",
        "source_files": [
          {
            "file_name": "000000147740_walking_running.jpg",
            "url": "https://darwin.v7labs.com/api/v2/teams/smart-agriculture/uploads/cf7e060f-0e7d-4172-874c-a03c9585ec33"
          }
        ]
      }
    ]
  },
  "annotations": [
    {
      "bounding_box": {
        "h": 264.1341,
        "w": 247.3743,
        "x": 202.6816,
        "y": 205.8101
      },
      "id": "055a694f-6fd9-4179-908c-7a509cc67413",
      "name": "walking_running",
      "properties": [],
      "slot_names": [
        "0"
      ]
    }
  ],
  "properties": []
}