{
  "version": "2.0",
  "schema_ref": "https://darwin-public.s3.eu-west-1.amazonaws.com/darwin_json/2.0/schema.json",
  "item": {
    "name": "000000474095_sitting.jpg",
    "path": "/",
    "source_info": {
      "item_id": "0195ee46-09c2-c395-baa8-25fd388bc865",
      "dataset": {
        "name": "DMDL-ASS1",
        "slug": "dmdl-ass1",
        "dataset_management_url": "https://darwin.v7labs.com/datasets/1669395/dataset-management"
      },
      "team": {
        "name": "Smart Agriculture ",
        "slug": "smart-agriculture"
      },
      "workview_url": "https://darwin.v7labs.com/workview?dataset=1669395&item=0195ee46-09c2-c395-baa8-25fd388bc865"
    },
    "slots": [
      {
        "type": "image",
        "slot_name": "0",
        "width": 333,
        "height": 500,
        "thumbnail_url": "https://darwin.v7labs.com/api/v2/teams/smart-agriculture/files/08226b4c-fa5d-44bd-8215-61eb861b2ae4/thumbnail",
        "source_files": [
          {
            "file_name": "000000474095_sitting.jpg",
            "url": "https://darwin.v7labs.com/api/v2/teams/smart-agriculture/uploads/a8ce126c-939d-4d07-a81f-0bc3730d5f8a"
          }
        ]
      }
    ]
  },
  "annotations": [
    {
      "bounding_box": {
        "h": 470.6704,
        "w": 207.4022,
        "x": 56.1648,
        "y": 24.4413
      },
      "id": "1ab94def-9998-43a4-97f2-fae289d33e1d",
      "name": "sitting",
      "properties": [],
      "slot_names": [
        "0"
      ]
    }
  ],
  "properties": []
}