{
  "version": "2.0",
  "schema_ref": "https://darwin-public.s3.eu-west-1.amazonaws.com/darwin_json/2.0/schema.json",
  "item": {
    "name": "000000419974_standing.jpg",
    "path": "/",
    "source_info": {
      "item_id": "0195ee46-09bf-9e02-946c-6acce1ce517f",
      "dataset": {
        "name": "DMDL-ASS1",
        "slug": "dmdl-ass1",
        "dataset_management_url": "https://darwin.v7labs.com/datasets/1669395/dataset-management"
      },
      "team": {
        "name": "Smart Agriculture ",
        "slug": "smart-agriculture"
      },
      "workview_url": "https://darwin.v7labs.com/workview?dataset=1669395&item=0195ee46-09bf-9e02-946c-6acce1ce517f"
    },
    "slots": [
      {
        "type": "image",
        "slot_name": "0",
        "width": 426,
        "height": 640,
        "thumbnail_url": "https://darwin.v7labs.com/api/v2/teams/smart-agriculture/files/03880091-c5c2-452b-99a5-a5e9ce05a511/thumbnail",
        "source_files": [
          {
            "file_name": "000000419974_standing.jpg",
            "url": "https://darwin.v7labs.com/api/v2/teams/smart-agriculture/uploads/a90a0664-c32f-4ffc-8a4d-1cc721b159ca"
          }
        ]
      }
    ]
  },
  "annotations": [
    {
      "bounding_box": {
        "h": 345.9218,
        "w": 115.3073,
        "x": 186.1844,
        "y": 101.0056
      },
      "id": "ea58e3ba-6d9d-4d6c-a77d-23241625852d",
      "name": "standing",
      "properties": [],
      "slot_names": [
        "0"
      ]
    }
  ],
  "properties": []
}