{
  "version": "2.0",
  "schema_ref": "https://darwin-public.s3.eu-west-1.amazonaws.com/darwin_json/2.0/schema.json",
  "item": {
    "name": "000000521259_walking_running.jpg",
    "path": "/",
    "source_info": {
      "item_id": "0195ee46-09c5-8c90-b8ea-11941d853cdb",
      "dataset": {
        "name": "DMDL-ASS1",
        "slug": "dmdl-ass1",
        "dataset_management_url": "https://darwin.v7labs.com/datasets/1669395/dataset-management"
      },
      "team": {
        "name": "Smart Agriculture ",
        "slug": "smart-agriculture"
      },
      "workview_url": "https://darwin.v7labs.com/workview?dataset=1669395&item=0195ee46-09c5-8c90-b8ea-11941d853cdb"
    },
    "slots": [
      {
        "type": "image",
        "slot_name": "0",
        "width": 640,
        "height": 457,
        "thumbnail_url": "https://darwin.v7labs.com/api/v2/teams/smart-agriculture/files/1d7c96c1-94d6-4c27-ad9a-6ac8bae72892/thumbnail",
        "source_files": [
          {
            "file_name": "000000521259_walking_running.jpg",
            "url": "https://darwin.v7labs.com/api/v2/teams/smart-agriculture/uploads/cd662d5e-e59f-4163-b871-ccd027fcc085"
          }
        ]
      }
    ]
  },
  "annotations": [
    {
      "bounding_box": {
        "h": 344.6648,
        "w": 197.8631,
        "x": 403.6131,
        "y": 32.5517
      },
      "id": "faa22588-0bb1-43e3-a3cd-585853650df7",
      "name": "walking_running",
      "properties": [],
      "slot_names": [
        "0"
      ]
    },
    {
      "bounding_box": {
        "h": 424.4483,
        "w": 209.9902,
        "x": 54.4804,
        "y": 30.6369
      },
      "id": "21b65ebd-629c-4978-8f0a-7e7213c960e2",
      "name": "walking_running",
      "properties": [],
      "slot_names": [
        "0"
      ]
    }
  ],
  "properties": []
}