{
  "version": "2.0",
  "schema_ref": "https://darwin-public.s3.eu-west-1.amazonaws.com/darwin_json/2.0/schema.json",
  "item": {
    "name": "000000369037_standing.jpg",
    "path": "/",
    "source_info": {
      "item_id": "0195ee46-09bd-dd07-f966-1cda13294d1a",
      "dataset": {
        "name": "DMDL-ASS1",
        "slug": "dmdl-ass1",
        "dataset_management_url": "https://darwin.v7labs.com/datasets/1669395/dataset-management"
      },
      "team": {
        "name": "Smart Agriculture ",
        "slug": "smart-agriculture"
      },
      "workview_url": "https://darwin.v7labs.com/workview?dataset=1669395&item=0195ee46-09bd-dd07-f966-1cda13294d1a"
    },
    "slots": [
      {
        "type": "image",
        "slot_name": "0",
        "width": 425,
        "height": 640,
        "thumbnail_url": "https://darwin.v7labs.com/api/v2/teams/smart-agriculture/files/0b5cd256-8296-4944-b613-c954a7397294/thumbnail",
        "source_files": [
          {
            "file_name": "000000369037_standing.jpg",
            "url": "https://darwin.v7labs.com/api/v2/teams/smart-agriculture/uploads/7c8015c1-c289-4346-8778-d6da194fca89"
          }
        ]
      }
    ]
  },
  "annotations": [
    {
      "bounding_box": {
        "h": 400.4469,
        "w": 235.9777,
        "x": 191.0475,
        "y": 236.8715
      },
      "id": "4b19d7f2-f6a3-4942-b1d8-c3efb469da54",
      "name": "standing",
      "properties": [],
      "slot_names": [
        "0"
      ]
    }
  ],
  "properties": []
}