{
  "version": "2.0",
  "schema_ref": "https://darwin-public.s3.eu-west-1.amazonaws.com/darwin_json/2.0/schema.json",
  "item": {
    "name": "000000546976_sitting.jpg",
    "path": "/",
    "source_info": {
      "item_id": "0195ee46-09c6-2ba3-8a2e-904c8969ba04",
      "dataset": {
        "name": "DMDL-ASS1",
        "slug": "dmdl-ass1",
        "dataset_management_url": "https://darwin.v7labs.com/datasets/1669395/dataset-management"
      },
      "team": {
        "name": "Smart Agriculture ",
        "slug": "smart-agriculture"
      },
      "workview_url": "https://darwin.v7labs.com/workview?dataset=1669395&item=0195ee46-09c6-2ba3-8a2e-904c8969ba04"
    },
    "slots": [
      {
        "type": "image",
        "slot_name": "0",
        "width": 500,
        "height": 375,
        "thumbnail_url": "https://darwin.v7labs.com/api/v2/teams/smart-agriculture/files/64997b59-5225-40f3-8ec7-c7161dfbdb72/thumbnail",
        "source_files": [
          {
            "file_name": "000000546976_sitting.jpg",
            "url": "https://darwin.v7labs.com/api/v2/teams/smart-agriculture/uploads/974a6bbd-c3a2-4758-9260-55a01ee67084"
          }
        ]
      }
    ]
  },
  "annotations": [
    {
      "bounding_box": {
        "h": 273.3939,
        "w": 382.8561,
        "x": 46.264,
        "y": 92.1788
      },
      "id": "c7ef49ff-02cd-4998-89ab-c358885d213f",
      "name": "sitting",
      "properties": [],
      "slot_names": [
        "0"
      ]
    }
  ],
  "properties": []
}