{
  "version": "2.0",
  "schema_ref": "https://darwin-public.s3.eu-west-1.amazonaws.com/darwin_json/2.0/schema.json",
  "item": {
    "name": "000000210388_walking_running.jpg",
    "path": "/",
    "source_info": {
      "item_id": "0195ee46-09b4-7537-6a3c-948849a77e25",
      "dataset": {
        "name": "DMDL-ASS1",
        "slug": "dmdl-ass1",
        "dataset_management_url": "https://darwin.v7labs.com/datasets/1669395/dataset-management"
      },
      "team": {
        "name": "Smart Agriculture ",
        "slug": "smart-agriculture"
      },
      "workview_url": "https://darwin.v7labs.com/workview?dataset=1669395&item=0195ee46-09b4-7537-6a3c-948849a77e25"
    },
    "slots": [
      {
        "type": "image",
        "slot_name": "0",
        "width": 640,
        "height": 426,
        "thumbnail_url": "https://darwin.v7labs.com/api/v2/teams/smart-agriculture/files/822eb930-51a8-4d2b-bfa9-5a7fce028f11/thumbnail",
        "source_files": [
          {
            "file_name": "000000210388_walking_running.jpg",
            "url": "https://darwin.v7labs.com/api/v2/teams/smart-agriculture/uploads/4d994d33-7977-433d-af0b-9911e71a2dc9"
          }
        ]
      }
    ]
  },
  "annotations": [
    {
      "bounding_box": {
        "h": 221.9246,
        "w": 116.6145,
        "x": 198.6257,
        "y": 152.3128
      },
      "id": "646300f9-103e-4990-af57-d373db96728e",
      "name": "walking_running",
      "properties": [],
      "slot_names": [
        "0"
      ]
    }
  ],
  "properties": []
}