{
  "version": "2.0",
  "schema_ref": "https://darwin-public.s3.eu-west-1.amazonaws.com/darwin_json/2.0/schema.json",
  "item": {
    "name": "000000455597_standing.jpg",
    "path": "/",
    "source_info": {
      "item_id": "0195ee46-09c1-bab0-83dc-589e86510acb",
      "dataset": {
        "name": "DMDL-ASS1",
        "slug": "dmdl-ass1",
        "dataset_management_url": "https://darwin.v7labs.com/datasets/1669395/dataset-management"
      },
      "team": {
        "name": "Smart Agriculture ",
        "slug": "smart-agriculture"
      },
      "workview_url": "https://darwin.v7labs.com/workview?dataset=1669395&item=0195ee46-09c1-bab0-83dc-589e86510acb"
    },
    "slots": [
      {
        "type": "image",
        "slot_name": "0",
        "width": 640,
        "height": 446,
        "thumbnail_url": "https://darwin.v7labs.com/api/v2/teams/smart-agriculture/files/ad0a6dc2-f4c0-4195-8a6f-a498d70ad6bf/thumbnail",
        "source_files": [
          {
            "file_name": "000000455597_standing.jpg",
            "url": "https://darwin.v7labs.com/api/v2/teams/smart-agriculture/uploads/13e334fd-1ffc-47d1-ac4a-f17de62078ef"
          }
        ]
      }
    ]
  },
  "annotations": [
    {
      "bounding_box": {
        "h": 204.3128,
        "w": 196.2151,
        "x": 115.0642,
        "y": 224.8687
      },
      "id": "9522a3c7-c26a-42f8-9ab6-f90a8d6d711f",
      "name": "standing",
      "properties": [],
      "slot_names": [
        "0"
      ]
    }
  ],
  "properties": []
}