{
  "version": "2.0",
  "schema_ref": "https://darwin-public.s3.eu-west-1.amazonaws.com/darwin_json/2.0/schema.json",
  "item": {
    "name": "000000437351_sitting.jpg",
    "path": "/",
    "source_info": {
      "item_id": "0195ee46-09c0-1047-fd22-157e4f55bb74",
      "dataset": {
        "name": "DMDL-ASS1",
        "slug": "dmdl-ass1",
        "dataset_management_url": "https://darwin.v7labs.com/datasets/1669395/dataset-management"
      },
      "team": {
        "name": "Smart Agriculture ",
        "slug": "smart-agriculture"
      },
      "workview_url": "https://darwin.v7labs.com/workview?dataset=1669395&item=0195ee46-09c0-1047-fd22-157e4f55bb74"
    },
    "slots": [
      {
        "type": "image",
        "slot_name": "0",
        "width": 399,
        "height": 500,
        "thumbnail_url": "https://darwin.v7labs.com/api/v2/teams/smart-agriculture/files/64a0204f-5b2d-4258-8992-b44e8d950bc9/thumbnail",
        "source_files": [
          {
            "file_name": "000000437351_sitting.jpg",
            "url": "https://darwin.v7labs.com/api/v2/teams/smart-agriculture/uploads/c2752edc-af2a-486b-b889-051b68899fa1"
          }
        ]
      }
    ]
  },
  "annotations": [
    {
      "bounding_box": {
        "h": 463.6872,
        "w": 179.4693,
        "x": 54.9469,
        "y": 25.838
      },
      "id": "beeed613-787e-40e3-9edb-7a1e2971f528",
      "name": "sitting",
      "properties": [],
      "slot_names": [
        "0"
      ]
    }
  ],
  "properties": []
}