{
  "version": "2.0",
  "schema_ref": "https://darwin-public.s3.eu-west-1.amazonaws.com/darwin_json/2.0/schema.json",
  "item": {
    "name": "000000121417_sitting.jpg",
    "path": "/",
    "source_info": {
      "item_id": "0195ee46-09b0-623f-ca53-f57ab7b8a7ba",
      "dataset": {
        "name": "DMDL-ASS1",
        "slug": "dmdl-ass1",
        "dataset_management_url": "https://darwin.v7labs.com/datasets/1669395/dataset-management"
      },
      "team": {
        "name": "Smart Agriculture ",
        "slug": "smart-agriculture"
      },
      "workview_url": "https://darwin.v7labs.com/workview?dataset=1669395&item=0195ee46-09b0-623f-ca53-f57ab7b8a7ba"
    },
    "slots": [
      {
        "type": "image",
        "slot_name": "0",
        "width": 480,
        "height": 640,
        "thumbnail_url": "https://darwin.v7labs.com/api/v2/teams/smart-agriculture/files/40dec89e-fd32-45c9-82e7-5b4c668eabd2/thumbnail",
        "source_files": [
          {
            "file_name": "000000121417_sitting.jpg",
            "url": "https://darwin.v7labs.com/api/v2/teams/smart-agriculture/uploads/4089be3e-6fb6-4c49-b6b2-b6c43807ee52"
          }
        ]
      }
    ]
  },
  "annotations": [
    {
      "bounding_box": {
        "h": 482.6816,
        "w": 305.6983,
        "x": 130.0559,
        "y": 140.3352
      },
      "id": "a5ec7d3f-29cc-447a-bfe3-ca0462223716",
      "name": "sitting",
      "properties": [],
      "slot_names": [
        "0"
      ]
    }
  ],
  "properties": []
}