{
  "version": "2.0",
  "schema_ref": "https://darwin-public.s3.eu-west-1.amazonaws.com/darwin_json/2.0/schema.json",
  "item": {
    "name": "000000422836_walking_running.jpg",
    "path": "/",
    "source_info": {
      "item_id": "0195ee46-09c0-106b-e314-006a11c87109",
      "dataset": {
        "name": "DMDL-ASS1",
        "slug": "dmdl-ass1",
        "dataset_management_url": "https://darwin.v7labs.com/datasets/1669395/dataset-management"
      },
      "team": {
        "name": "Smart Agriculture ",
        "slug": "smart-agriculture"
      },
      "workview_url": "https://darwin.v7labs.com/workview?dataset=1669395&item=0195ee46-09c0-106b-e314-006a11c87109"
    },
    "slots": [
      {
        "type": "image",
        "slot_name": "0",
        "width": 320,
        "height": 240,
        "thumbnail_url": "https://darwin.v7labs.com/api/v2/teams/smart-agriculture/files/53c11881-0a25-4582-a541-c4330d964be5/thumbnail",
        "source_files": [
          {
            "file_name": "000000422836_walking_running.jpg",
            "url": "https://darwin.v7labs.com/api/v2/teams/smart-agriculture/uploads/943448f9-b70c-4907-934c-bf793516c8cf"
          }
        ]
      }
    ]
  },
  "annotations": [
    {
      "bounding_box": {
        "h": 236.3128,
        "w": 137.7654,
        "x": 101.0056,
        "y": 1.3408
      },
      "id": "ad77cd7e-4204-4ec9-8efb-8e0782f69977",
      "name": "walking_running",
      "properties": [],
      "slot_names": [
        "0"
      ]
    }
  ],
  "properties": []
}