{
  "version": "2.0",
  "schema_ref": "https://darwin-public.s3.eu-west-1.amazonaws.com/darwin_json/2.0/schema.json",
  "item": {
    "name": "000000380711_walking_running.jpg",
    "path": "/",
    "source_info": {
      "item_id": "0195ee46-09bd-bcea-da81-0cf6a3056d9c",
      "dataset": {
        "name": "DMDL-ASS1",
        "slug": "dmdl-ass1",
        "dataset_management_url": "https://darwin.v7labs.com/datasets/1669395/dataset-management"
      },
      "team": {
        "name": "Smart Agriculture ",
        "slug": "smart-agriculture"
      },
      "workview_url": "https://darwin.v7labs.com/workview?dataset=1669395&item=0195ee46-09bd-bcea-da81-0cf6a3056d9c"
    },
    "slots": [
      {
        "type": "image",
        "slot_name": "0",
        "width": 612,
        "height": 612,
        "thumbnail_url": "https://darwin.v7labs.com/api/v2/teams/smart-agriculture/files/55c44643-f60c-435c-9bb4-72fbd9812f00/thumbnail",
        "source_files": [
          {
            "file_name": "000000380711_walking_running.jpg",
            "url": "https://darwin.v7labs.com/api/v2/teams/smart-agriculture/uploads/2d77ce4a-20b2-49a7-8812-c6d360259c09"
          }
        ]
      }
    ]
  },
  "annotations": [
    {
      "bounding_box": {
        "h": 269.2458,
        "w": 135.0503,
        "x": 256.4246,
        "y": 215.3966
      },
      "id": "7ad438f4-3f39-4613-8640-af45b494c83c",
      "name": "walking_running",
      "properties": [],
      "slot_names": [
        "0"
      ]
    }
  ],
  "properties": []
}