{
  "version": "2.0",
  "schema_ref": "https://darwin-public.s3.eu-west-1.amazonaws.com/darwin_json/2.0/schema.json",
  "item": {
    "name": "000000493772_walking_running.jpg",
    "path": "/",
    "source_info": {
      "item_id": "0195ee46-09c4-f81a-fa0e-1811f44fb260",
      "dataset": {
        "name": "DMDL-ASS1",
        "slug": "dmdl-ass1",
        "dataset_management_url": "https://darwin.v7labs.com/datasets/1669395/dataset-management"
      },
      "team": {
        "name": "Smart Agriculture ",
        "slug": "smart-agriculture"
      },
      "workview_url": "https://darwin.v7labs.com/workview?dataset=1669395&item=0195ee46-09c4-f81a-fa0e-1811f44fb260"
    },
    "slots": [
      {
        "type": "image",
        "slot_name": "0",
        "width": 640,
        "height": 640,
        "thumbnail_url": "https://darwin.v7labs.com/api/v2/teams/smart-agriculture/files/bffaf1ca-b556-4999-b391-47408cedc629/thumbnail",
        "source_files": [
          {
            "file_name": "000000493772_walking_running.jpg",
            "url": "https://darwin.v7labs.com/api/v2/teams/smart-agriculture/uploads/a377aaf1-7957-47c9-ba87-20bd3df4d445"
          }
        ]
      }
    ]
  },
  "annotations": [
    {
      "bounding_box": {
        "h": 178.7709,
        "w": 65.2514,
        "x": 273.5196,
        "y": 269.0503
      },
      "id": "d1c04276-8de8-44b4-8d58-730434a9ddbe",
      "name": "walking_running",
      "properties": [],
      "slot_names": [
        "0"
      ]
    }
  ],
  "properties": []
}