{
  "version": "2.0",
  "schema_ref": "https://darwin-public.s3.eu-west-1.amazonaws.com/darwin_json/2.0/schema.json",
  "item": {
    "name": "000000494869_standing.jpg",
    "path": "/",
    "source_info": {
      "item_id": "0195ee46-09c4-2fdc-08a7-ce50944e4ee1",
      "dataset": {
        "name": "DMDL-ASS1",
        "slug": "dmdl-ass1",
        "dataset_management_url": "https://darwin.v7labs.com/datasets/1669395/dataset-management"
      },
      "team": {
        "name": "Smart Agriculture ",
        "slug": "smart-agriculture"
      },
      "workview_url": "https://darwin.v7labs.com/workview?dataset=1669395&item=0195ee46-09c4-2fdc-08a7-ce50944e4ee1"
    },
    "slots": [
      {
        "type": "image",
        "slot_name": "0",
        "width": 427,
        "height": 640,
        "thumbnail_url": "https://darwin.v7labs.com/api/v2/teams/smart-agriculture/files/d553b365-d602-441b-9403-8fa87408bc03/thumbnail",
        "source_files": [
          {
            "file_name": "000000494869_standing.jpg",
            "url": "https://darwin.v7labs.com/api/v2/teams/smart-agriculture/uploads/924d24f6-70e1-4114-be16-f643a2a471e0"
          }
        ]
      }
    ]
  },
  "annotations": [
    {
      "bounding_box": {
        "h": 422.7933,
        "w": 102.7933,
        "x": 194.7291,
        "y": 97.4302
      },
      "id": "bd5e7e56-42b2-4d44-a899-61c876959aaa",
      "name": "standing",
      "properties": [],
      "slot_names": [
        "0"
      ]
    }
  ],
  "properties": []
}