{
  "version": "2.0",
  "schema_ref": "https://darwin-public.s3.eu-west-1.amazonaws.com/darwin_json/2.0/schema.json",
  "item": {
    "name": "000000341921_sitting.jpg",
    "path": "/",
    "source_info": {
      "item_id": "0195ee46-09bb-2703-3d4b-8a736c1a6b42",
      "dataset": {
        "name": "DMDL-ASS1",
        "slug": "dmdl-ass1",
        "dataset_management_url": "https://darwin.v7labs.com/datasets/1669395/dataset-management"
      },
      "team": {
        "name": "Smart Agriculture ",
        "slug": "smart-agriculture"
      },
      "workview_url": "https://darwin.v7labs.com/workview?dataset=1669395&item=0195ee46-09bb-2703-3d4b-8a736c1a6b42"
    },
    "slots": [
      {
        "type": "image",
        "slot_name": "0",
        "width": 640,
        "height": 478,
        "thumbnail_url": "https://darwin.v7labs.com/api/v2/teams/smart-agriculture/files/f551e488-7638-42b1-bef2-0e2b14e670aa/thumbnail",
        "source_files": [
          {
            "file_name": "000000341921_sitting.jpg",
            "url": "https://darwin.v7labs.com/api/v2/teams/smart-agriculture/uploads/21021230-bf97-4014-8cb2-f843639b0607"
          }
        ]
      }
    ]
  },
  "annotations": [
    {
      "bounding_box": {
        "h": 168.2346,
        "w": 126.176,
        "x": 280.6117,
        "y": 235.662
      },
      "id": "8e928043-5d35-4897-823d-c41925bd17cc",
      "name": "sitting",
      "properties": [],
      "slot_names": [
        "0"
      ]
    }
  ],
  "properties": []
}