{
  "version": "2.0",
  "schema_ref": "https://darwin-public.s3.eu-west-1.amazonaws.com/darwin_json/2.0/schema.json",
  "item": {
    "name": "000000467511_standing.jpg",
    "path": "/",
    "source_info": {
      "item_id": "0195ee46-09c2-48d4-40cc-cdc28e6f74b3",
      "dataset": {
        "name": "DMDL-ASS1",
        "slug": "dmdl-ass1",
        "dataset_management_url": "https://darwin.v7labs.com/datasets/1669395/dataset-management"
      },
      "team": {
        "name": "Smart Agriculture ",
        "slug": "smart-agriculture"
      },
      "workview_url": "https://darwin.v7labs.com/workview?dataset=1669395&item=0195ee46-09c2-48d4-40cc-cdc28e6f74b3"
    },
    "slots": [
      {
        "type": "image",
        "slot_name": "0",
        "width": 416,
        "height": 640,
        "thumbnail_url": "https://darwin.v7labs.com/api/v2/teams/smart-agriculture/files/f4ec3d3c-2277-4fee-97dd-4791e19b70e4/thumbnail",
        "source_files": [
          {
            "file_name": "000000467511_standing.jpg",
            "url": "https://darwin.v7labs.com/api/v2/teams/smart-agriculture/uploads/ce0339a2-5d22-46cf-a05b-a5efdd28799d"
          }
        ]
      }
    ]
  },
  "annotations": [
    {
      "bounding_box": {
        "h": 485.3631,
        "w": 90.2793,
        "x": 276.8268,
        "y": 59.8883
      },
      "id": "75c50097-0f2f-4824-914c-df7a541119c1",
      "name": "standing",
      "properties": [],
      "slot_names": [
        "0"
      ]
    },
    {
      "bounding_box": {
        "h": 480.0,
        "w": 126.0335,
        "x": 28.3352,
        "y": 65.2514
      },
      "id": "8c3676b6-c0da-49fc-8ef1-984a83c9dc12",
      "name": "standing",
      "properties": [],
      "slot_names": [
        "0"
      ]
    }
  ],
  "properties": []
}