{
  "version": "2.0",
  "schema_ref": "https://darwin-public.s3.eu-west-1.amazonaws.com/darwin_json/2.0/schema.json",
  "item": {
    "name": "000000171788_walking_running.jpg",
    "path": "/",
    "source_info": {
      "item_id": "0195ee46-09b2-bd2b-48af-ea067b061c86",
      "dataset": {
        "name": "DMDL-ASS1",
        "slug": "dmdl-ass1",
        "dataset_management_url": "https://darwin.v7labs.com/datasets/1669395/dataset-management"
      },
      "team": {
        "name": "Smart Agriculture ",
        "slug": "smart-agriculture"
      },
      "workview_url": "https://darwin.v7labs.com/workview?dataset=1669395&item=0195ee46-09b2-bd2b-48af-ea067b061c86"
    },
    "slots": [
      {
        "type": "image",
        "slot_name": "0",
        "width": 427,
        "height": 640,
        "thumbnail_url": "https://darwin.v7labs.com/api/v2/teams/smart-agriculture/files/c78fbf09-ae4d-49c0-91c5-6a3440df9302/thumbnail",
        "source_files": [
          {
            "file_name": "000000171788_walking_running.jpg",
            "url": "https://darwin.v7labs.com/api/v2/teams/smart-agriculture/uploads/1dd6869a-e4b1-4ec9-9156-2e0be1253d0c"
          }
        ]
      }
    ]
  },
  "annotations": [
    {
      "bounding_box": {
        "h": 524.6927,
        "w": 378.1006,
        "x": 47.243,
        "y": 105.4749
      },
      "id": "a8172725-ec06-4898-a317-a6dda66c666e",
      "name": "walking_running",
      "properties": [],
      "slot_names": [
        "0"
      ]
    }
  ],
  "properties": []
}