{
  "version": "2.0",
  "schema_ref": "https://darwin-public.s3.eu-west-1.amazonaws.com/darwin_json/2.0/schema.json",
  "item": {
    "name": "000000106757_standing.jpg",
    "path": "/",
    "source_info": {
      "item_id": "0195ee46-09b0-e297-d5ca-e3231e4cffbb",
      "dataset": {
        "name": "DMDL-ASS1",
        "slug": "dmdl-ass1",
        "dataset_management_url": "https://darwin.v7labs.com/datasets/1669395/dataset-management"
      },
      "team": {
        "name": "Smart Agriculture ",
        "slug": "smart-agriculture"
      },
      "workview_url": "https://darwin.v7labs.com/workview?dataset=1669395&item=0195ee46-09b0-e297-d5ca-e3231e4cffbb"
    },
    "slots": [
      {
        "type": "image",
        "slot_name": "0",
        "width": 426,
        "height": 640,
        "thumbnail_url": "https://darwin.v7labs.com/api/v2/teams/smart-agriculture/files/cdd6ab6d-4752-4bb8-a74a-ca431b7332ef/thumbnail",
        "source_files": [
          {
            "file_name": "000000106757_standing.jpg",
            "url": "https://darwin.v7labs.com/api/v2/teams/smart-agriculture/uploads/b5747278-576e-4434-8329-b97d93a05529"
          }
        ]
      }
    ]
  },
  "annotations": [
    {
      "bounding_box": {
        "h": 401.3408,
        "w": 198.4358,
        "x": 218.3631,
        "y": 228.8268
      },
      "id": "76e0d505-6a3a-46dd-8f02-89de7aca7d87",
      "name": "standing",
      "properties": [],
      "slot_names": [
        "0"
      ]
    }
  ],
  "properties": []
}