{
  "version": "2.0",
  "schema_ref": "https://darwin-public.s3.eu-west-1.amazonaws.com/darwin_json/2.0/schema.json",
  "item": {
    "name": "000000076547_sitting.jpg",
    "path": "/",
    "source_info": {
      "item_id": "0195ee46-09af-0f44-498a-53aa0d163e3f",
      "dataset": {
        "name": "DMDL-ASS1",
        "slug": "dmdl-ass1",
        "dataset_management_url": "https://darwin.v7labs.com/datasets/1669395/dataset-management"
      },
      "team": {
        "name": "Smart Agriculture ",
        "slug": "smart-agriculture"
      },
      "workview_url": "https://darwin.v7labs.com/workview?dataset=1669395&item=0195ee46-09af-0f44-498a-53aa0d163e3f"
    },
    "slots": [
      {
        "type": "image",
        "slot_name": "0",
        "width": 640,
        "height": 480,
        "thumbnail_url": "https://darwin.v7labs.com/api/v2/teams/smart-agriculture/files/4aa27f99-fa4e-4265-b608-4195a3ac713c/thumbnail",
        "source_files": [
          {
            "file_name": "000000076547_sitting.jpg",
            "url": "https://darwin.v7labs.com/api/v2/teams/smart-agriculture/uploads/ef55938f-3a99-45d8-b0e3-4aced281acd4"
          }
        ]
      }
    ]
  },
  "annotations": [
    {
      "bounding_box": {
        "h": 257.4302,
        "w": 160.8939,
        "x": 423.2402,
        "y": 205.8101
      },
      "id": "0d7b9636-23f1-4058-8979-80ec32b194ad",
      "name": "sitting",
      "properties": [],
      "slot_names": [
        "0"
      ]
    }
  ],
  "properties": []
}