{
  "version": "2.0",
  "schema_ref": "https://darwin-public.s3.eu-west-1.amazonaws.com/darwin_json/2.0/schema.json",
  "item": {
    "name": "000000018837_sitting.jpg",
    "path": "/",
    "source_info": {
      "item_id": "0195ee46-09ad-1e2b-00ef-4876d2f24d4c",
      "dataset": {
        "name": "DMDL-ASS1",
        "slug": "dmdl-ass1",
        "dataset_management_url": "https://darwin.v7labs.com/datasets/1669395/dataset-management"
      },
      "team": {
        "name": "Smart Agriculture ",
        "slug": "smart-agriculture"
      },
      "workview_url": "https://darwin.v7labs.com/workview?dataset=1669395&item=0195ee46-09ad-1e2b-00ef-4876d2f24d4c"
    },
    "slots": [
      {
        "type": "image",
        "slot_name": "0",
        "width": 640,
        "height": 480,
        "thumbnail_url": "https://darwin.v7labs.com/api/v2/teams/smart-agriculture/files/316e973e-2d0a-4100-9340-062235afa2a0/thumbnail",
        "source_files": [
          {
            "file_name": "000000018837_sitting.jpg",
            "url": "https://darwin.v7labs.com/api/v2/teams/smart-agriculture/uploads/82dd6643-880d-437b-9d6d-e4f4178f5858"
          }
        ]
      }
    ]
  },
  "annotations": [
    {
      "bounding_box": {
        "h": 156.2011,
        "w": 184.3575,
        "x": 289.8324,
        "y": 11.3966
      },
      "id": "a4c71071-e7cf-40c7-9965-1f7a3be99960",
      "name": "sitting",
      "properties": [],
      "slot_names": [
        "0"
      ]
    }
  ],
  "properties": []
}