{
  "version": "2.0",
  "schema_ref": "https://darwin-public.s3.eu-west-1.amazonaws.com/darwin_json/2.0/schema.json",
  "item": {
    "name": "000000292456_sitting.jpg",
    "path": "/",
    "source_info": {
      "item_id": "0195ee46-09b9-faa4-866b-68a9b9a05571",
      "dataset": {
        "name": "DMDL-ASS1",
        "slug": "dmdl-ass1",
        "dataset_management_url": "https://darwin.v7labs.com/datasets/1669395/dataset-management"
      },
      "team": {
        "name": "Smart Agriculture ",
        "slug": "smart-agriculture"
      },
      "workview_url": "https://darwin.v7labs.com/workview?dataset=1669395&item=0195ee46-09b9-faa4-866b-68a9b9a05571"
    },
    "slots": [
      {
        "type": "image",
        "slot_name": "0",
        "width": 500,
        "height": 375,
        "thumbnail_url": "https://darwin.v7labs.com/api/v2/teams/smart-agriculture/files/cc0ef932-7c25-4719-a1dc-2f5723871f94/thumbnail",
        "source_files": [
          {
            "file_name": "000000292456_sitting.jpg",
            "url": "https://darwin.v7labs.com/api/v2/teams/smart-agriculture/uploads/51b529bd-f245-4a11-9097-f0e0e257ccc4"
          }
        ]
      }
    ]
  },
  "annotations": [
    {
      "bounding_box": {
        "h": 313.7221,
        "w": 215.2584,
        "x": 232.1927,
        "y": 42.9469
      },
      "id": "169f5f0f-559f-481b-8db8-96a68445f972",
      "name": "sitting",
      "properties": [],
      "slot_names": [
        "0"
      ]
    }
  ],
  "properties": []
}