{
  "version": "2.0",
  "schema_ref": "https://darwin-public.s3.eu-west-1.amazonaws.com/darwin_json/2.0/schema.json",
  "item": {
    "name": "000000049259_sitting.jpg",
    "path": "/",
    "source_info": {
      "item_id": "0195ee46-09ad-6519-deab-bafc36738b8f",
      "dataset": {
        "name": "DMDL-ASS1",
        "slug": "dmdl-ass1",
        "dataset_management_url": "https://darwin.v7labs.com/datasets/1669395/dataset-management"
      },
      "team": {
        "name": "Smart Agriculture ",
        "slug": "smart-agriculture"
      },
      "workview_url": "https://darwin.v7labs.com/workview?dataset=1669395&item=0195ee46-09ad-6519-deab-bafc36738b8f"
    },
    "slots": [
      {
        "type": "image",
        "slot_name": "0",
        "width": 427,
        "height": 640,
        "thumbnail_url": "https://darwin.v7labs.com/api/v2/teams/smart-agriculture/files/b9991608-41ec-482d-8d52-1fc60f38c581/thumbnail",
        "source_files": [
          {
            "file_name": "000000049259_sitting.jpg",
            "url": "https://darwin.v7labs.com/api/v2/teams/smart-agriculture/uploads/74b6dc27-6d33-4b68-9520-462208714f0f"
          }
        ]
      }
    ]
  },
  "annotations": [
    {
      "bounding_box": {
        "h": 96.5363,
        "w": 145.6983,
        "x": 157.1872,
        "y": 48.2682
      },
      "id": "363af1cd-5f38-48a6-b309-c86c4991fbbc",
      "name": "sitting",
      "properties": [],
      "slot_names": [
        "0"
      ]
    }
  ],
  "properties": []
}