{
  "version": "2.0",
  "schema_ref": "https://darwin-public.s3.eu-west-1.amazonaws.com/darwin_json/2.0/schema.json",
  "item": {
    "name": "000000441586_standing.jpg",
    "path": "/",
    "source_info": {
      "item_id": "0195ee46-09c1-049a-b0ec-e67b7e503c5d",
      "dataset": {
        "name": "DMDL-ASS1",
        "slug": "dmdl-ass1",
        "dataset_management_url": "https://darwin.v7labs.com/datasets/1669395/dataset-management"
      },
      "team": {
        "name": "Smart Agriculture ",
        "slug": "smart-agriculture"
      },
      "workview_url": "https://darwin.v7labs.com/workview?dataset=1669395&item=0195ee46-09c1-049a-b0ec-e67b7e503c5d"
    },
    "slots": [
      {
        "type": "image",
        "slot_name": "0",
        "width": 640,
        "height": 425,
        "thumbnail_url": "https://darwin.v7labs.com/api/v2/teams/smart-agriculture/files/867d81ef-df93-43bd-872f-f4ee61f0bd35/thumbnail",
        "source_files": [
          {
            "file_name": "000000441586_standing.jpg",
            "url": "https://darwin.v7labs.com/api/v2/teams/smart-agriculture/uploads/6aeccba3-d1b0-4a9e-ab9d-2cbedecb2417"
          }
        ]
      }
    ]
  },
  "annotations": [
    {
      "bounding_box": {
        "h": 255.2374,
        "w": 75.9777,
        "x": 317.6257,
        "y": 13.0587
      },
      "id": "778d7790-f9b6-41fa-881f-340b19be8c10",
      "name": "standing",
      "properties": [],
      "slot_names": [
        "0"
      ]
    }
  ],
  "properties": []
}