{
  "version": "2.0",
  "schema_ref": "https://darwin-public.s3.eu-west-1.amazonaws.com/darwin_json/2.0/schema.json",
  "item": {
    "name": "000000014226_sitting.jpg",
    "path": "/",
    "source_info": {
      "item_id": "0195ee46-09ac-76e7-4ef4-38ae1c586112",
      "dataset": {
        "name": "DMDL-ASS1",
        "slug": "dmdl-ass1",
        "dataset_management_url": "https://darwin.v7labs.com/datasets/1669395/dataset-management"
      },
      "team": {
        "name": "Smart Agriculture ",
        "slug": "smart-agriculture"
      },
      "workview_url": "https://darwin.v7labs.com/workview?dataset=1669395&item=0195ee46-09ac-76e7-4ef4-38ae1c586112"
    },
    "slots": [
      {
        "type": "image",
        "slot_name": "0",
        "width": 640,
        "height": 480,
        "thumbnail_url": "https://darwin.v7labs.com/api/v2/teams/smart-agriculture/files/c7442e31-3c66-4bdf-81ca-d5b61b7cd2c2/thumbnail",
        "source_files": [
          {
            "file_name": "000000014226_sitting.jpg",
            "url": "https://darwin.v7labs.com/api/v2/teams/smart-agriculture/uploads/aee6f4cd-06a2-45c6-97e6-b4f7275aebf0"
          }
        ]
      }
    ]
  },
  "annotations": [
    {
      "bounding_box": {
        "h": 357.9888,
        "w": 303.6872,
        "x": 261.676,
        "y": 18.1006
      },
      "id": "5702ee0d-2ca1-46ae-8da8-4a2df6d85626",
      "name": "sitting",
      "properties": [],
      "slot_names": [
        "0"
      ]
    }
  ],
  "properties": []
}