{
  "version": "2.0",
  "schema_ref": "https://darwin-public.s3.eu-west-1.amazonaws.com/darwin_json/2.0/schema.json",
  "item": {
    "name": "000000350122_walking_running.jpg",
    "path": "/",
    "source_info": {
      "item_id": "0195ee46-09bc-b2f9-09d6-e72181c8b628",
      "dataset": {
        "name": "DMDL-ASS1",
        "slug": "dmdl-ass1",
        "dataset_management_url": "https://darwin.v7labs.com/datasets/1669395/dataset-management"
      },
      "team": {
        "name": "Smart Agriculture ",
        "slug": "smart-agriculture"
      },
      "workview_url": "https://darwin.v7labs.com/workview?dataset=1669395&item=0195ee46-09bc-b2f9-09d6-e72181c8b628"
    },
    "slots": [
      {
        "type": "image",
        "slot_name": "0",
        "width": 640,
        "height": 480,
        "thumbnail_url": "https://darwin.v7labs.com/api/v2/teams/smart-agriculture/files/068d620c-3f66-42dd-abab-69af8c67488e/thumbnail",
        "source_files": [
          {
            "file_name": "000000350122_walking_running.jpg",
            "url": "https://darwin.v7labs.com/api/v2/teams/smart-agriculture/uploads/6604dd43-1986-4f7f-b820-77106d9eea83"
          }
        ]
      }
    ]
  },
  "annotations": [
    {
      "bounding_box": {
        "h": 173.6313,
        "w": 89.8324,
        "x": 364.9162,
        "y": 300.3352
      },
      "id": "47366a24-e46f-4d22-907b-fb2aba6a3d8f",
      "name": "walking_running",
      "properties": [],
      "slot_names": [
        "0"
      ]
    }
  ],
  "properties": []
}