{
  "version": "2.0",
  "schema_ref": "https://darwin-public.s3.eu-west-1.amazonaws.com/darwin_json/2.0/schema.json",
  "item": {
    "name": "000000289594_walking_running.jpg",
    "path": "/",
    "source_info": {
      "item_id": "0195ee46-09b9-ce44-0080-277c71f7f27b",
      "dataset": {
        "name": "DMDL-ASS1",
        "slug": "dmdl-ass1",
        "dataset_management_url": "https://darwin.v7labs.com/datasets/1669395/dataset-management"
      },
      "team": {
        "name": "Smart Agriculture ",
        "slug": "smart-agriculture"
      },
      "workview_url": "https://darwin.v7labs.com/workview?dataset=1669395&item=0195ee46-09b9-ce44-0080-277c71f7f27b"
    },
    "slots": [
      {
        "type": "image",
        "slot_name": "0",
        "width": 519,
        "height": 640,
        "thumbnail_url": "https://darwin.v7labs.com/api/v2/teams/smart-agriculture/files/089722cd-012e-4296-aee5-ae1a3297bfb9/thumbnail",
        "source_files": [
          {
            "file_name": "000000289594_walking_running.jpg",
            "url": "https://darwin.v7labs.com/api/v2/teams/smart-agriculture/uploads/66c5eaca-99ad-4ff1-b124-6f3b85065ee4"
          }
        ]
      }
    ]
  },
  "annotations": [
    {
      "bounding_box": {
        "h": 250.2793,
        "w": 77.7654,
        "x": 327.433,
        "y": 219.8883
      },
      "id": "299c93e1-c049-40b8-bced-17662c975fcc",
      "name": "walking_running",
      "properties": [],
      "slot_names": [
        "0"
      ]
    }
  ],
  "properties": []
}