{
  "version": "2.0",
  "schema_ref": "https://darwin-public.s3.eu-west-1.amazonaws.com/darwin_json/2.0/schema.json",
  "item": {
    "name": "000000011149_standing.jpg",
    "path": "/",
    "source_info": {
      "item_id": "0195ee46-09ac-4849-b3a3-7c9fb3902f1c",
      "dataset": {
        "name": "DMDL-ASS1",
        "slug": "dmdl-ass1",
        "dataset_management_url": "https://darwin.v7labs.com/datasets/1669395/dataset-management"
      },
      "team": {
        "name": "Smart Agriculture ",
        "slug": "smart-agriculture"
      },
      "workview_url": "https://darwin.v7labs.com/workview?dataset=1669395&item=0195ee46-09ac-4849-b3a3-7c9fb3902f1c"
    },
    "slots": [
      {
        "type": "image",
        "slot_name": "0",
        "width": 500,
        "height": 375,
        "thumbnail_url": "https://darwin.v7labs.com/api/v2/teams/smart-agriculture/files/fc965fff-87eb-456a-9665-06c32045da99/thumbnail",
        "source_files": [
          {
            "file_name": "000000011149_standing.jpg",
            "url": "https://darwin.v7labs.com/api/v2/teams/smart-agriculture/uploads/bc5e8a24-65e4-413c-b56f-6704453e1c02"
          }
        ]
      }
    ]
  },
  "annotations": [
    {
      "bounding_box": {
        "h": 316.8645,
        "w": 94.7975,
        "x": 410.2654,
        "y": 2.095
      },
      "id": "6fa84aff-0ef2-4000-9f0e-c53cf0b74adb",
      "name": "standing",
      "properties": [],
      "slot_names": [
        "0"
      ]
    }
  ],
  "properties": []
}