{
  "version": "2.0",
  "schema_ref": "https://darwin-public.s3.eu-west-1.amazonaws.com/darwin_json/2.0/schema.json",
  "item": {
    "name": "000000260261_standing.jpg",
    "path": "/",
    "source_info": {
      "item_id": "0195ee46-09b7-5cbe-d610-2c8ca917e570",
      "dataset": {
        "name": "DMDL-ASS1",
        "slug": "dmdl-ass1",
        "dataset_management_url": "https://darwin.v7labs.com/datasets/1669395/dataset-management"
      },
      "team": {
        "name": "Smart Agriculture ",
        "slug": "smart-agriculture"
      },
      "workview_url": "https://darwin.v7labs.com/workview?dataset=1669395&item=0195ee46-09b7-5cbe-d610-2c8ca917e570"
    },
    "slots": [
      {
        "type": "image",
        "slot_name": "0",
        "width": 426,
        "height": 640,
        "thumbnail_url": "https://darwin.v7labs.com/api/v2/teams/smart-agriculture/files/88cf6d87-9e96-454f-8330-f21c337c4124/thumbnail",
        "source_files": [
          {
            "file_name": "000000260261_standing.jpg",
            "url": "https://darwin.v7labs.com/api/v2/teams/smart-agriculture/uploads/99f35fdb-ac21-43b4-8b26-450ae0ee71c1"
          }
        ]
      }
    ]
  },
  "annotations": [
    {
      "bounding_box": {
        "h": 466.5922,
        "w": 185.9218,
        "x": 185.2905,
        "y": 160.0
      },
      "id": "7ec24551-9423-4ec6-b7ec-f2bb625cc289",
      "name": "standing",
      "properties": [],
      "slot_names": [
        "0"
      ]
    }
  ],
  "properties": []
}