{
  "version": "2.0",
  "schema_ref": "https://darwin-public.s3.eu-west-1.amazonaws.com/darwin_json/2.0/schema.json",
  "item": {
    "name": "000000517069_sitting.jpg",
    "path": "/",
    "source_info": {
      "item_id": "0195ee46-09c5-497c-abc3-7be69b31be05",
      "dataset": {
        "name": "DMDL-ASS1",
        "slug": "dmdl-ass1",
        "dataset_management_url": "https://darwin.v7labs.com/datasets/1669395/dataset-management"
      },
      "team": {
        "name": "Smart Agriculture ",
        "slug": "smart-agriculture"
      },
      "workview_url": "https://darwin.v7labs.com/workview?dataset=1669395&item=0195ee46-09c5-497c-abc3-7be69b31be05"
    },
    "slots": [
      {
        "type": "image",
        "slot_name": "0",
        "width": 640,
        "height": 480,
        "thumbnail_url": "https://darwin.v7labs.com/api/v2/teams/smart-agriculture/files/9e40e6d3-1983-46a3-bb64-6cc119393b4f/thumbnail",
        "source_files": [
          {
            "file_name": "000000517069_sitting.jpg",
            "url": "https://darwin.v7labs.com/api/v2/teams/smart-agriculture/uploads/5ef05121-66f0-4b22-8568-abd892b0dd51"
          }
        ]
      }
    ]
  },
  "annotations": [
    {
      "bounding_box": {
        "h": 239.3296,
        "w": 166.9274,
        "x": 251.6201,
        "y": 235.3073
      },
      "id": "61782aa1-da5c-4e61-8e38-ed28a0ff0569",
      "name": "sitting",
      "properties": [],
      "slot_names": [
        "0"
      ]
    }
  ],
  "properties": []
}