{
  "version": "2.0",
  "schema_ref": "https://darwin-public.s3.eu-west-1.amazonaws.com/darwin_json/2.0/schema.json",
  "item": {
    "name": "000000088848_standing.jpg",
    "path": "/",
    "source_info": {
      "item_id": "0195ee46-09af-5fca-7a57-9612501ad1f2",
      "dataset": {
        "name": "DMDL-ASS1",
        "slug": "dmdl-ass1",
        "dataset_management_url": "https://darwin.v7labs.com/datasets/1669395/dataset-management"
      },
      "team": {
        "name": "Smart Agriculture ",
        "slug": "smart-agriculture"
      },
      "workview_url": "https://darwin.v7labs.com/workview?dataset=1669395&item=0195ee46-09af-5fca-7a57-9612501ad1f2"
    },
    "slots": [
      {
        "type": "image",
        "slot_name": "0",
        "width": 640,
        "height": 640,
        "thumbnail_url": "https://darwin.v7labs.com/api/v2/teams/smart-agriculture/files/05fae45a-9219-44ef-ab93-d3add44e27de/thumbnail",
        "source_files": [
          {
            "file_name": "000000088848_standing.jpg",
            "url": "https://darwin.v7labs.com/api/v2/teams/smart-agriculture/uploads/949c0958-963f-49c2-ad81-33b58debfe48"
          }
        ]
      }
    ]
  },
  "annotations": [
    {
      "bounding_box": {
        "h": 245.8101,
        "w": 92.9609,
        "x": 143.0168,
        "y": 365.5866
      },
      "id": "ddaf49b5-c212-4fad-9b49-876e052794e8",
      "name": "standing",
      "properties": [],
      "slot_names": [
        "0"
      ]
    },
    {
      "bounding_box": {
        "h": 146.5922,
        "w": 182.3464,
        "x": 413.8547,
        "y": 465.6983
      },
      "id": "81fec0ab-37fd-4732-81e2-d20bc02c6e1d",
      "name": "standing",
      "properties": [],
      "slot_names": [
        "0"
      ]
    }
  ],
  "properties": []
}