{
  "version": "2.0",
  "schema_ref": "https://darwin-public.s3.eu-west-1.amazonaws.com/darwin_json/2.0/schema.json",
  "item": {
    "name": "000000013659_sitting.jpg",
    "path": "/",
    "source_info": {
      "item_id": "0195ee46-09ac-018d-467f-b11bf00c060c",
      "dataset": {
        "name": "DMDL-ASS1",
        "slug": "dmdl-ass1",
        "dataset_management_url": "https://darwin.v7labs.com/datasets/1669395/dataset-management"
      },
      "team": {
        "name": "Smart Agriculture ",
        "slug": "smart-agriculture"
      },
      "workview_url": "https://darwin.v7labs.com/workview?dataset=1669395&item=0195ee46-09ac-018d-467f-b11bf00c060c"
    },
    "slots": [
      {
        "type": "image",
        "slot_name": "0",
        "width": 640,
        "height": 480,
        "thumbnail_url": "https://darwin.v7labs.com/api/v2/teams/smart-agriculture/files/60ec8a1c-427b-4db7-8888-11b15a5112ea/thumbnail",
        "source_files": [
          {
            "file_name": "000000013659_sitting.jpg",
            "url": "https://darwin.v7labs.com/api/v2/teams/smart-agriculture/uploads/56ff48b8-d66d-4761-8dd0-a4ba0c9b1ed7"
          }
        ]
      }
    ]
  },
  "annotations": [
    {
      "bounding_box": {
        "h": 178.9944,
        "w": 79.7765,
        "x": 342.7933,
        "y": 91.8436
      },
      "id": "11053bfd-16e4-41e8-b249-12e3be422aaf",
      "name": "sitting",
      "properties": [],
      "slot_names": [
        "0"
      ]
    },
    {
      "bounding_box": {
        "h": 250.0559,
        "w": 231.9553,
        "x": 151.7318,
        "y": 228.6034
      },
      "id": "68ea2396-b825-40f9-ba0e-ddc015a35147",
      "name": "sitting",
      "properties": [],
      "slot_names": [
        "0"
      ]
    }
  ],
  "properties": []
}