{
  "version": "2.0",
  "schema_ref": "https://darwin-public.s3.eu-west-1.amazonaws.com/darwin_json/2.0/schema.json",
  "item": {
    "name": "000000327601_sitting.jpg",
    "path": "/",
    "source_info": {
      "item_id": "0195ee46-09bb-a0d9-c491-893d0748c71a",
      "dataset": {
        "name": "DMDL-ASS1",
        "slug": "dmdl-ass1",
        "dataset_management_url": "https://darwin.v7labs.com/datasets/1669395/dataset-management"
      },
      "team": {
        "name": "Smart Agriculture ",
        "slug": "smart-agriculture"
      },
      "workview_url": "https://darwin.v7labs.com/workview?dataset=1669395&item=0195ee46-09bb-a0d9-c491-893d0748c71a"
    },
    "slots": [
      {
        "type": "image",
        "slot_name": "0",
        "width": 333,
        "height": 500,
        "thumbnail_url": "https://darwin.v7labs.com/api/v2/teams/smart-agriculture/files/496e4f1f-88a5-4723-92df-1e36e117938c/thumbnail",
        "source_files": [
          {
            "file_name": "000000327601_sitting.jpg",
            "url": "https://darwin.v7labs.com/api/v2/teams/smart-agriculture/uploads/e26570a4-84e8-4036-8809-88b76738fb1a"
          }
        ]
      }
    ]
  },
  "annotations": [
    {
      "bounding_box": {
        "h": 395.2514,
        "w": 256.9832,
        "x": 56.8631,
        "y": 43.9944
      },
      "id": "06cd8fe5-bfd8-48c2-929e-b494ccfb1aac",
      "name": "sitting",
      "properties": [],
      "slot_names": [
        "0"
      ]
    }
  ],
  "properties": []
}