{
  "version": "2.0",
  "schema_ref": "https://darwin-public.s3.eu-west-1.amazonaws.com/darwin_json/2.0/schema.json",
  "item": {
    "name": "000000213547_sitting.jpg",
    "path": "/",
    "source_info": {
      "item_id": "0195ee46-09b4-044f-f0bc-36e63e3652b3",
      "dataset": {
        "name": "DMDL-ASS1",
        "slug": "dmdl-ass1",
        "dataset_management_url": "https://darwin.v7labs.com/datasets/1669395/dataset-management"
      },
      "team": {
        "name": "Smart Agriculture ",
        "slug": "smart-agriculture"
      },
      "workview_url": "https://darwin.v7labs.com/workview?dataset=1669395&item=0195ee46-09b4-044f-f0bc-36e63e3652b3"
    },
    "slots": [
      {
        "type": "image",
        "slot_name": "0",
        "width": 480,
        "height": 640,
        "thumbnail_url": "https://darwin.v7labs.com/api/v2/teams/smart-agriculture/files/35bc9a62-14f5-4a15-aaa1-483248ec33c3/thumbnail",
        "source_files": [
          {
            "file_name": "000000213547_sitting.jpg",
            "url": "https://darwin.v7labs.com/api/v2/teams/smart-agriculture/uploads/5700c6a1-92ef-4a42-9912-3afe101421a5"
          }
        ]
      }
    ]
  },
  "annotations": [
    {
      "bounding_box": {
        "h": 454.0782,
        "w": 223.4637,
        "x": 127.3743,
        "y": 154.6369
      },
      "id": "b7849750-2d85-4c0b-8256-2cda9a161008",
      "name": "sitting",
      "properties": [],
      "slot_names": [
        "0"
      ]
    }
  ],
  "properties": []
}