{
  "version": "2.0",
  "schema_ref": "https://darwin-public.s3.eu-west-1.amazonaws.com/darwin_json/2.0/schema.json",
  "item": {
    "name": "000000508101_standing.jpg",
    "path": "/",
    "source_info": {
      "item_id": "0195ee46-09c4-14a4-bca0-d4222f692aa4",
      "dataset": {
        "name": "DMDL-ASS1",
        "slug": "dmdl-ass1",
        "dataset_management_url": "https://darwin.v7labs.com/datasets/1669395/dataset-management"
      },
      "team": {
        "name": "Smart Agriculture ",
        "slug": "smart-agriculture"
      },
      "workview_url": "https://darwin.v7labs.com/workview?dataset=1669395&item=0195ee46-09c4-14a4-bca0-d4222f692aa4"
    },
    "slots": [
      {
        "type": "image",
        "slot_name": "0",
        "width": 640,
        "height": 480,
        "thumbnail_url": "https://darwin.v7labs.com/api/v2/teams/smart-agriculture/files/4f6e678e-2b2a-4e37-bc57-50f53a4b0aa0/thumbnail",
        "source_files": [
          {
            "file_name": "000000508101_standing.jpg",
            "url": "https://darwin.v7labs.com/api/v2/teams/smart-agriculture/uploads/d8c3d1f4-f4bb-49be-a5cd-41a90af4c396"
          }
        ]
      }
    ]
  },
  "annotations": [
    {
      "bounding_box": {
        "h": 103.2402,
        "w": 37.5419,
        "x": 401.7877,
        "y": 233.2961
      },
      "id": "59068990-cc57-4381-b5de-752d26ee3802",
      "name": "standing",
      "properties": [],
      "slot_names": [
        "0"
      ]
    }
  ],
  "properties": []
}