{
  "version": "2.0",
  "schema_ref": "https://darwin-public.s3.eu-west-1.amazonaws.com/darwin_json/2.0/schema.json",
  "item": {
    "name": "000000299887_standing.jpg",
    "path": "/",
    "source_info": {
      "item_id": "0195ee46-09ba-9a13-8c52-5405e4018e89",
      "dataset": {
        "name": "DMDL-ASS1",
        "slug": "dmdl-ass1",
        "dataset_management_url": "https://darwin.v7labs.com/datasets/1669395/dataset-management"
      },
      "team": {
        "name": "Smart Agriculture ",
        "slug": "smart-agriculture"
      },
      "workview_url": "https://darwin.v7labs.com/workview?dataset=1669395&item=0195ee46-09ba-9a13-8c52-5405e4018e89"
    },
    "slots": [
      {
        "type": "image",
        "slot_name": "0",
        "width": 640,
        "height": 480,
        "thumbnail_url": "https://darwin.v7labs.com/api/v2/teams/smart-agriculture/files/1a38bae7-db54-453a-9359-1c0af2dc7a2d/thumbnail",
        "source_files": [
          {
            "file_name": "000000299887_standing.jpg",
            "url": "https://darwin.v7labs.com/api/v2/teams/smart-agriculture/uploads/3a424628-7aa3-4a9e-938d-218580538b5c"
          }
        ]
      }
    ]
  },
  "annotations": [
    {
      "bounding_box": {
        "h": 370.0559,
        "w": 274.1899,
        "x": 244.2458,
        "y": 105.2514
      },
      "id": "928a1ab6-f3b0-4b7c-bf17-77b4edc57f0d",
      "name": "standing",
      "properties": [],
      "slot_names": [
        "0"
      ]
    }
  ],
  "properties": []
}