{
  "version": "2.0",
  "schema_ref": "https://darwin-public.s3.eu-west-1.amazonaws.com/darwin_json/2.0/schema.json",
  "item": {
    "name": "000000295713_sitting.jpg",
    "path": "/",
    "source_info": {
      "item_id": "0195ee46-09ba-fa5b-8939-0450d750dc84",
      "dataset": {
        "name": "DMDL-ASS1",
        "slug": "dmdl-ass1",
        "dataset_management_url": "https://darwin.v7labs.com/datasets/1669395/dataset-management"
      },
      "team": {
        "name": "Smart Agriculture ",
        "slug": "smart-agriculture"
      },
      "workview_url": "https://darwin.v7labs.com/workview?dataset=1669395&item=0195ee46-09ba-fa5b-8939-0450d750dc84"
    },
    "slots": [
      {
        "type": "image",
        "slot_name": "0",
        "width": 640,
        "height": 427,
        "thumbnail_url": "https://darwin.v7labs.com/api/v2/teams/smart-agriculture/files/9cc50406-0203-4e95-8a2f-c438b1794002/thumbnail",
        "source_files": [
          {
            "file_name": "000000295713_sitting.jpg",
            "url": "https://darwin.v7labs.com/api/v2/teams/smart-agriculture/uploads/334439f1-6875-4f69-8c1d-969b95d84e24"
          }
        ]
      }
    ]
  },
  "annotations": [
    {
      "bounding_box": {
        "h": 306.5335,
        "w": 138.3575,
        "x": 101.1327,
        "y": 72.1606
      },
      "id": "5a978955-a00c-4d21-afa1-a4759c6f219f",
      "name": "sitting",
      "properties": [],
      "slot_names": [
        "0"
      ]
    },
    {
      "bounding_box": {
        "h": 293.4134,
        "w": 107.3464,
        "x": 433.3101,
        "y": 95.419
      },
      "id": "8a2ed957-cd31-49c0-be70-0596c1b4b060",
      "name": "sitting",
      "properties": [],
      "slot_names": [
        "0"
      ]
    }
  ],
  "properties": []
}