{
  "version": "2.0",
  "schema_ref": "https://darwin-public.s3.eu-west-1.amazonaws.com/darwin_json/2.0/schema.json",
  "item": {
    "name": "000000130586_walking_running.jpg",
    "path": "/",
    "source_info": {
      "item_id": "0195ee46-09b0-d002-2ce7-234f462311c0",
      "dataset": {
        "name": "DMDL-ASS1",
        "slug": "dmdl-ass1",
        "dataset_management_url": "https://darwin.v7labs.com/datasets/1669395/dataset-management"
      },
      "team": {
        "name": "Smart Agriculture ",
        "slug": "smart-agriculture"
      },
      "workview_url": "https://darwin.v7labs.com/workview?dataset=1669395&item=0195ee46-09b0-d002-2ce7-234f462311c0"
    },
    "slots": [
      {
        "type": "image",
        "slot_name": "0",
        "width": 427,
        "height": 640,
        "thumbnail_url": "https://darwin.v7labs.com/api/v2/teams/smart-agriculture/files/1300d086-412e-418b-b452-035867be6e0b/thumbnail",
        "source_files": [
          {
            "file_name": "000000130586_walking_running.jpg",
            "url": "https://darwin.v7labs.com/api/v2/teams/smart-agriculture/uploads/92e9109c-d369-472e-bc85-1d7be5dbbc1e"
          }
        ]
      }
    ]
  },
  "annotations": [
    {
      "bounding_box": {
        "h": 415.6425,
        "w": 210.0559,
        "x": 119.6453,
        "y": 214.5251
      },
      "id": "bb18baee-ec09-4254-87c5-e1416b2053b4",
      "name": "walking_running",
      "properties": [],
      "slot_names": [
        "0"
      ]
    }
  ],
  "properties": []
}