{
  "version": "2.0",
  "schema_ref": "https://darwin-public.s3.eu-west-1.amazonaws.com/darwin_json/2.0/schema.json",
  "item": {
    "name": "000000127660_sitting.jpg",
    "path": "/",
    "source_info": {
      "item_id": "0195ee46-09b0-eb62-6abe-34a96de73303",
      "dataset": {
        "name": "DMDL-ASS1",
        "slug": "dmdl-ass1",
        "dataset_management_url": "https://darwin.v7labs.com/datasets/1669395/dataset-management"
      },
      "team": {
        "name": "Smart Agriculture ",
        "slug": "smart-agriculture"
      },
      "workview_url": "https://darwin.v7labs.com/workview?dataset=1669395&item=0195ee46-09b0-eb62-6abe-34a96de73303"
    },
    "slots": [
      {
        "type": "image",
        "slot_name": "0",
        "width": 640,
        "height": 513,
        "thumbnail_url": "https://darwin.v7labs.com/api/v2/teams/smart-agriculture/files/13d545ad-77c9-49fa-988a-e97bfc0a7b98/thumbnail",
        "source_files": [
          {
            "file_name": "000000127660_sitting.jpg",
            "url": "https://darwin.v7labs.com/api/v2/teams/smart-agriculture/uploads/ce19a8cc-9a52-434c-9117-61dd1c71ddf3"
          }
        ]
      }
    ]
  },
  "annotations": [
    {
      "bounding_box": {
        "h": 375.4358,
        "w": 336.7458,
        "x": 120.102,
        "y": 29.3757
      },
      "id": "727c0201-594c-4cf8-bf1a-a326e15df44f",
      "name": "sitting",
      "properties": [],
      "slot_names": [
        "0"
      ]
    }
  ],
  "properties": []
}