{
  "version": "2.0",
  "schema_ref": "https://darwin-public.s3.eu-west-1.amazonaws.com/darwin_json/2.0/schema.json",
  "item": {
    "name": "000000060932_standing.jpg",
    "path": "/",
    "source_info": {
      "item_id": "0195ee46-09ae-3fe0-29a7-5c6869050add",
      "dataset": {
        "name": "DMDL-ASS1",
        "slug": "dmdl-ass1",
        "dataset_management_url": "https://darwin.v7labs.com/datasets/1669395/dataset-management"
      },
      "team": {
        "name": "Smart Agriculture ",
        "slug": "smart-agriculture"
      },
      "workview_url": "https://darwin.v7labs.com/workview?dataset=1669395&item=0195ee46-09ae-3fe0-29a7-5c6869050add"
    },
    "slots": [
      {
        "type": "image",
        "slot_name": "0",
        "width": 640,
        "height": 428,
        "thumbnail_url": "https://darwin.v7labs.com/api/v2/teams/smart-agriculture/files/c91be377-6978-4626-93c1-166dba9d4d56/thumbnail",
        "source_files": [
          {
            "file_name": "000000060932_standing.jpg",
            "url": "https://darwin.v7labs.com/api/v2/teams/smart-agriculture/uploads/5d912707-5f24-437c-8804-208e77c419b5"
          }
        ]
      }
    ]
  },
  "annotations": [
    {
      "bounding_box": {
        "h": 203.838,
        "w": 124.3352,
        "x": 197.4581,
        "y": 184.1117
      },
      "id": "91f31b9a-647a-4da2-af16-43cf6b116947",
      "name": "standing",
      "properties": [],
      "slot_names": [
        "0"
      ]
    },
    {
      "bounding_box": {
        "h": 344.3128,
        "w": 267.2011,
        "x": 374.9944,
        "y": 78.3073
      },
      "id": "38ad3ff0-0a40-4a2c-98b4-8724303c2f33",
      "name": "standing",
      "properties": [],
      "slot_names": [
        "0"
      ]
    },
    {
      "bounding_box": {
        "h": 210.4134,
        "w": 115.3687,
        "x": 60.5698,
        "y": 161.9944
      },
      "id": "edccdc72-7864-424f-9734-c89c85ce6169",
      "name": "standing",
      "properties": [],
      "slot_names": [
        "0"
      ]
    }
  ],
  "properties": []
}