{
  "version": "2.0",
  "schema_ref": "https://darwin-public.s3.eu-west-1.amazonaws.com/darwin_json/2.0/schema.json",
  "item": {
    "name": "000000190140_standing.jpg",
    "path": "/",
    "source_info": {
      "item_id": "0195ee46-09b3-b0dd-52e7-5ba260482f1a",
      "dataset": {
        "name": "DMDL-ASS1",
        "slug": "dmdl-ass1",
        "dataset_management_url": "https://darwin.v7labs.com/datasets/1669395/dataset-management"
      },
      "team": {
        "name": "Smart Agriculture ",
        "slug": "smart-agriculture"
      },
      "workview_url": "https://darwin.v7labs.com/workview?dataset=1669395&item=0195ee46-09b3-b0dd-52e7-5ba260482f1a"
    },
    "slots": [
      {
        "type": "image",
        "slot_name": "0",
        "width": 640,
        "height": 428,
        "thumbnail_url": "https://darwin.v7labs.com/api/v2/teams/smart-agriculture/files/552502b8-b411-4161-bf29-57f82603078e/thumbnail",
        "source_files": [
          {
            "file_name": "000000190140_standing.jpg",
            "url": "https://darwin.v7labs.com/api/v2/teams/smart-agriculture/uploads/2843494b-0d84-4ca9-953b-112b87259585"
          }
        ]
      }
    ]
  },
  "annotations": [
    {
      "bounding_box": {
        "h": 172.7542,
        "w": 121.9441,
        "x": 163.9832,
        "y": 139.2793
      },
      "id": "fa51f98a-9ab0-4ada-8471-945e510e5c40",
      "name": "sitting",
      "properties": [],
      "slot_names": [
        "0"
      ]
    }
  ],
  "properties": []
}