{
  "version": "2.0",
  "schema_ref": "https://darwin-public.s3.eu-west-1.amazonaws.com/darwin_json/2.0/schema.json",
  "item": {
    "name": "000000527750_standing.jpg",
    "path": "/",
    "source_info": {
      "item_id": "0195ee46-09c5-08e5-90a2-7ca8597be635",
      "dataset": {
        "name": "DMDL-ASS1",
        "slug": "dmdl-ass1",
        "dataset_management_url": "https://darwin.v7labs.com/datasets/1669395/dataset-management"
      },
      "team": {
        "name": "Smart Agriculture ",
        "slug": "smart-agriculture"
      },
      "workview_url": "https://darwin.v7labs.com/workview?dataset=1669395&item=0195ee46-09c5-08e5-90a2-7ca8597be635"
    },
    "slots": [
      {
        "type": "image",
        "slot_name": "0",
        "width": 427,
        "height": 640,
        "thumbnail_url": "https://darwin.v7labs.com/api/v2/teams/smart-agriculture/files/545f8da3-0376-4f96-ad38-089e4b5c0698/thumbnail",
        "source_files": [
          {
            "file_name": "000000527750_standing.jpg",
            "url": "https://darwin.v7labs.com/api/v2/teams/smart-agriculture/uploads/5837eacc-0fad-493f-9880-7583ddd44966"
          }
        ]
      }
    ]
  },
  "annotations": [
    {
      "bounding_box": {
        "h": 357.5419,
        "w": 101.0056,
        "x": 182.2151,
        "y": 118.8827
      },
      "id": "50d597e0-87e9-41d8-9b6c-6f3d242cbf5c",
      "name": "standing",
      "properties": [],
      "slot_names": [
        "0"
      ]
    }
  ],
  "properties": []
}