{
  "version": "2.0",
  "schema_ref": "https://darwin-public.s3.eu-west-1.amazonaws.com/darwin_json/2.0/schema.json",
  "item": {
    "name": "000000313454_standing.jpg",
    "path": "/",
    "source_info": {
      "item_id": "0195ee46-09ba-108e-f9c6-7b43e78c0675",
      "dataset": {
        "name": "DMDL-ASS1",
        "slug": "dmdl-ass1",
        "dataset_management_url": "https://darwin.v7labs.com/datasets/1669395/dataset-management"
      },
      "team": {
        "name": "Smart Agriculture ",
        "slug": "smart-agriculture"
      },
      "workview_url": "https://darwin.v7labs.com/workview?dataset=1669395&item=0195ee46-09ba-108e-f9c6-7b43e78c0675"
    },
    "slots": [
      {
        "type": "image",
        "slot_name": "0",
        "width": 640,
        "height": 388,
        "thumbnail_url": "https://darwin.v7labs.com/api/v2/teams/smart-agriculture/files/6eab1677-2370-41fb-b701-7d416872c9da/thumbnail",
        "source_files": [
          {
            "file_name": "000000313454_standing.jpg",
            "url": "https://darwin.v7labs.com/api/v2/teams/smart-agriculture/uploads/5252f50a-ef64-43d3-9da5-2352e053a40e"
          }
        ]
      }
    ]
  },
  "annotations": [
    {
      "bounding_box": {
        "h": 305.6313,
        "w": 113.7989,
        "x": 19.2458,
        "y": 74.7821
      },
      "id": "3a629b4b-bf1a-4280-b2d1-a36238caa9f9",
      "name": "standing",
      "properties": [],
      "slot_names": [
        "0"
      ]
    }
  ],
  "properties": []
}