{
  "version": "2.0",
  "schema_ref": "https://darwin-public.s3.eu-west-1.amazonaws.com/darwin_json/2.0/schema.json",
  "item": {
    "name": "000000468632_walking_running.jpg",
    "path": "/",
    "source_info": {
      "item_id": "0195ee46-09c2-e289-5997-0b7d044bf94d",
      "dataset": {
        "name": "DMDL-ASS1",
        "slug": "dmdl-ass1",
        "dataset_management_url": "https://darwin.v7labs.com/datasets/1669395/dataset-management"
      },
      "team": {
        "name": "Smart Agriculture ",
        "slug": "smart-agriculture"
      },
      "workview_url": "https://darwin.v7labs.com/workview?dataset=1669395&item=0195ee46-09c2-e289-5997-0b7d044bf94d"
    },
    "slots": [
      {
        "type": "image",
        "slot_name": "0",
        "width": 640,
        "height": 479,
        "thumbnail_url": "https://darwin.v7labs.com/api/v2/teams/smart-agriculture/files/7823665f-5f3a-474e-9940-670ffef68cbe/thumbnail",
        "source_files": [
          {
            "file_name": "000000468632_walking_running.jpg",
            "url": "https://darwin.v7labs.com/api/v2/teams/smart-agriculture/uploads/8bd96b0b-81fc-43a9-803f-8729cbb54bdf"
          }
        ]
      }
    ]
  },
  "annotations": [
    {
      "bounding_box": {
        "h": 251.5419,
        "w": 113.7291,
        "x": 59.7612,
        "y": 174.6075
      },
      "id": "53d43d3e-cd50-4cd7-849e-59dc213ff5f5",
      "name": "walking_running",
      "properties": [],
      "slot_names": [
        "0"
      ]
    },
    {
      "bounding_box": {
        "h": 274.2877,
        "w": 128.4469,
        "x": 291.9022,
        "y": 145.1718
      },
      "id": "7f655598-9ec5-4f99-a163-186a209fc41e",
      "name": "walking_running",
      "properties": [],
      "slot_names": [
        "0"
      ]
    },
    {
      "bounding_box": {
        "h": 242.845,
        "w": 105.0321,
        "x": 473.8687,
        "y": 185.9804
      },
      "id": "44dcb984-b53d-4613-aac1-6f86290a5fd3",
      "name": "walking_running",
      "properties": [],
      "slot_names": [
        "0"
      ]
    }
  ],
  "properties": []
}