{
  "version": "2.0",
  "schema_ref": "https://darwin-public.s3.eu-west-1.amazonaws.com/darwin_json/2.0/schema.json",
  "item": {
    "name": "000000266409_walking_running.jpg",
    "path": "/",
    "source_info": {
      "item_id": "0195ee46-09b8-6a6f-875e-552a22fed482",
      "dataset": {
        "name": "DMDL-ASS1",
        "slug": "dmdl-ass1",
        "dataset_management_url": "https://darwin.v7labs.com/datasets/1669395/dataset-management"
      },
      "team": {
        "name": "Smart Agriculture ",
        "slug": "smart-agriculture"
      },
      "workview_url": "https://darwin.v7labs.com/workview?dataset=1669395&item=0195ee46-09b8-6a6f-875e-552a22fed482"
    },
    "slots": [
      {
        "type": "image",
        "slot_name": "0",
        "width": 640,
        "height": 480,
        "thumbnail_url": "https://darwin.v7labs.com/api/v2/teams/smart-agriculture/files/5de486d2-3263-459e-9f0e-98fb837cf548/thumbnail",
        "source_files": [
          {
            "file_name": "000000266409_walking_running.jpg",
            "url": "https://darwin.v7labs.com/api/v2/teams/smart-agriculture/uploads/3864b056-9820-4fed-a193-6ea616631018"
          }
        ]
      }
    ]
  },
  "annotations": [
    {
      "bounding_box": {
        "h": 327.8212,
        "w": 134.7486,
        "x": 320.6704,
        "y": 142.1229
      },
      "id": "2eb38163-4d6c-42d8-9223-50d4042180f4",
      "name": "walking_running",
      "properties": [],
      "slot_names": [
        "0"
      ]
    }
  ],
  "properties": []
}