{
  "version": "2.0",
  "schema_ref": "https://darwin-public.s3.eu-west-1.amazonaws.com/darwin_json/2.0/schema.json",
  "item": {
    "name": "000000459153_sitting.jpg",
    "path": "/",
    "source_info": {
      "item_id": "0195ee46-09c1-20f8-1ed4-95165cd7cd22",
      "dataset": {
        "name": "DMDL-ASS1",
        "slug": "dmdl-ass1",
        "dataset_management_url": "https://darwin.v7labs.com/datasets/1669395/dataset-management"
      },
      "team": {
        "name": "Smart Agriculture ",
        "slug": "smart-agriculture"
      },
      "workview_url": "https://darwin.v7labs.com/workview?dataset=1669395&item=0195ee46-09c1-20f8-1ed4-95165cd7cd22"
    },
    "slots": [
      {
        "type": "image",
        "slot_name": "0",
        "width": 427,
        "height": 640,
        "thumbnail_url": "https://darwin.v7labs.com/api/v2/teams/smart-agriculture/files/571b25d1-3560-4a6f-af26-c848bd450123/thumbnail",
        "source_files": [
          {
            "file_name": "000000459153_sitting.jpg",
            "url": "https://darwin.v7labs.com/api/v2/teams/smart-agriculture/uploads/3c4b42d2-2975-4b92-9157-3b21ca37b325"
          }
        ]
      }
    ]
  },
  "annotations": [
    {
      "bounding_box": {
        "h": 355.7542,
        "w": 265.4749,
        "x": 115.176,
        "y": 174.3017
      },
      "id": "28a49e3b-98c1-4e01-adef-0ea96244c40b",
      "name": "sitting",
      "properties": [],
      "slot_names": [
        "0"
      ]
    }
  ],
  "properties": []
}