{
  "version": "2.0",
  "schema_ref": "https://darwin-public.s3.eu-west-1.amazonaws.com/darwin_json/2.0/schema.json",
  "item": {
    "name": "000000506707_walking_running.jpg",
    "path": "/",
    "source_info": {
      "item_id": "0195ee46-09c4-e8ba-8ea3-494e49bf23ef",
      "dataset": {
        "name": "DMDL-ASS1",
        "slug": "dmdl-ass1",
        "dataset_management_url": "https://darwin.v7labs.com/datasets/1669395/dataset-management"
      },
      "team": {
        "name": "Smart Agriculture ",
        "slug": "smart-agriculture"
      },
      "workview_url": "https://darwin.v7labs.com/workview?dataset=1669395&item=0195ee46-09c4-e8ba-8ea3-494e49bf23ef"
    },
    "slots": [
      {
        "type": "image",
        "slot_name": "0",
        "width": 640,
        "height": 427,
        "thumbnail_url": "https://darwin.v7labs.com/api/v2/teams/smart-agriculture/files/af5454cb-bf41-42d9-9f2c-c532310b1c92/thumbnail",
        "source_files": [
          {
            "file_name": "000000506707_walking_running.jpg",
            "url": "https://darwin.v7labs.com/api/v2/teams/smart-agriculture/uploads/8e3daca9-a2fc-453f-a985-c8cd8a2893ab"
          }
        ]
      }
    ]
  },
  "annotations": [
    {
      "bounding_box": {
        "h": 263.595,
        "w": 122.2556,
        "x": 473.8631,
        "y": 106.75
      },
      "id": "8e14053f-59e0-4668-9de6-0f9ccfb06bd8",
      "name": "walking_running",
      "properties": [],
      "slot_names": [
        "0"
      ]
    },
    {
      "bounding_box": {
        "h": 273.7332,
        "w": 109.1355,
        "x": 18.8338,
        "y": 112.7137
      },
      "id": "76edf5e8-64e4-4300-993e-7d5dc676946d",
      "name": "walking_running",
      "properties": [],
      "slot_names": [
        "0"
      ]
    },
    {
      "bounding_box": {
        "h": 302.3589,
        "w": 97.8045,
        "x": 263.345,
        "y": 79.317
      },
      "id": "663e90e0-9797-43eb-812b-3ba63ca3269a",
      "name": "walking_running",
      "properties": [],
      "slot_names": [
        "0"
      ]
    }
  ],
  "properties": []
}