{
  "version": "2.0",
  "schema_ref": "https://darwin-public.s3.eu-west-1.amazonaws.com/darwin_json/2.0/schema.json",
  "item": {
    "name": "000000412286_walking_running.jpg",
    "path": "/",
    "source_info": {
      "item_id": "0195ee46-09bf-b4e6-5c19-cf7011f917c5",
      "dataset": {
        "name": "DMDL-ASS1",
        "slug": "dmdl-ass1",
        "dataset_management_url": "https://darwin.v7labs.com/datasets/1669395/dataset-management"
      },
      "team": {
        "name": "Smart Agriculture ",
        "slug": "smart-agriculture"
      },
      "workview_url": "https://darwin.v7labs.com/workview?dataset=1669395&item=0195ee46-09bf-b4e6-5c19-cf7011f917c5"
    },
    "slots": [
      {
        "type": "image",
        "slot_name": "0",
        "width": 333,
        "height": 500,
        "thumbnail_url": "https://darwin.v7labs.com/api/v2/teams/smart-agriculture/files/aa7087b0-3fb8-46e5-97a6-c1ef8bebe764/thumbnail",
        "source_files": [
          {
            "file_name": "000000412286_walking_running.jpg",
            "url": "https://darwin.v7labs.com/api/v2/teams/smart-agriculture/uploads/703c77c4-9c34-4fef-b664-6d42ec3e490c"
          }
        ]
      }
    ]
  },
  "annotations": [
    {
      "bounding_box": {
        "h": 304.4693,
        "w": 120.1117,
        "x": 86.1927,
        "y": 152.933
      },
      "id": "023a4d5a-0353-4a0d-bd36-1a0652deb4a7",
      "name": "walking_running",
      "properties": [],
      "slot_names": [
        "0"
      ]
    }
  ],
  "properties": []
}