{
  "version": "2.0",
  "schema_ref": "https://darwin-public.s3.eu-west-1.amazonaws.com/darwin_json/2.0/schema.json",
  "item": {
    "name": "000000237071_walking_running.jpg",
    "path": "/",
    "source_info": {
      "item_id": "0195ee46-09b5-ceb2-6c28-12f8ae731465",
      "dataset": {
        "name": "DMDL-ASS1",
        "slug": "dmdl-ass1",
        "dataset_management_url": "https://darwin.v7labs.com/datasets/1669395/dataset-management"
      },
      "team": {
        "name": "Smart Agriculture ",
        "slug": "smart-agriculture"
      },
      "workview_url": "https://darwin.v7labs.com/workview?dataset=1669395&item=0195ee46-09b5-ceb2-6c28-12f8ae731465"
    },
    "slots": [
      {
        "type": "image",
        "slot_name": "0",
        "width": 640,
        "height": 427,
        "thumbnail_url": "https://darwin.v7labs.com/api/v2/teams/smart-agriculture/files/7c9e71e8-8cdd-4dc6-9c2f-317d412674ee/thumbnail",
        "source_files": [
          {
            "file_name": "000000237071_walking_running.jpg",
            "url": "https://darwin.v7labs.com/api/v2/teams/smart-agriculture/uploads/d6a8e27c-98c8-459f-82c2-49844168d04b"
          }
        ]
      }
    ]
  },
  "annotations": [
    {
      "bounding_box": {
        "h": 325.6173,
        "w": 268.9623,
        "x": 196.5517,
        "y": 99.5936
      },
      "id": "ad12182c-586e-4da0-a9e3-2c89600953e4",
      "name": "walking_running",
      "properties": [],
      "slot_names": [
        "0"
      ]
    }
  ],
  "properties": []
}