{
  "version": "2.0",
  "schema_ref": "https://darwin-public.s3.eu-west-1.amazonaws.com/darwin_json/2.0/schema.json",
  "item": {
    "name": "000000203639_standing.jpg",
    "path": "/",
    "source_info": {
      "item_id": "0195ee46-09b4-abb3-fc1b-d5aa243bcbe3",
      "dataset": {
        "name": "DMDL-ASS1",
        "slug": "dmdl-ass1",
        "dataset_management_url": "https://darwin.v7labs.com/datasets/1669395/dataset-management"
      },
      "team": {
        "name": "Smart Agriculture ",
        "slug": "smart-agriculture"
      },
      "workview_url": "https://darwin.v7labs.com/workview?dataset=1669395&item=0195ee46-09b4-abb3-fc1b-d5aa243bcbe3"
    },
    "slots": [
      {
        "type": "image",
        "slot_name": "0",
        "width": 486,
        "height": 640,
        "thumbnail_url": "https://darwin.v7labs.com/api/v2/teams/smart-agriculture/files/efd52962-edca-4fab-af56-4e5595773a26/thumbnail",
        "source_files": [
          {
            "file_name": "000000203639_standing.jpg",
            "url": "https://darwin.v7labs.com/api/v2/teams/smart-agriculture/uploads/dfea49fb-555c-4090-8d6c-104ba2b17c0f"
          }
        ]
      }
    ]
  },
  "annotations": [
    {
      "bounding_box": {
        "h": 572.9609,
        "w": 219.8883,
        "x": 112.4972,
        "y": 52.7374
      },
      "id": "6aaf4e17-7fd7-4bff-9f5e-ce7ba9a06570",
      "name": "standing",
      "properties": [],
      "slot_names": [
        "0"
      ]
    }
  ],
  "properties": []
}