{
  "version": "2.0",
  "schema_ref": "https://darwin-public.s3.eu-west-1.amazonaws.com/darwin_json/2.0/schema.json",
  "item": {
    "name": "000000551215_walking_running.jpg",
    "path": "/",
    "source_info": {
      "item_id": "0195ee46-09c6-ea8a-15b6-a8db2132e946",
      "dataset": {
        "name": "DMDL-ASS1",
        "slug": "dmdl-ass1",
        "dataset_management_url": "https://darwin.v7labs.com/datasets/1669395/dataset-management"
      },
      "team": {
        "name": "Smart Agriculture ",
        "slug": "smart-agriculture"
      },
      "workview_url": "https://darwin.v7labs.com/workview?dataset=1669395&item=0195ee46-09c6-ea8a-15b6-a8db2132e946"
    },
    "slots": [
      {
        "type": "image",
        "slot_name": "0",
        "width": 480,
        "height": 640,
        "thumbnail_url": "https://darwin.v7labs.com/api/v2/teams/smart-agriculture/files/9c2647dd-c41b-4a90-a69e-4957d2f989ac/thumbnail",
        "source_files": [
          {
            "file_name": "000000551215_walking_running.jpg",
            "url": "https://darwin.v7labs.com/api/v2/teams/smart-agriculture/uploads/3707a37b-91cc-4c24-84ed-aeb0abd47066"
          }
        ]
      }
    ]
  },
  "annotations": [
    {
      "bounding_box": {
        "h": 473.743,
        "w": 244.9162,
        "x": 77.3184,
        "y": 69.7207
      },
      "id": "abb5b305-5a0f-4cd2-b86a-430cf4838f09",
      "name": "walking_running",
      "properties": [],
      "slot_names": [
        "0"
      ]
    }
  ],
  "properties": []
}