{
  "version": "2.0",
  "schema_ref": "https://darwin-public.s3.eu-west-1.amazonaws.com/darwin_json/2.0/schema.json",
  "item": {
    "name": "000000140556_standing.jpg",
    "path": "/",
    "source_info": {
      "item_id": "0195ee46-09b1-fb46-61f9-fe57ecaae9e8",
      "dataset": {
        "name": "DMDL-ASS1",
        "slug": "dmdl-ass1",
        "dataset_management_url": "https://darwin.v7labs.com/datasets/1669395/dataset-management"
      },
      "team": {
        "name": "Smart Agriculture ",
        "slug": "smart-agriculture"
      },
      "workview_url": "https://darwin.v7labs.com/workview?dataset=1669395&item=0195ee46-09b1-fb46-61f9-fe57ecaae9e8"
    },
    "slots": [
      {
        "type": "image",
        "slot_name": "0",
        "width": 640,
        "height": 457,
        "thumbnail_url": "https://darwin.v7labs.com/api/v2/teams/smart-agriculture/files/c9bd9544-fe66-4f49-92ac-3cbbaf1e7a10/thumbnail",
        "source_files": [
          {
            "file_name": "000000140556_standing.jpg",
            "url": "https://darwin.v7labs.com/api/v2/teams/smart-agriculture/uploads/8b07bed7-7552-402e-a654-643693e91e26"
          }
        ]
      }
    ]
  },
  "annotations": [
    {
      "bounding_box": {
        "h": 428.9162,
        "w": 155.0992,
        "x": 169.3687,
        "y": 8.2975
      },
      "id": "5b4fc7b1-c412-4a82-842c-dc0c9ab82145",
      "name": "standing",
      "properties": [],
      "slot_names": [
        "0"
      ]
    },
    {
      "bounding_box": {
        "h": 429.5545,
        "w": 152.5461,
        "x": 462.9721,
        "y": 20.4246
      },
      "id": "1a56725c-d369-4497-aa35-b2aa27a7f260",
      "name": "standing",
      "properties": [],
      "slot_names": [
        "0"
      ]
    },
    {
      "bounding_box": {
        "h": 390.6201,
        "w": 102.1229,
        "x": 55.757,
        "y": 61.912
      },
      "id": "6aabff60-7ba2-438a-9f53-7224f9f24c33",
      "name": "standing",
      "properties": [],
      "slot_names": [
        "0"
      ]
    }
  ],
  "properties": []
}