{
  "version": "2.0",
  "schema_ref": "https://darwin-public.s3.eu-west-1.amazonaws.com/darwin_json/2.0/schema.json",
  "item": {
    "name": "000000534270_sitting.jpg",
    "path": "/",
    "source_info": {
      "item_id": "0195ee46-09c5-1cc3-ebec-192382a9ff38",
      "dataset": {
        "name": "DMDL-ASS1",
        "slug": "dmdl-ass1",
        "dataset_management_url": "https://darwin.v7labs.com/datasets/1669395/dataset-management"
      },
      "team": {
        "name": "Smart Agriculture ",
        "slug": "smart-agriculture"
      },
      "workview_url": "https://darwin.v7labs.com/workview?dataset=1669395&item=0195ee46-09c5-1cc3-ebec-192382a9ff38"
    },
    "slots": [
      {
        "type": "image",
        "slot_name": "0",
        "width": 521,
        "height": 421,
        "thumbnail_url": "https://darwin.v7labs.com/api/v2/teams/smart-agriculture/files/f4718b7f-7b0a-47eb-9821-fa834410cf90/thumbnail",
        "source_files": [
          {
            "file_name": "000000534270_sitting.jpg",
            "url": "https://darwin.v7labs.com/api/v2/teams/smart-agriculture/uploads/7f594215-f4b5-4fd9-bb41-6c07f0a41aa0"
          }
        ]
      }
    ]
  },
  "annotations": [
    {
      "bounding_box": {
        "h": 218.7318,
        "w": 106.426,
        "x": 236.9804,
        "y": 186.3925
      },
      "id": "b030a56a-b8ce-41c5-bbcd-b398903b19eb",
      "name": "sitting",
      "properties": [],
      "slot_names": [
        "0"
      ]
    }
  ],
  "properties": []
}