{
  "version": "2.0",
  "schema_ref": "https://darwin-public.s3.eu-west-1.amazonaws.com/darwin_json/2.0/schema.json",
  "item": {
    "name": "000000374052_sitting.jpg",
    "path": "/",
    "source_info": {
      "item_id": "0195ee46-09bd-901b-bdde-352fdf9113cd",
      "dataset": {
        "name": "DMDL-ASS1",
        "slug": "dmdl-ass1",
        "dataset_management_url": "https://darwin.v7labs.com/datasets/1669395/dataset-management"
      },
      "team": {
        "name": "Smart Agriculture ",
        "slug": "smart-agriculture"
      },
      "workview_url": "https://darwin.v7labs.com/workview?dataset=1669395&item=0195ee46-09bd-901b-bdde-352fdf9113cd"
    },
    "slots": [
      {
        "type": "image",
        "slot_name": "0",
        "width": 640,
        "height": 427,
        "thumbnail_url": "https://darwin.v7labs.com/api/v2/teams/smart-agriculture/files/d3a13511-6d7f-4009-9f57-d5826d86e019/thumbnail",
        "source_files": [
          {
            "file_name": "000000374052_sitting.jpg",
            "url": "https://darwin.v7labs.com/api/v2/teams/smart-agriculture/uploads/b1db6774-0b56-40a0-b1bf-cafd0e8cd643"
          }
        ]
      }
    ]
  },
  "annotations": [
    {
      "bounding_box": {
        "h": 255.2458,
        "w": 126.4302,
        "x": 315.2291,
        "y": 149.6885
      },
      "id": "e9f66d0c-5a45-4945-a72a-d7b09b102f95",
      "name": "sitting",
      "properties": [],
      "slot_names": [
        "0"
      ]
    }
  ],
  "properties": []
}