{
  "version": "2.0",
  "schema_ref": "https://darwin-public.s3.eu-west-1.amazonaws.com/darwin_json/2.0/schema.json",
  "item": {
    "name": "000000192607_standing.jpg",
    "path": "/",
    "source_info": {
      "item_id": "0195ee46-09b3-6997-fc01-cfb7e5df5f6b",
      "dataset": {
        "name": "DMDL-ASS1",
        "slug": "dmdl-ass1",
        "dataset_management_url": "https://darwin.v7labs.com/datasets/1669395/dataset-management"
      },
      "team": {
        "name": "Smart Agriculture ",
        "slug": "smart-agriculture"
      },
      "workview_url": "https://darwin.v7labs.com/workview?dataset=1669395&item=0195ee46-09b3-6997-fc01-cfb7e5df5f6b"
    },
    "slots": [
      {
        "type": "image",
        "slot_name": "0",
        "width": 640,
        "height": 425,
        "thumbnail_url": "https://darwin.v7labs.com/api/v2/teams/smart-agriculture/files/d92eb9c4-2ad8-4583-a4fd-e3bf93428abd/thumbnail",
        "source_files": [
          {
            "file_name": "000000192607_standing.jpg",
            "url": "https://darwin.v7labs.com/api/v2/teams/smart-agriculture/uploads/0f2a9b52-c3f6-4f50-a341-c449cf6fd9a3"
          }
        ]
      }
    ]
  },
  "annotations": [
    {
      "bounding_box": {
        "h": 166.2011,
        "w": 74.7905,
        "x": 449.993,
        "y": 216.655
      },
      "id": "e6368926-e0f3-41c9-8c41-8f3f789cdfa5",
      "name": "standing",
      "properties": [],
      "slot_names": [
        "0"
      ]
    }
  ],
  "properties": []
}