{
  "version": "2.0",
  "schema_ref": "https://darwin-public.s3.eu-west-1.amazonaws.com/darwin_json/2.0/schema.json",
  "item": {
    "name": "000000029397_standing.jpg",
    "path": "/",
    "source_info": {
      "item_id": "0195ee46-09ad-1e92-2fb1-6777e2a309ee",
      "dataset": {
        "name": "DMDL-ASS1",
        "slug": "dmdl-ass1",
        "dataset_management_url": "https://darwin.v7labs.com/datasets/1669395/dataset-management"
      },
      "team": {
        "name": "Smart Agriculture ",
        "slug": "smart-agriculture"
      },
      "workview_url": "https://darwin.v7labs.com/workview?dataset=1669395&item=0195ee46-09ad-1e92-2fb1-6777e2a309ee"
    },
    "slots": [
      {
        "type": "image",
        "slot_name": "0",
        "width": 640,
        "height": 449,
        "thumbnail_url": "https://darwin.v7labs.com/api/v2/teams/smart-agriculture/files/935fb5f4-71b3-4173-9bd7-1f0bed317967/thumbnail",
        "source_files": [
          {
            "file_name": "000000029397_standing.jpg",
            "url": "https://darwin.v7labs.com/api/v2/teams/smart-agriculture/uploads/233b02f0-7729-49d1-b995-5c6382f01d81"
          }
        ]
      }
    ]
  },
  "annotations": [
    {
      "bounding_box": {
        "h": 201.9246,
        "w": 223.2458,
        "x": 316.2374,
        "y": 1.8813
      },
      "id": "61817381-8b33-4b17-8011-01d5e60a553e",
      "name": "standing",
      "properties": [],
      "slot_names": [
        "0"
      ]
    }
  ],
  "properties": []
}