{
  "version": "2.0",
  "schema_ref": "https://darwin-public.s3.eu-west-1.amazonaws.com/darwin_json/2.0/schema.json",
  "item": {
    "name": "000000016249_sitting.jpg",
    "path": "/",
    "source_info": {
      "item_id": "0195ee46-09ac-7466-d2a4-5fcffc4272ef",
      "dataset": {
        "name": "DMDL-ASS1",
        "slug": "dmdl-ass1",
        "dataset_management_url": "https://darwin.v7labs.com/datasets/1669395/dataset-management"
      },
      "team": {
        "name": "Smart Agriculture ",
        "slug": "smart-agriculture"
      },
      "workview_url": "https://darwin.v7labs.com/workview?dataset=1669395&item=0195ee46-09ac-7466-d2a4-5fcffc4272ef"
    },
    "slots": [
      {
        "type": "image",
        "slot_name": "0",
        "width": 500,
        "height": 365,
        "thumbnail_url": "https://darwin.v7labs.com/api/v2/teams/smart-agriculture/files/9be1e1ca-0439-4b7c-ae16-ef72b5842eeb/thumbnail",
        "source_files": [
          {
            "file_name": "000000016249_sitting.jpg",
            "url": "https://darwin.v7labs.com/api/v2/teams/smart-agriculture/uploads/98b609f3-5f71-435f-bc4f-f9ad3c15cd94"
          }
        ]
      }
    ]
  },
  "annotations": [
    {
      "bounding_box": {
        "h": 231.9483,
        "w": 150.3841,
        "x": 41.5014,
        "y": 117.2486
      },
      "id": "9c2cb821-fd21-425c-9cf7-707913939600",
      "name": "sitting",
      "properties": [],
      "slot_names": [
        "0"
      ]
    },
    {
      "bounding_box": {
        "h": 187.5978,
        "w": 115.2095,
        "x": 323.9176,
        "y": 99.4064
      },
      "id": "a18eb1d2-d76e-4301-8a84-39e66e89fe49",
      "name": "sitting",
      "properties": [],
      "slot_names": [
        "0"
      ]
    },
    {
      "bounding_box": {
        "h": 164.148,
        "w": 61.1732,
        "x": 434.5391,
        "y": 94.3087
      },
      "id": "7f8d4e59-f3d5-4e8e-9597-4b3570633934",
      "name": "sitting",
      "properties": [],
      "slot_names": [
        "0"
      ]
    }
  ],
  "properties": []
}