{
  "version": "2.0",
  "schema_ref": "https://darwin-public.s3.eu-west-1.amazonaws.com/darwin_json/2.0/schema.json",
  "item": {
    "name": "000000245448_standing.jpg",
    "path": "/",
    "source_info": {
      "item_id": "0195ee46-09b5-01c2-4103-24f6d1071c9c",
      "dataset": {
        "name": "DMDL-ASS1",
        "slug": "dmdl-ass1",
        "dataset_management_url": "https://darwin.v7labs.com/datasets/1669395/dataset-management"
      },
      "team": {
        "name": "Smart Agriculture ",
        "slug": "smart-agriculture"
      },
      "workview_url": "https://darwin.v7labs.com/workview?dataset=1669395&item=0195ee46-09b5-01c2-4103-24f6d1071c9c"
    },
    "slots": [
      {
        "type": "image",
        "slot_name": "0",
        "width": 640,
        "height": 480,
        "thumbnail_url": "https://darwin.v7labs.com/api/v2/teams/smart-agriculture/files/94f7239e-ccac-4f08-9249-903d2261c51c/thumbnail",
        "source_files": [
          {
            "file_name": "000000245448_standing.jpg",
            "url": "https://darwin.v7labs.com/api/v2/teams/smart-agriculture/uploads/c7992873-0520-4282-b82f-1dc97f224267"
          }
        ]
      }
    ]
  },
  "annotations": [
    {
      "bounding_box": {
        "h": 236.648,
        "w": 77.095,
        "x": 63.2402,
        "y": 139.4413
      },
      "id": "8588ddfe-899f-454d-87c8-bda452017db5",
      "name": "standing",
      "properties": [],
      "slot_names": [
        "0"
      ]
    },
    {
      "bounding_box": {
        "h": 305.6983,
        "w": 122.6816,
        "x": 157.7654,
        "y": 117.9888
      },
      "id": "9be80805-266e-43ae-bfdd-c93c0343fe04",
      "name": "standing",
      "properties": [],
      "slot_names": [
        "0"
      ]
    },
    {
      "bounding_box": {
        "h": 142.7933,
        "w": 67.0391,
        "x": 294.5251,
        "y": 130.0559
      },
      "id": "f9d8e0a6-4218-4d7b-b63e-0e24fffbe20a",
      "name": "standing",
      "properties": [],
      "slot_names": [
        "0"
      ]
    }
  ],
  "properties": []
}