{
  "version": "2.0",
  "schema_ref": "https://darwin-public.s3.eu-west-1.amazonaws.com/darwin_json/2.0/schema.json",
  "item": {
    "name": "000000273232_walking_running.jpg",
    "path": "/",
    "source_info": {
      "item_id": "0195ee46-09b8-0f3a-d250-03e975421d52",
      "dataset": {
        "name": "DMDL-ASS1",
        "slug": "dmdl-ass1",
        "dataset_management_url": "https://darwin.v7labs.com/datasets/1669395/dataset-management"
      },
      "team": {
        "name": "Smart Agriculture ",
        "slug": "smart-agriculture"
      },
      "workview_url": "https://darwin.v7labs.com/workview?dataset=1669395&item=0195ee46-09b8-0f3a-d250-03e975421d52"
    },
    "slots": [
      {
        "type": "image",
        "slot_name": "0",
        "width": 640,
        "height": 425,
        "thumbnail_url": "https://darwin.v7labs.com/api/v2/teams/smart-agriculture/files/9e27adbe-ffa4-45ae-ad07-d87867db6b9d/thumbnail",
        "source_files": [
          {
            "file_name": "000000273232_walking_running.jpg",
            "url": "https://darwin.v7labs.com/api/v2/teams/smart-agriculture/uploads/c7fb010a-bd5a-4ca6-b01a-44fb421b5495"
          }
        ]
      }
    ]
  },
  "annotations": [
    {
      "bounding_box": {
        "h": 223.1844,
        "w": 143.6453,
        "x": 171.0126,
        "y": 169.7626
      },
      "id": "20ce75c5-70a2-4c1e-96a8-757bc230899d",
      "name": "walking_running",
      "properties": [],
      "slot_names": [
        "0"
      ]
    }
  ],
  "properties": []
}