{
  "version": "2.0",
  "schema_ref": "https://darwin-public.s3.eu-west-1.amazonaws.com/darwin_json/2.0/schema.json",
  "item": {
    "name": "000000455157_sitting.jpg",
    "path": "/",
    "source_info": {
      "item_id": "0195ee46-09c1-9397-7085-0668c9300a28",
      "dataset": {
        "name": "DMDL-ASS1",
        "slug": "dmdl-ass1",
        "dataset_management_url": "https://darwin.v7labs.com/datasets/1669395/dataset-management"
      },
      "team": {
        "name": "Smart Agriculture ",
        "slug": "smart-agriculture"
      },
      "workview_url": "https://darwin.v7labs.com/workview?dataset=1669395&item=0195ee46-09c1-9397-7085-0668c9300a28"
    },
    "slots": [
      {
        "type": "image",
        "slot_name": "0",
        "width": 640,
        "height": 640,
        "thumbnail_url": "https://darwin.v7labs.com/api/v2/teams/smart-agriculture/files/5b49df0f-de23-4849-a936-7f0a54b0b0ff/thumbnail",
        "source_files": [
          {
            "file_name": "000000455157_sitting.jpg",
            "url": "https://darwin.v7labs.com/api/v2/teams/smart-agriculture/uploads/91964e57-82ce-4c4c-990a-e558d72b53b4"
          }
        ]
      }
    ]
  },
  "annotations": [
    {
      "bounding_box": {
        "h": 344.1341,
        "w": 188.6034,
        "x": 152.8492,
        "y": 156.4246
      },
      "id": "847eb872-6759-41ff-bc15-1f339f3e9d70",
      "name": "sitting",
      "properties": [],
      "slot_names": [
        "0"
      ]
    }
  ],
  "properties": []
}