{
  "version": "2.0",
  "schema_ref": "https://darwin-public.s3.eu-west-1.amazonaws.com/darwin_json/2.0/schema.json",
  "item": {
    "name": "000000163562_standing.jpg",
    "path": "/",
    "source_info": {
      "item_id": "0195ee46-09b1-e4aa-63dd-a8f33ea7f9ea",
      "dataset": {
        "name": "DMDL-ASS1",
        "slug": "dmdl-ass1",
        "dataset_management_url": "https://darwin.v7labs.com/datasets/1669395/dataset-management"
      },
      "team": {
        "name": "Smart Agriculture ",
        "slug": "smart-agriculture"
      },
      "workview_url": "https://darwin.v7labs.com/workview?dataset=1669395&item=0195ee46-09b1-e4aa-63dd-a8f33ea7f9ea"
    },
    "slots": [
      {
        "type": "image",
        "slot_name": "0",
        "width": 500,
        "height": 333,
        "thumbnail_url": "https://darwin.v7labs.com/api/v2/teams/smart-agriculture/files/b6e68e85-7bc0-42aa-b96d-150e88af646e/thumbnail",
        "source_files": [
          {
            "file_name": "000000163562_standing.jpg",
            "url": "https://darwin.v7labs.com/api/v2/teams/smart-agriculture/uploads/945660dc-5fa1-4c51-ae80-d7cf408992d9"
          }
        ]
      }
    ]
  },
  "annotations": [
    {
      "bounding_box": {
        "h": 322.7682,
        "w": 247.4246,
        "x": 150.4721,
        "y": 0.9302
      },
      "id": "4304f957-8dbb-46ea-906c-4f81a6414a62",
      "name": "standing",
      "properties": [],
      "slot_names": [
        "0"
      ]
    }
  ],
  "properties": []
}