{
  "version": "2.0",
  "schema_ref": "https://darwin-public.s3.eu-west-1.amazonaws.com/darwin_json/2.0/schema.json",
  "item": {
    "name": "000000567640_walking_running.jpg",
    "path": "/",
    "source_info": {
      "item_id": "0195ee46-09c6-d1af-5f45-4d99d24b69c1",
      "dataset": {
        "name": "DMDL-ASS1",
        "slug": "dmdl-ass1",
        "dataset_management_url": "https://darwin.v7labs.com/datasets/1669395/dataset-management"
      },
      "team": {
        "name": "Smart Agriculture ",
        "slug": "smart-agriculture"
      },
      "workview_url": "https://darwin.v7labs.com/workview?dataset=1669395&item=0195ee46-09c6-d1af-5f45-4d99d24b69c1"
    },
    "slots": [
      {
        "type": "image",
        "slot_name": "0",
        "width": 640,
        "height": 425,
        "thumbnail_url": "https://darwin.v7labs.com/api/v2/teams/smart-agriculture/files/deed118e-e1e3-4d83-aa13-5556fa92d1e4/thumbnail",
        "source_files": [
          {
            "file_name": "000000567640_walking_running.jpg",
            "url": "https://darwin.v7labs.com/api/v2/teams/smart-agriculture/uploads/124b2ad2-e690-4051-bc76-a6ab085ecbdf"
          }
        ]
      }
    ]
  },
  "annotations": [
    {
      "bounding_box": {
        "h": 356.7388,
        "w": 494.4483,
        "x": -1.7179,
        "y": 52.8282
      },
      "id": "4723b632-c886-469d-bd30-4eeaf5ff5bcf",
      "name": "walking_running",
      "properties": [],
      "slot_names": [
        "0"
      ]
    }
  ],
  "properties": []
}