{
  "version": "2.0",
  "schema_ref": "https://darwin-public.s3.eu-west-1.amazonaws.com/darwin_json/2.0/schema.json",
  "item": {
    "name": "000000397303_sitting.jpg",
    "path": "/",
    "source_info": {
      "item_id": "0195ee46-09be-97d5-b751-f24b58973b00",
      "dataset": {
        "name": "DMDL-ASS1",
        "slug": "dmdl-ass1",
        "dataset_management_url": "https://darwin.v7labs.com/datasets/1669395/dataset-management"
      },
      "team": {
        "name": "Smart Agriculture ",
        "slug": "smart-agriculture"
      },
      "workview_url": "https://darwin.v7labs.com/workview?dataset=1669395&item=0195ee46-09be-97d5-b751-f24b58973b00"
    },
    "slots": [
      {
        "type": "image",
        "slot_name": "0",
        "width": 640,
        "height": 480,
        "thumbnail_url": "https://darwin.v7labs.com/api/v2/teams/smart-agriculture/files/8bd4998f-8da8-4ab7-b8da-45ab7349839a/thumbnail",
        "source_files": [
          {
            "file_name": "000000397303_sitting.jpg",
            "url": "https://darwin.v7labs.com/api/v2/teams/smart-agriculture/uploads/1bc57b49-5bb2-4091-ab25-3d04a9de5fff"
          }
        ]
      }
    ]
  },
  "annotations": [
    {
      "bounding_box": {
        "h": 203.1285,
        "w": 144.8045,
        "x": 228.8268,
        "y": 184.3575
      },
      "id": "b99db199-74d6-46f5-8f5c-831b933f0b5c",
      "name": "sitting",
      "properties": [],
      "slot_names": [
        "0"
      ]
    }
  ],
  "properties": []
}