{
  "version": "2.0",
  "schema_ref": "https://darwin-public.s3.eu-west-1.amazonaws.com/darwin_json/2.0/schema.json",
  "item": {
    "name": "000000223188_sitting.jpg",
    "path": "/",
    "source_info": {
      "item_id": "0195ee46-09b5-4c67-db9c-c342d789748e",
      "dataset": {
        "name": "DMDL-ASS1",
        "slug": "dmdl-ass1",
        "dataset_management_url": "https://darwin.v7labs.com/datasets/1669395/dataset-management"
      },
      "team": {
        "name": "Smart Agriculture ",
        "slug": "smart-agriculture"
      },
      "workview_url": "https://darwin.v7labs.com/workview?dataset=1669395&item=0195ee46-09b5-4c67-db9c-c342d789748e"
    },
    "slots": [
      {
        "type": "image",
        "slot_name": "0",
        "width": 427,
        "height": 640,
        "thumbnail_url": "https://darwin.v7labs.com/api/v2/teams/smart-agriculture/files/ea22d11e-10ef-4a10-97e4-e1952529df73/thumbnail",
        "source_files": [
          {
            "file_name": "000000223188_sitting.jpg",
            "url": "https://darwin.v7labs.com/api/v2/teams/smart-agriculture/uploads/ae14d1f2-79e4-4e9a-8f8d-ceeeffb354bb"
          }
        ]
      }
    ]
  },
  "annotations": [
    {
      "bounding_box": {
        "h": 522.905,
        "w": 322.6816,
        "x": 65.1201,
        "y": 70.6145
      },
      "id": "a7c40780-5b43-47ed-9918-e973207123de",
      "name": "sitting",
      "properties": [],
      "slot_names": [
        "0"
      ]
    }
  ],
  "properties": []
}