{
  "version": "2.0",
  "schema_ref": "https://darwin-public.s3.eu-west-1.amazonaws.com/darwin_json/2.0/schema.json",
  "item": {
    "name": "000000491090_sitting.jpg",
    "path": "/",
    "source_info": {
      "item_id": "0195ee46-09c4-d876-0c9f-372021b10747",
      "dataset": {
        "name": "DMDL-ASS1",
        "slug": "dmdl-ass1",
        "dataset_management_url": "https://darwin.v7labs.com/datasets/1669395/dataset-management"
      },
      "team": {
        "name": "Smart Agriculture ",
        "slug": "smart-agriculture"
      },
      "workview_url": "https://darwin.v7labs.com/workview?dataset=1669395&item=0195ee46-09c4-d876-0c9f-372021b10747"
    },
    "slots": [
      {
        "type": "image",
        "slot_name": "0",
        "width": 478,
        "height": 640,
        "thumbnail_url": "https://darwin.v7labs.com/api/v2/teams/smart-agriculture/files/9d0ea20e-6269-4138-b386-df5f6084041a/thumbnail",
        "source_files": [
          {
            "file_name": "000000491090_sitting.jpg",
            "url": "https://darwin.v7labs.com/api/v2/teams/smart-agriculture/uploads/72850edb-a402-47cd-8eda-d765add6e0ab"
          }
        ]
      }
    ]
  },
  "annotations": [
    {
      "bounding_box": {
        "h": 437.095,
        "w": 207.3743,
        "x": 129.0559,
        "y": 57.2067
      },
      "id": "67b8c337-9bb0-4da3-b031-b55c6c85dd65",
      "name": "sitting",
      "properties": [],
      "slot_names": [
        "0"
      ]
    }
  ],
  "properties": []
}