{
  "version": "2.0",
  "schema_ref": "https://darwin-public.s3.eu-west-1.amazonaws.com/darwin_json/2.0/schema.json",
  "item": {
    "name": "000000365642_sitting.jpg",
    "path": "/",
    "source_info": {
      "item_id": "0195ee46-09bc-848c-da25-35da470a3722",
      "dataset": {
        "name": "DMDL-ASS1",
        "slug": "dmdl-ass1",
        "dataset_management_url": "https://darwin.v7labs.com/datasets/1669395/dataset-management"
      },
      "team": {
        "name": "Smart Agriculture ",
        "slug": "smart-agriculture"
      },
      "workview_url": "https://darwin.v7labs.com/workview?dataset=1669395&item=0195ee46-09bc-848c-da25-35da470a3722"
    },
    "slots": [
      {
        "type": "image",
        "slot_name": "0",
        "width": 426,
        "height": 640,
        "thumbnail_url": "https://darwin.v7labs.com/api/v2/teams/smart-agriculture/files/0494194e-e767-4721-be64-709fb275234a/thumbnail",
        "source_files": [
          {
            "file_name": "000000365642_sitting.jpg",
            "url": "https://darwin.v7labs.com/api/v2/teams/smart-agriculture/uploads/2175b00c-42ae-4d9b-a316-2dcf57aee164"
          }
        ]
      }
    ]
  },
  "annotations": [
    {
      "bounding_box": {
        "h": 496.9832,
        "w": 208.2682,
        "x": 99.4804,
        "y": 122.4581
      },
      "id": "c24b0fd4-b350-40ca-bddf-f9f04e730dac",
      "name": "sitting",
      "properties": [],
      "slot_names": [
        "0"
      ]
    }
  ],
  "properties": []
}