{
  "version": "2.0",
  "schema_ref": "https://darwin-public.s3.eu-west-1.amazonaws.com/darwin_json/2.0/schema.json",
  "item": {
    "name": "000000340451_sitting.jpg",
    "path": "/",
    "source_info": {
      "item_id": "0195ee46-09bb-1d7b-4dda-c55eb18518ed",
      "dataset": {
        "name": "DMDL-ASS1",
        "slug": "dmdl-ass1",
        "dataset_management_url": "https://darwin.v7labs.com/datasets/1669395/dataset-management"
      },
      "team": {
        "name": "Smart Agriculture ",
        "slug": "smart-agriculture"
      },
      "workview_url": "https://darwin.v7labs.com/workview?dataset=1669395&item=0195ee46-09bb-1d7b-4dda-c55eb18518ed"
    },
    "slots": [
      {
        "type": "image",
        "slot_name": "0",
        "width": 640,
        "height": 424,
        "thumbnail_url": "https://darwin.v7labs.com/api/v2/teams/smart-agriculture/files/71344f2e-1803-4fb0-90e4-d662145165de/thumbnail",
        "source_files": [
          {
            "file_name": "000000340451_sitting.jpg",
            "url": "https://darwin.v7labs.com/api/v2/teams/smart-agriculture/uploads/d45d9f23-d0c9-43bf-b2c3-4fd3c0eae9ce"
          }
        ]
      }
    ]
  },
  "annotations": [
    {
      "bounding_box": {
        "h": 347.6089,
        "w": 156.9274,
        "x": 243.0168,
        "y": 43.8212
      },
      "id": "04c5c0c5-8488-454f-89b6-9cf7f2912957",
      "name": "sitting",
      "properties": [],
      "slot_names": [
        "0"
      ]
    }
  ],
  "properties": []
}