{
  "version": "2.0",
  "schema_ref": "https://darwin-public.s3.eu-west-1.amazonaws.com/darwin_json/2.0/schema.json",
  "item": {
    "name": "000000253835_standing.jpg",
    "path": "/",
    "source_info": {
      "item_id": "0195ee46-09b7-d8a9-f7d8-8e565d4c70c6",
      "dataset": {
        "name": "DMDL-ASS1",
        "slug": "dmdl-ass1",
        "dataset_management_url": "https://darwin.v7labs.com/datasets/1669395/dataset-management"
      },
      "team": {
        "name": "Smart Agriculture ",
        "slug": "smart-agriculture"
      },
      "workview_url": "https://darwin.v7labs.com/workview?dataset=1669395&item=0195ee46-09b7-d8a9-f7d8-8e565d4c70c6"
    },
    "slots": [
      {
        "type": "image",
        "slot_name": "0",
        "width": 640,
        "height": 480,
        "thumbnail_url": "https://darwin.v7labs.com/api/v2/teams/smart-agriculture/files/e70844bf-9b0f-4526-9b2d-cd677c53dfb9/thumbnail",
        "source_files": [
          {
            "file_name": "000000253835_standing.jpg",
            "url": "https://darwin.v7labs.com/api/v2/teams/smart-agriculture/uploads/97e62792-53c8-401e-a489-1c1378c509d3"
          }
        ]
      }
    ]
  },
  "annotations": [
    {
      "bounding_box": {
        "h": 335.1955,
        "w": 148.1564,
        "x": 460.7821,
        "y": 107.933
      },
      "id": "c0edf4be-ebce-4391-bde4-4ecbf0124b10",
      "name": "standing",
      "properties": [],
      "slot_names": [
        "0"
      ]
    }
  ],
  "properties": []
}