{
  "version": "2.0",
  "schema_ref": "https://darwin-public.s3.eu-west-1.amazonaws.com/darwin_json/2.0/schema.json",
  "item": {
    "name": "000000094326_sitting.jpg",
    "path": "/",
    "source_info": {
      "item_id": "0195ee46-09af-2dd3-b621-611d28c1c112",
      "dataset": {
        "name": "DMDL-ASS1",
        "slug": "dmdl-ass1",
        "dataset_management_url": "https://darwin.v7labs.com/datasets/1669395/dataset-management"
      },
      "team": {
        "name": "Smart Agriculture ",
        "slug": "smart-agriculture"
      },
      "workview_url": "https://darwin.v7labs.com/workview?dataset=1669395&item=0195ee46-09af-2dd3-b621-611d28c1c112"
    },
    "slots": [
      {
        "type": "image",
        "slot_name": "0",
        "width": 375,
        "height": 500,
        "thumbnail_url": "https://darwin.v7labs.com/api/v2/teams/smart-agriculture/files/a5f30aab-eeb8-4a4d-a129-09425a90a3a8/thumbnail",
        "source_files": [
          {
            "file_name": "000000094326_sitting.jpg",
            "url": "https://darwin.v7labs.com/api/v2/teams/smart-agriculture/uploads/a9cdcbd7-ed9e-46a7-9ae4-94348e3884be"
          }
        ]
      }
    ]
  },
  "annotations": [
    {
      "bounding_box": {
        "h": 293.2961,
        "w": 163.4078,
        "x": 49.9302,
        "y": 131.9832
      },
      "id": "bd3519a1-783b-421d-99cd-845d72fb5497",
      "name": "sitting",
      "properties": [],
      "slot_names": [
        "0"
      ]
    }
  ],
  "properties": []
}