{
  "version": "2.0",
  "schema_ref": "https://darwin-public.s3.eu-west-1.amazonaws.com/darwin_json/2.0/schema.json",
  "item": {
    "name": "000000023126_walking_running.jpg",
    "path": "/",
    "source_info": {
      "item_id": "0195ee46-09ad-ee3f-40b9-fe5abd8b5793",
      "dataset": {
        "name": "DMDL-ASS1",
        "slug": "dmdl-ass1",
        "dataset_management_url": "https://darwin.v7labs.com/datasets/1669395/dataset-management"
      },
      "team": {
        "name": "Smart Agriculture ",
        "slug": "smart-agriculture"
      },
      "workview_url": "https://darwin.v7labs.com/workview?dataset=1669395&item=0195ee46-09ad-ee3f-40b9-fe5abd8b5793"
    },
    "slots": [
      {
        "type": "image",
        "slot_name": "0",
        "width": 640,
        "height": 428,
        "thumbnail_url": "https://darwin.v7labs.com/api/v2/teams/smart-agriculture/files/7c4ac354-4fd8-468f-a1d1-19f5e9090c31/thumbnail",
        "source_files": [
          {
            "file_name": "000000023126_walking_running.jpg",
            "url": "https://darwin.v7labs.com/api/v2/teams/smart-agriculture/uploads/9bfc00d3-c35d-44c3-89ce-96a98f237a57"
          }
        ]
      }
    ]
  },
  "annotations": [
    {
      "bounding_box": {
        "h": 356.2682,
        "w": 122.5419,
        "x": 149.6369,
        "y": 5.3799
      },
      "id": "5ff92202-159e-423c-9021-aa004454b6f4",
      "name": "walking_running",
      "properties": [],
      "slot_names": [
        "0"
      ]
    }
  ],
  "properties": []
}