{
  "version": "2.0",
  "schema_ref": "https://darwin-public.s3.eu-west-1.amazonaws.com/darwin_json/2.0/schema.json",
  "item": {
    "name": "000000512985_walking_running.jpg",
    "path": "/",
    "source_info": {
      "item_id": "0195ee46-09c5-da7b-af17-9f4079a2dd01",
      "dataset": {
        "name": "DMDL-ASS1",
        "slug": "dmdl-ass1",
        "dataset_management_url": "https://darwin.v7labs.com/datasets/1669395/dataset-management"
      },
      "team": {
        "name": "Smart Agriculture ",
        "slug": "smart-agriculture"
      },
      "workview_url": "https://darwin.v7labs.com/workview?dataset=1669395&item=0195ee46-09c5-da7b-af17-9f4079a2dd01"
    },
    "slots": [
      {
        "type": "image",
        "slot_name": "0",
        "width": 640,
        "height": 480,
        "thumbnail_url": "https://darwin.v7labs.com/api/v2/teams/smart-agriculture/files/5531a915-e118-44be-ac32-0f3730d74abe/thumbnail",
        "source_files": [
          {
            "file_name": "000000512985_walking_running.jpg",
            "url": "https://darwin.v7labs.com/api/v2/teams/smart-agriculture/uploads/6aa97d5f-420a-4722-8efc-16610977f009"
          }
        ]
      }
    ]
  },
  "annotations": [
    {
      "bounding_box": {
        "h": 215.1955,
        "w": 87.8212,
        "x": 420.5587,
        "y": 117.9888
      },
      "id": "bcb5a3c1-c091-41e2-a0fa-4865b266edc4",
      "name": "walking_running",
      "properties": [],
      "slot_names": [
        "0"
      ]
    }
  ],
  "properties": []
}