{
  "version": "2.0",
  "schema_ref": "https://darwin-public.s3.eu-west-1.amazonaws.com/darwin_json/2.0/schema.json",
  "item": {
    "name": "000000442746_standing.jpg",
    "path": "/",
    "source_info": {
      "item_id": "0195ee46-09c1-5c23-5df6-adeaf9d011d3",
      "dataset": {
        "name": "DMDL-ASS1",
        "slug": "dmdl-ass1",
        "dataset_management_url": "https://darwin.v7labs.com/datasets/1669395/dataset-management"
      },
      "team": {
        "name": "Smart Agriculture ",
        "slug": "smart-agriculture"
      },
      "workview_url": "https://darwin.v7labs.com/workview?dataset=1669395&item=0195ee46-09c1-5c23-5df6-adeaf9d011d3"
    },
    "slots": [
      {
        "type": "image",
        "slot_name": "0",
        "width": 500,
        "height": 375,
        "thumbnail_url": "https://darwin.v7labs.com/api/v2/teams/smart-agriculture/files/8e790805-32a4-4450-8e3d-abb13415d849/thumbnail",
        "source_files": [
          {
            "file_name": "000000442746_standing.jpg",
            "url": "https://darwin.v7labs.com/api/v2/teams/smart-agriculture/uploads/779ec398-312e-46e9-b9dc-973efc85324f"
          }
        ]
      }
    ]
  },
  "annotations": [
    {
      "bounding_box": {
        "h": 130.9358,
        "w": 59.183,
        "x": 175.1047,
        "y": 103.1774
      },
      "id": "ed771bb6-173a-4232-b496-71e736e8d05e",
      "name": "standing",
      "properties": [],
      "slot_names": [
        "0"
      ]
    }
  ],
  "properties": []
}