{
  "version": "2.0",
  "schema_ref": "https://darwin-public.s3.eu-west-1.amazonaws.com/darwin_json/2.0/schema.json",
  "item": {
    "name": "000000577959_walking_running.jpg",
    "path": "/",
    "source_info": {
      "item_id": "0195ee46-09c7-a934-6763-36091679ca6d",
      "dataset": {
        "name": "DMDL-ASS1",
        "slug": "dmdl-ass1",
        "dataset_management_url": "https://darwin.v7labs.com/datasets/1669395/dataset-management"
      },
      "team": {
        "name": "Smart Agriculture ",
        "slug": "smart-agriculture"
      },
      "workview_url": "https://darwin.v7labs.com/workview?dataset=1669395&item=0195ee46-09c7-a934-6763-36091679ca6d"
    },
    "slots": [
      {
        "type": "image",
        "slot_name": "0",
        "width": 640,
        "height": 427,
        "thumbnail_url": "https://darwin.v7labs.com/api/v2/teams/smart-agriculture/files/c7272647-db6f-4e91-a8bf-3149303ac40a/thumbnail",
        "source_files": [
          {
            "file_name": "000000577959_walking_running.jpg",
            "url": "https://darwin.v7labs.com/api/v2/teams/smart-agriculture/uploads/93878da0-5bce-4063-8df6-12e893ab395b"
          }
        ]
      }
    ]
  },
  "annotations": [
    {
      "bounding_box": {
        "h": 38.1676,
        "w": 20.2765,
        "x": 198.3408,
        "y": 276.1187
      },
      "id": "5ae016b4-71fc-44a2-89b3-78ed13b75342",
      "name": "walking_running",
      "properties": [],
      "slot_names": [
        "0"
      ]
    }
  ],
  "properties": []
}