{
  "version": "2.0",
  "schema_ref": "https://darwin-public.s3.eu-west-1.amazonaws.com/darwin_json/2.0/schema.json",
  "item": {
    "name": "000000151657_standing.jpg",
    "path": "/",
    "source_info": {
      "item_id": "0195ee46-09b1-957b-a610-e12ad69c2ddd",
      "dataset": {
        "name": "DMDL-ASS1",
        "slug": "dmdl-ass1",
        "dataset_management_url": "https://darwin.v7labs.com/datasets/1669395/dataset-management"
      },
      "team": {
        "name": "Smart Agriculture ",
        "slug": "smart-agriculture"
      },
      "workview_url": "https://darwin.v7labs.com/workview?dataset=1669395&item=0195ee46-09b1-957b-a610-e12ad69c2ddd"
    },
    "slots": [
      {
        "type": "image",
        "slot_name": "0",
        "width": 385,
        "height": 640,
        "thumbnail_url": "https://darwin.v7labs.com/api/v2/teams/smart-agriculture/files/2aa72510-8eae-4d21-a326-9e9c747771c6/thumbnail",
        "source_files": [
          {
            "file_name": "000000151657_standing.jpg",
            "url": "https://darwin.v7labs.com/api/v2/teams/smart-agriculture/uploads/d7c0437f-2b66-4dac-bd20-8d8cf8da920f"
          }
        ]
      }
    ]
  },
  "annotations": [
    {
      "bounding_box": {
        "h": 618.5475,
        "w": 336.9832,
        "x": 11.0475,
        "y": 7.1508
      },
      "id": "e9e0ca62-797f-448a-bdfe-5a2c0bb1c50f",
      "name": "standing",
      "properties": [],
      "slot_names": [
        "0"
      ]
    }
  ],
  "properties": []
}