{
  "version": "2.0",
  "schema_ref": "https://darwin-public.s3.eu-west-1.amazonaws.com/darwin_json/2.0/schema.json",
  "item": {
    "name": "000000377239_standing.jpg",
    "path": "/",
    "source_info": {
      "item_id": "0195ee46-09bd-f2ea-0cba-d7e9cd1cbdb4",
      "dataset": {
        "name": "DMDL-ASS1",
        "slug": "dmdl-ass1",
        "dataset_management_url": "https://darwin.v7labs.com/datasets/1669395/dataset-management"
      },
      "team": {
        "name": "Smart Agriculture ",
        "slug": "smart-agriculture"
      },
      "workview_url": "https://darwin.v7labs.com/workview?dataset=1669395&item=0195ee46-09bd-f2ea-0cba-d7e9cd1cbdb4"
    },
    "slots": [
      {
        "type": "image",
        "slot_name": "0",
        "width": 640,
        "height": 427,
        "thumbnail_url": "https://darwin.v7labs.com/api/v2/teams/smart-agriculture/files/985b98b4-16ef-40f6-aa17-8d96af3b7218/thumbnail",
        "source_files": [
          {
            "file_name": "000000377239_standing.jpg",
            "url": "https://darwin.v7labs.com/api/v2/teams/smart-agriculture/uploads/b31e3769-1dc2-4aad-a727-dff906031007"
          }
        ]
      }
    ]
  },
  "annotations": [
    {
      "bounding_box": {
        "h": 261.8059,
        "w": 209.3254,
        "x": 309.2654,
        "y": 161.0196
      },
      "id": "69d33865-2ba9-47ae-b171-1b3aae775a27",
      "name": "standing",
      "properties": [],
      "slot_names": [
        "0"
      ]
    },
    {
      "bounding_box": {
        "h": 246.3003,
        "w": 90.0517,
        "x": 87.4162,
        "y": 157.4413
      },
      "id": "898c521f-9e6e-4161-aef9-ec819befb9ba",
      "name": "standing",
      "properties": [],
      "slot_names": [
        "0"
      ]
    },
    {
      "bounding_box": {
        "h": 267.1732,
        "w": 58.4441,
        "x": 0.3464,
        "y": 153.8631
      },
      "id": "0a6d8a22-9702-40ff-8408-96a84b705a5e",
      "name": "standing",
      "properties": [],
      "slot_names": [
        "0"
      ]
    }
  ],
  "properties": []
}