{
  "version": "2.0",
  "schema_ref": "https://darwin-public.s3.eu-west-1.amazonaws.com/darwin_json/2.0/schema.json",
  "item": {
    "name": "000000413395_sitting.jpg",
    "path": "/",
    "source_info": {
      "item_id": "0195ee46-09bf-c8ea-4f2d-3d82b760349a",
      "dataset": {
        "name": "DMDL-ASS1",
        "slug": "dmdl-ass1",
        "dataset_management_url": "https://darwin.v7labs.com/datasets/1669395/dataset-management"
      },
      "team": {
        "name": "Smart Agriculture ",
        "slug": "smart-agriculture"
      },
      "workview_url": "https://darwin.v7labs.com/workview?dataset=1669395&item=0195ee46-09bf-c8ea-4f2d-3d82b760349a"
    },
    "slots": [
      {
        "type": "image",
        "slot_name": "0",
        "width": 640,
        "height": 421,
        "thumbnail_url": "https://darwin.v7labs.com/api/v2/teams/smart-agriculture/files/2dcbd8ff-a97d-42ca-9c32-d1465e13e7ef/thumbnail",
        "source_files": [
          {
            "file_name": "000000413395_sitting.jpg",
            "url": "https://darwin.v7labs.com/api/v2/teams/smart-agriculture/uploads/60d2e124-5dba-4521-b953-5b5ad1825e41"
          }
        ]
      }
    ]
  },
  "annotations": [
    {
      "bounding_box": {
        "h": 385.7207,
        "w": 403.3603,
        "x": 227.0978,
        "y": 19.9916
      },
      "id": "1abeb5ad-1949-46e7-9282-f270c54dc7f7",
      "name": "sitting",
      "properties": [],
      "slot_names": [
        "0"
      ]
    }
  ],
  "properties": []
}