{
  "version": "2.0",
  "schema_ref": "https://darwin-public.s3.eu-west-1.amazonaws.com/darwin_json/2.0/schema.json",
  "item": {
    "name": "000000140203_walking_running.jpg",
    "path": "/",
    "source_info": {
      "item_id": "0195ee46-09b1-6f22-15c1-e20c4189efc1",
      "dataset": {
        "name": "DMDL-ASS1",
        "slug": "dmdl-ass1",
        "dataset_management_url": "https://darwin.v7labs.com/datasets/1669395/dataset-management"
      },
      "team": {
        "name": "Smart Agriculture ",
        "slug": "smart-agriculture"
      },
      "workview_url": "https://darwin.v7labs.com/workview?dataset=1669395&item=0195ee46-09b1-6f22-15c1-e20c4189efc1"
    },
    "slots": [
      {
        "type": "image",
        "slot_name": "0",
        "width": 640,
        "height": 480,
        "thumbnail_url": "https://darwin.v7labs.com/api/v2/teams/smart-agriculture/files/7a6ca0e7-9ce0-4282-866a-014ed1b6ea89/thumbnail",
        "source_files": [
          {
            "file_name": "000000140203_walking_running.jpg",
            "url": "https://darwin.v7labs.com/api/v2/teams/smart-agriculture/uploads/bb9a9eec-cf96-4aca-ab52-29eae48d49c1"
          }
        ]
      }
    ]
  },
  "annotations": [
    {
      "bounding_box": {
        "h": 238.6592,
        "w": 78.4358,
        "x": 507.7095,
        "y": 17.4302
      },
      "id": "db4a87ab-7198-4b34-9740-668bb58a5aad",
      "name": "walking_running",
      "properties": [],
      "slot_names": [
        "0"
      ]
    }
  ],
  "properties": []
}