{
  "version": "2.0",
  "schema_ref": "https://darwin-public.s3.eu-west-1.amazonaws.com/darwin_json/2.0/schema.json",
  "item": {
    "name": "000000103548_walking_running.jpg",
    "path": "/",
    "source_info": {
      "item_id": "0195ee46-09af-7abc-50d9-0471a5ec80d1",
      "dataset": {
        "name": "DMDL-ASS1",
        "slug": "dmdl-ass1",
        "dataset_management_url": "https://darwin.v7labs.com/datasets/1669395/dataset-management"
      },
      "team": {
        "name": "Smart Agriculture ",
        "slug": "smart-agriculture"
      },
      "workview_url": "https://darwin.v7labs.com/workview?dataset=1669395&item=0195ee46-09af-7abc-50d9-0471a5ec80d1"
    },
    "slots": [
      {
        "type": "image",
        "slot_name": "0",
        "width": 640,
        "height": 480,
        "thumbnail_url": "https://darwin.v7labs.com/api/v2/teams/smart-agriculture/files/e13cfe74-a583-4572-8d4f-b902b0e0f8df/thumbnail",
        "source_files": [
          {
            "file_name": "000000103548_walking_running.jpg",
            "url": "https://darwin.v7labs.com/api/v2/teams/smart-agriculture/uploads/b40b9d50-6ddc-4269-93f6-896fbb0da841"
          }
        ]
      }
    ]
  },
  "annotations": [
    {
      "bounding_box": {
        "h": 97.8771,
        "w": 41.5642,
        "x": 533.1844,
        "y": 207.8212
      },
      "id": "e5bdc41e-f603-4c9c-9ac1-048f264016fb",
      "name": "walking_running",
      "properties": [],
      "slot_names": [
        "0"
      ]
    }
  ],
  "properties": []
}