{
  "version": "2.0",
  "schema_ref": "https://darwin-public.s3.eu-west-1.amazonaws.com/darwin_json/2.0/schema.json",
  "item": {
    "name": "000000569030_standing.jpg",
    "path": "/",
    "source_info": {
      "item_id": "0195ee46-09c6-329e-2c19-6c060cb761f8",
      "dataset": {
        "name": "DMDL-ASS1",
        "slug": "dmdl-ass1",
        "dataset_management_url": "https://darwin.v7labs.com/datasets/1669395/dataset-management"
      },
      "team": {
        "name": "Smart Agriculture ",
        "slug": "smart-agriculture"
      },
      "workview_url": "https://darwin.v7labs.com/workview?dataset=1669395&item=0195ee46-09c6-329e-2c19-6c060cb761f8"
    },
    "slots": [
      {
        "type": "image",
        "slot_name": "0",
        "width": 500,
        "height": 375,
        "thumbnail_url": "https://darwin.v7labs.com/api/v2/teams/smart-agriculture/files/b8eea402-5d31-42d5-9009-217b9e28bacf/thumbnail",
        "source_files": [
          {
            "file_name": "000000569030_standing.jpg",
            "url": "https://darwin.v7labs.com/api/v2/teams/smart-agriculture/uploads/73523d22-4e5a-4074-af7e-fe1009beb595"
          }
        ]
      }
    ]
  },
  "annotations": [
    {
      "bounding_box": {
        "h": 219.4483,
        "w": 100.0349,
        "x": 27.4092,
        "y": 61.8017
      },
      "id": "6887d047-014f-4a9a-9eca-d5422d2f3966",
      "name": "standing",
      "properties": [],
      "slot_names": [
        "0"
      ]
    }
  ],
  "properties": []
}