{
  "version": "2.0",
  "schema_ref": "https://darwin-public.s3.eu-west-1.amazonaws.com/darwin_json/2.0/schema.json",
  "item": {
    "name": "000000474293_walking_running.jpg",
    "path": "/",
    "source_info": {
      "item_id": "0195ee46-09c2-3b8c-9ad5-4284265db95a",
      "dataset": {
        "name": "DMDL-ASS1",
        "slug": "dmdl-ass1",
        "dataset_management_url": "https://darwin.v7labs.com/datasets/1669395/dataset-management"
      },
      "team": {
        "name": "Smart Agriculture ",
        "slug": "smart-agriculture"
      },
      "workview_url": "https://darwin.v7labs.com/workview?dataset=1669395&item=0195ee46-09c2-3b8c-9ad5-4284265db95a"
    },
    "slots": [
      {
        "type": "image",
        "slot_name": "0",
        "width": 640,
        "height": 480,
        "thumbnail_url": "https://darwin.v7labs.com/api/v2/teams/smart-agriculture/files/7ea98db5-08d5-4d45-a596-aa2fc09552dc/thumbnail",
        "source_files": [
          {
            "file_name": "000000474293_walking_running.jpg",
            "url": "https://darwin.v7labs.com/api/v2/teams/smart-agriculture/uploads/a9ce45d1-8955-428d-a3d0-3da8975fba35"
          }
        ]
      }
    ]
  },
  "annotations": [
    {
      "bounding_box": {
        "h": 221.8994,
        "w": 90.5028,
        "x": 541.2291,
        "y": 252.7374
      },
      "id": "c789e569-85d0-49be-a942-d1eb3693029a",
      "name": "walking_running",
      "properties": [],
      "slot_names": [
        "0"
      ]
    }
  ],
  "properties": []
}