{
  "version": "2.0",
  "schema_ref": "https://darwin-public.s3.eu-west-1.amazonaws.com/darwin_json/2.0/schema.json",
  "item": {
    "name": "000000125257_walking_running.jpg",
    "path": "/",
    "source_info": {
      "item_id": "0195ee46-09b0-ed9e-bd60-0140cf6fbd29",
      "dataset": {
        "name": "DMDL-ASS1",
        "slug": "dmdl-ass1",
        "dataset_management_url": "https://darwin.v7labs.com/datasets/1669395/dataset-management"
      },
      "team": {
        "name": "Smart Agriculture ",
        "slug": "smart-agriculture"
      },
      "workview_url": "https://darwin.v7labs.com/workview?dataset=1669395&item=0195ee46-09b0-ed9e-bd60-0140cf6fbd29"
    },
    "slots": [
      {
        "type": "image",
        "slot_name": "0",
        "width": 640,
        "height": 480,
        "thumbnail_url": "https://darwin.v7labs.com/api/v2/teams/smart-agriculture/files/a0f44df3-80ca-4c35-99ce-10fd6987cb65/thumbnail",
        "source_files": [
          {
            "file_name": "000000125257_walking_running.jpg",
            "url": "https://darwin.v7labs.com/api/v2/teams/smart-agriculture/uploads/c2de2625-a265-42cf-bb0a-475434745a8c"
          }
        ]
      }
    ]
  },
  "annotations": [
    {
      "bounding_box": {
        "h": 159.5531,
        "w": 69.0503,
        "x": 336.0894,
        "y": 83.7989
      },
      "id": "8e8502d6-41d7-49d2-93d5-5e8c25b000bd",
      "name": "walking_running",
      "properties": [],
      "slot_names": [
        "0"
      ]
    }
  ],
  "properties": []
}