{
  "version": "2.0",
  "schema_ref": "https://darwin-public.s3.eu-west-1.amazonaws.com/darwin_json/2.0/schema.json",
  "item": {
    "name": "000000308793_walking_running.jpg",
    "path": "/",
    "source_info": {
      "item_id": "0195ee46-09ba-0105-bf7d-4c45290d6fc4",
      "dataset": {
        "name": "DMDL-ASS1",
        "slug": "dmdl-ass1",
        "dataset_management_url": "https://darwin.v7labs.com/datasets/1669395/dataset-management"
      },
      "team": {
        "name": "Smart Agriculture ",
        "slug": "smart-agriculture"
      },
      "workview_url": "https://darwin.v7labs.com/workview?dataset=1669395&item=0195ee46-09ba-0105-bf7d-4c45290d6fc4"
    },
    "slots": [
      {
        "type": "image",
        "slot_name": "0",
        "width": 640,
        "height": 480,
        "thumbnail_url": "https://darwin.v7labs.com/api/v2/teams/smart-agriculture/files/0f79663c-64f1-4c05-8cc0-bd8162397dd3/thumbnail",
        "source_files": [
          {
            "file_name": "000000308793_walking_running.jpg",
            "url": "https://darwin.v7labs.com/api/v2/teams/smart-agriculture/uploads/19d13bfb-7015-4607-81c1-d2225b69db30"
          }
        ]
      }
    ]
  },
  "annotations": [
    {
      "bounding_box": {
        "h": 166.257,
        "w": 111.9553,
        "x": 330.0559,
        "y": 24.8045
      },
      "id": "58e5ed3c-b121-4113-b549-ee4acf65664d",
      "name": "walking_running",
      "properties": [],
      "slot_names": [
        "0"
      ]
    }
  ],
  "properties": []
}