{
  "version": "2.0",
  "schema_ref": "https://darwin-public.s3.eu-west-1.amazonaws.com/darwin_json/2.0/schema.json",
  "item": {
    "name": "000000408696_sitting.jpg",
    "path": "/",
    "source_info": {
      "item_id": "0195ee46-09bf-006d-0884-81d43456d32e",
      "dataset": {
        "name": "DMDL-ASS1",
        "slug": "dmdl-ass1",
        "dataset_management_url": "https://darwin.v7labs.com/datasets/1669395/dataset-management"
      },
      "team": {
        "name": "Smart Agriculture ",
        "slug": "smart-agriculture"
      },
      "workview_url": "https://darwin.v7labs.com/workview?dataset=1669395&item=0195ee46-09bf-006d-0884-81d43456d32e"
    },
    "slots": [
      {
        "type": "image",
        "slot_name": "0",
        "width": 640,
        "height": 480,
        "thumbnail_url": "https://darwin.v7labs.com/api/v2/teams/smart-agriculture/files/f68aa816-0c0f-4ef8-b9cf-4f9cf26c6a18/thumbnail",
        "source_files": [
          {
            "file_name": "000000408696_sitting.jpg",
            "url": "https://darwin.v7labs.com/api/v2/teams/smart-agriculture/uploads/8002c16f-ce82-4289-b630-340727541d85"
          }
        ]
      }
    ]
  },
  "annotations": [
    {
      "bounding_box": {
        "h": 410.2793,
        "w": 217.8771,
        "x": 264.3575,
        "y": 44.9162
      },
      "id": "813ca7db-9df2-4cc8-9833-1fe62dcd8eea",
      "name": "sitting",
      "properties": [],
      "slot_names": [
        "0"
      ]
    }
  ],
  "properties": []
}