{
  "version": "2.0",
  "schema_ref": "https://darwin-public.s3.eu-west-1.amazonaws.com/darwin_json/2.0/schema.json",
  "item": {
    "name": "000000163257_standing.jpg",
    "path": "/",
    "source_info": {
      "item_id": "0195ee46-09b1-5f62-064f-04a730732f56",
      "dataset": {
        "name": "DMDL-ASS1",
        "slug": "dmdl-ass1",
        "dataset_management_url": "https://darwin.v7labs.com/datasets/1669395/dataset-management"
      },
      "team": {
        "name": "Smart Agriculture ",
        "slug": "smart-agriculture"
      },
      "workview_url": "https://darwin.v7labs.com/workview?dataset=1669395&item=0195ee46-09b1-5f62-064f-04a730732f56"
    },
    "slots": [
      {
        "type": "image",
        "slot_name": "0",
        "width": 425,
        "height": 640,
        "thumbnail_url": "https://darwin.v7labs.com/api/v2/teams/smart-agriculture/files/0fe67ab2-8e43-44b0-b568-69135705c47e/thumbnail",
        "source_files": [
          {
            "file_name": "000000163257_standing.jpg",
            "url": "https://darwin.v7labs.com/api/v2/teams/smart-agriculture/uploads/9b09eee5-1431-47b3-aa79-e80d37715839"
          }
        ]
      }
    ]
  },
  "annotations": [
    {
      "bounding_box": {
        "h": 626.5922,
        "w": 261.0056,
        "x": 75.7402,
        "y": 1.7877
      },
      "id": "fe998582-1a97-4021-ba4a-c9fce1233378",
      "name": "standing",
      "properties": [],
      "slot_names": [
        "0"
      ]
    }
  ],
  "properties": []
}